{"days_since_last_fight": {"lo": 0.0, "hi": 2327.75900000004}, "opp_days_since_last_fight": {"lo": 0.0, "hi": 2327.75900000004}, "fights_before": {"lo": 0.0, "hi": 29.179000000001906}, "opp_fights_before": {"lo": 0.0, "hi": 29.179000000001906}}