oof_xgb_raw,oof_xgb_cal,y
0.0,0.36295681063122925,0
0.0,0.36295681063122925,0
0.0,0.36295681063122925,0
0.0,0.36295681063122925,0
0.0,0.36295681063122925,0
0.0,0.36295681063122925,1
0.0,0.36295681063122925,0
0.0,0.36295681063122925,1
0.0,0.36295681063122925,0
0.0,0.36295681063122925,1
0.0,0.36295681063122925,0
0.0,0.36295681063122925,0
0.0,0.36295681063122925,0
0.0,0.36295681063122925,1
0.0,0.36295681063122925,0
0.0,0.36295681063122925,1
0.0,0.36295681063122925,1
0.0,0.36295681063122925,1
0.0,0.36295681063122925,0
0.0,0.36295681063122925,1
0.0,0.36295681063122925,1
0.0,0.36295681063122925,1
0.0,0.36295681063122925,0
0.0,0.36295681063122925,1
0.0,0.36295681063122925,0
0.0,0.36295681063122925,1
0.0,0.36295681063122925,0
0.0,0.36295681063122925,1
0.0,0.36295681063122925,1
0.0,0.36295681063122925,1
0.0,0.36295681063122925,0
0.0,0.36295681063122925,0
0.0,0.36295681063122925,1
0.0,0.36295681063122925,0
0.0,0.36295681063122925,1
0.0,0.36295681063122925,1
0.0,0.36295681063122925,0
0.0,0.36295681063122925,1
0.0,0.36295681063122925,1
0.0,0.36295681063122925,1
0.0,0.36295681063122925,0
0.0,0.36295681063122925,0
0.0,0.36295681063122925,1
0.0,0.36295681063122925,0
0.0,0.36295681063122925,1
0.0,0.36295681063122925,0
0.0,0.36295681063122925,0
0.0,0.36295681063122925,1
0.0,0.36295681063122925,1
0.0,0.36295681063122925,0
0.0,0.36295681063122925,1
0.0,0.36295681063122925,1
0.0,0.36295681063122925,1
0.0,0.36295681063122925,1
0.0,0.36295681063122925,0
0.0,0.36295681063122925,1
0.0,0.36295681063122925,1
0.0,0.36295681063122925,0
0.0,0.36295681063122925,0
0.0,0.36295681063122925,1
0.0,0.36295681063122925,0
0.0,0.36295681063122925,0
0.0,0.36295681063122925,0
0.0,0.36295681063122925,1
0.0,0.36295681063122925,0
0.0,0.36295681063122925,1
0.0,0.36295681063122925,0
0.0,0.36295681063122925,0
0.0,0.36295681063122925,1
0.0,0.36295681063122925,0
0.0,0.36295681063122925,0
0.0,0.36295681063122925,1
0.0,0.36295681063122925,1
0.0,0.36295681063122925,0
0.0,0.36295681063122925,0
0.0,0.36295681063122925,0
0.0,0.36295681063122925,1
0.0,0.36295681063122925,1
0.0,0.36295681063122925,1
0.0,0.36295681063122925,0
0.0,0.36295681063122925,1
0.0,0.36295681063122925,1
0.0,0.36295681063122925,1
0.0,0.36295681063122925,1
0.0,0.36295681063122925,1
0.0,0.36295681063122925,0
0.0,0.36295681063122925,1
0.0,0.36295681063122925,0
0.0,0.36295681063122925,0
0.0,0.36295681063122925,0
0.0,0.36295681063122925,0
0.0,0.36295681063122925,1
0.0,0.36295681063122925,0
0.0,0.36295681063122925,1
0.0,0.36295681063122925,1
0.0,0.36295681063122925,0
0.0,0.36295681063122925,1
0.0,0.36295681063122925,1
0.0,0.36295681063122925,0
0.0,0.36295681063122925,1
0.0,0.36295681063122925,1
0.0,0.36295681063122925,1
0.0,0.36295681063122925,1
0.0,0.36295681063122925,0
0.0,0.36295681063122925,0
0.0,0.36295681063122925,1
0.0,0.36295681063122925,0
0.0,0.36295681063122925,1
0.0,0.36295681063122925,1
0.0,0.36295681063122925,0
0.0,0.36295681063122925,1
0.0,0.36295681063122925,1
0.0,0.36295681063122925,1
0.0,0.36295681063122925,0
0.0,0.36295681063122925,0
0.0,0.36295681063122925,1
0.0,0.36295681063122925,0
0.0,0.36295681063122925,1
0.0,0.36295681063122925,0
0.0,0.36295681063122925,0
0.0,0.36295681063122925,1
0.0,0.36295681063122925,1
0.0,0.36295681063122925,0
0.0,0.36295681063122925,1
0.0,0.36295681063122925,1
0.0,0.36295681063122925,1
0.0,0.36295681063122925,0
0.0,0.36295681063122925,0
0.0,0.36295681063122925,1
0.0,0.36295681063122925,1
0.0,0.36295681063122925,0
0.0,0.36295681063122925,0
0.0,0.36295681063122925,1
0.0,0.36295681063122925,0
0.0,0.36295681063122925,0
0.0,0.36295681063122925,0
0.0,0.36295681063122925,0
0.0,0.36295681063122925,1
0.0,0.36295681063122925,1
0.0,0.36295681063122925,1
0.0,0.36295681063122925,1
0.0,0.36295681063122925,1
0.0,0.36295681063122925,0
0.0,0.36295681063122925,0
0.0,0.36295681063122925,0
0.0,0.36295681063122925,0
0.0,0.36295681063122925,1
0.0,0.36295681063122925,1
0.0,0.36295681063122925,1
0.0,0.36295681063122925,0
0.0,0.36295681063122925,0
0.0,0.36295681063122925,0
0.0,0.36295681063122925,1
0.0,0.36295681063122925,0
0.0,0.36295681063122925,1
0.0,0.36295681063122925,1
0.0,0.36295681063122925,1
0.0,0.36295681063122925,1
0.0,0.36295681063122925,1
0.0,0.36295681063122925,1
0.0,0.36295681063122925,0
0.0,0.36295681063122925,0
0.0,0.36295681063122925,1
0.0,0.36295681063122925,0
0.0,0.36295681063122925,1
0.0,0.36295681063122925,1
0.0,0.36295681063122925,1
0.0,0.36295681063122925,1
0.0,0.36295681063122925,0
0.0,0.36295681063122925,1
0.0,0.36295681063122925,1
0.0,0.36295681063122925,1
0.0,0.36295681063122925,0
0.0,0.36295681063122925,0
0.0,0.36295681063122925,1
0.0,0.36295681063122925,1
0.0,0.36295681063122925,0
0.0,0.36295681063122925,0
0.0,0.36295681063122925,1
0.0,0.36295681063122925,1
0.0,0.36295681063122925,0
0.0,0.36295681063122925,1
0.0,0.36295681063122925,1
0.0,0.36295681063122925,0
0.0,0.36295681063122925,1
0.0,0.36295681063122925,1
0.0,0.36295681063122925,0
0.0,0.36295681063122925,0
0.0,0.36295681063122925,1
0.0,0.36295681063122925,1
0.0,0.36295681063122925,0
0.0,0.36295681063122925,0
0.0,0.36295681063122925,0
0.0,0.36295681063122925,0
0.0,0.36295681063122925,1
0.0,0.36295681063122925,0
0.0,0.36295681063122925,1
0.0,0.36295681063122925,0
0.0,0.36295681063122925,0
0.0,0.36295681063122925,0
0.0,0.36295681063122925,1
0.0,0.36295681063122925,0
0.0,0.36295681063122925,0
0.0,0.36295681063122925,1
0.0,0.36295681063122925,0
0.0,0.36295681063122925,1
0.0,0.36295681063122925,0
0.0,0.36295681063122925,1
0.0,0.36295681063122925,1
0.0,0.36295681063122925,1
0.0,0.36295681063122925,0
0.0,0.36295681063122925,0
0.0,0.36295681063122925,0
0.0,0.36295681063122925,0
0.0,0.36295681063122925,0
0.0,0.36295681063122925,0
0.0,0.36295681063122925,1
0.0,0.36295681063122925,0
0.0,0.36295681063122925,1
0.0,0.36295681063122925,1
0.0,0.36295681063122925,1
0.0,0.36295681063122925,1
0.0,0.36295681063122925,0
0.0,0.36295681063122925,0
0.0,0.36295681063122925,0
0.0,0.36295681063122925,1
0.0,0.36295681063122925,1
0.0,0.36295681063122925,0
0.0,0.36295681063122925,0
0.0,0.36295681063122925,1
0.0,0.36295681063122925,0
0.0,0.36295681063122925,0
0.0,0.36295681063122925,1
0.0,0.36295681063122925,1
0.0,0.36295681063122925,1
0.0,0.36295681063122925,1
0.0,0.36295681063122925,0
0.0,0.36295681063122925,0
0.0,0.36295681063122925,0
0.0,0.36295681063122925,0
0.0,0.36295681063122925,1
0.0,0.36295681063122925,0
0.0,0.36295681063122925,1
0.0,0.36295681063122925,1
0.0,0.36295681063122925,0
0.0,0.36295681063122925,1
0.0,0.36295681063122925,0
0.0,0.36295681063122925,1
0.0,0.36295681063122925,0
0.0,0.36295681063122925,1
0.0,0.36295681063122925,0
0.0,0.36295681063122925,0
0.0,0.36295681063122925,0
0.0,0.36295681063122925,0
0.0,0.36295681063122925,1
0.0,0.36295681063122925,1
0.0,0.36295681063122925,0
0.0,0.36295681063122925,1
0.0,0.36295681063122925,0
0.0,0.36295681063122925,1
0.0,0.36295681063122925,1
0.0,0.36295681063122925,1
0.0,0.36295681063122925,0
0.0,0.36295681063122925,1
0.0,0.36295681063122925,0
0.0,0.36295681063122925,0
0.0,0.36295681063122925,1
0.0,0.36295681063122925,0
0.0,0.36295681063122925,0
0.0,0.36295681063122925,0
0.0,0.36295681063122925,1
0.0,0.36295681063122925,1
0.0,0.36295681063122925,1
0.0,0.36295681063122925,0
0.0,0.36295681063122925,1
0.0,0.36295681063122925,1
0.0,0.36295681063122925,1
0.0,0.36295681063122925,1
0.0,0.36295681063122925,0
0.0,0.36295681063122925,1
0.0,0.36295681063122925,1
0.0,0.36295681063122925,0
0.0,0.36295681063122925,0
0.0,0.36295681063122925,0
0.0,0.36295681063122925,1
0.0,0.36295681063122925,1
0.0,0.36295681063122925,0
0.0,0.36295681063122925,1
0.0,0.36295681063122925,1
0.0,0.36295681063122925,1
0.0,0.36295681063122925,1
0.0,0.36295681063122925,1
0.0,0.36295681063122925,1
0.0,0.36295681063122925,0
0.0,0.36295681063122925,0
0.0,0.36295681063122925,0
0.0,0.36295681063122925,0
0.0,0.36295681063122925,0
0.0,0.36295681063122925,0
0.0,0.36295681063122925,1
0.0,0.36295681063122925,0
0.0,0.36295681063122925,0
0.0,0.36295681063122925,1
0.0,0.36295681063122925,0
0.0,0.36295681063122925,1
0.0,0.36295681063122925,0
0.0,0.36295681063122925,0
0.0,0.36295681063122925,1
0.0,0.36295681063122925,0
0.0,0.36295681063122925,1
0.0,0.36295681063122925,0
0.0,0.36295681063122925,1
0.0,0.36295681063122925,0
0.0,0.36295681063122925,1
0.0,0.36295681063122925,0
0.0,0.36295681063122925,1
0.0,0.36295681063122925,1
0.0,0.36295681063122925,0
0.0,0.36295681063122925,1
0.0,0.36295681063122925,1
0.0,0.36295681063122925,1
0.0,0.36295681063122925,1
0.0,0.36295681063122925,1
0.0,0.36295681063122925,1
0.0,0.36295681063122925,0
0.0,0.36295681063122925,1
0.0,0.36295681063122925,0
0.0,0.36295681063122925,0
0.0,0.36295681063122925,1
0.0,0.36295681063122925,1
0.0,0.36295681063122925,0
0.0,0.36295681063122925,0
0.0,0.36295681063122925,0
0.0,0.36295681063122925,1
0.0,0.36295681063122925,1
0.0,0.36295681063122925,0
0.0,0.36295681063122925,1
0.0,0.36295681063122925,0
0.0,0.36295681063122925,1
0.0,0.36295681063122925,0
0.0,0.36295681063122925,1
0.0,0.36295681063122925,1
0.0,0.36295681063122925,1
0.0,0.36295681063122925,1
0.0,0.36295681063122925,1
0.0,0.36295681063122925,1
0.0,0.36295681063122925,1
0.0,0.36295681063122925,1
0.0,0.36295681063122925,1
0.0,0.36295681063122925,1
0.0,0.36295681063122925,1
0.0,0.36295681063122925,1
0.0,0.36295681063122925,1
0.0,0.36295681063122925,0
0.0,0.36295681063122925,1
0.0,0.36295681063122925,0
0.0,0.36295681063122925,1
0.0,0.36295681063122925,0
0.0,0.36295681063122925,0
0.0,0.36295681063122925,1
0.0,0.36295681063122925,1
0.0,0.36295681063122925,0
0.0,0.36295681063122925,0
0.0,0.36295681063122925,1
0.0,0.36295681063122925,0
0.0,0.36295681063122925,0
0.0,0.36295681063122925,1
0.0,0.36295681063122925,1
0.0,0.36295681063122925,1
0.0,0.36295681063122925,1
0.0,0.36295681063122925,0
0.0,0.36295681063122925,1
0.0,0.36295681063122925,1
0.0,0.36295681063122925,1
0.0,0.36295681063122925,0
0.0,0.36295681063122925,1
0.0,0.36295681063122925,0
0.0,0.36295681063122925,1
0.0,0.36295681063122925,1
0.0,0.36295681063122925,1
0.0,0.36295681063122925,0
0.0,0.36295681063122925,1
0.0,0.36295681063122925,1
0.0,0.36295681063122925,1
0.0,0.36295681063122925,0
0.0,0.36295681063122925,0
0.0,0.36295681063122925,0
0.0,0.36295681063122925,0
0.0,0.36295681063122925,0
0.0,0.36295681063122925,1
0.0,0.36295681063122925,1
0.0,0.36295681063122925,1
0.0,0.36295681063122925,0
0.0,0.36295681063122925,0
0.0,0.36295681063122925,1
0.0,0.36295681063122925,0
0.0,0.36295681063122925,1
0.0,0.36295681063122925,0
0.0,0.36295681063122925,0
0.0,0.36295681063122925,1
0.0,0.36295681063122925,0
0.0,0.36295681063122925,1
0.0,0.36295681063122925,1
0.0,0.36295681063122925,1
0.0,0.36295681063122925,1
0.0,0.36295681063122925,0
0.0,0.36295681063122925,1
0.0,0.36295681063122925,1
0.0,0.36295681063122925,0
0.0,0.36295681063122925,0
0.0,0.36295681063122925,1
0.0,0.36295681063122925,1
0.0,0.36295681063122925,0
0.0,0.36295681063122925,1
0.0,0.36295681063122925,1
0.0,0.36295681063122925,1
0.0,0.36295681063122925,1
0.0,0.36295681063122925,1
0.0,0.36295681063122925,1
0.0,0.36295681063122925,0
0.0,0.36295681063122925,0
0.0,0.36295681063122925,1
0.0,0.36295681063122925,1
0.0,0.36295681063122925,0
0.0,0.36295681063122925,1
0.0,0.36295681063122925,1
0.0,0.36295681063122925,1
0.0,0.36295681063122925,1
0.0,0.36295681063122925,1
0.0,0.36295681063122925,0
0.0,0.36295681063122925,1
0.0,0.36295681063122925,0
0.0,0.36295681063122925,1
0.0,0.36295681063122925,1
0.0,0.36295681063122925,0
0.0,0.36295681063122925,0
0.0,0.36295681063122925,1
0.0,0.36295681063122925,0
0.0,0.36295681063122925,0
0.0,0.36295681063122925,0
0.0,0.36295681063122925,1
0.0,0.36295681063122925,0
0.0,0.36295681063122925,0
0.0,0.36295681063122925,0
0.0,0.36295681063122925,0
0.0,0.36295681063122925,1
0.0,0.36295681063122925,0
0.0,0.36295681063122925,0
0.0,0.36295681063122925,1
0.0,0.36295681063122925,0
0.0,0.36295681063122925,1
0.0,0.36295681063122925,0
0.0,0.36295681063122925,0
0.0,0.36295681063122925,0
0.0,0.36295681063122925,1
0.0,0.36295681063122925,1
0.0,0.36295681063122925,1
0.0,0.36295681063122925,1
0.0,0.36295681063122925,0
0.0,0.36295681063122925,1
0.0,0.36295681063122925,1
0.0,0.36295681063122925,1
0.0,0.36295681063122925,1
0.0,0.36295681063122925,1
0.0,0.36295681063122925,1
0.0,0.36295681063122925,1
0.0,0.36295681063122925,1
0.0,0.36295681063122925,1
0.0,0.36295681063122925,1
0.0,0.36295681063122925,1
0.0,0.36295681063122925,1
0.0,0.36295681063122925,1
0.0,0.36295681063122925,1
0.0,0.36295681063122925,1
0.0,0.36295681063122925,0
0.0,0.36295681063122925,0
0.0,0.36295681063122925,1
0.0,0.36295681063122925,0
0.0,0.36295681063122925,1
0.0,0.36295681063122925,1
0.0,0.36295681063122925,0
0.0,0.36295681063122925,1
0.0,0.36295681063122925,1
0.0,0.36295681063122925,0
0.0,0.36295681063122925,1
0.0,0.36295681063122925,0
0.0,0.36295681063122925,0
0.0,0.36295681063122925,0
0.0,0.36295681063122925,0
0.0,0.36295681063122925,1
0.0,0.36295681063122925,1
0.0,0.36295681063122925,1
0.0,0.36295681063122925,1
0.0,0.36295681063122925,1
0.0,0.36295681063122925,1
0.0,0.36295681063122925,1
0.0,0.36295681063122925,1
0.0,0.36295681063122925,1
0.0,0.36295681063122925,1
0.0,0.36295681063122925,1
0.0,0.36295681063122925,1
0.0,0.36295681063122925,1
0.0,0.36295681063122925,1
0.0,0.36295681063122925,1
0.0,0.36295681063122925,1
0.0,0.36295681063122925,1
0.0,0.36295681063122925,0
0.0,0.36295681063122925,0
0.0,0.36295681063122925,0
0.0,0.36295681063122925,0
0.0,0.36295681063122925,1
0.0,0.36295681063122925,0
0.0,0.36295681063122925,0
0.0,0.36295681063122925,0
0.0,0.36295681063122925,1
0.0,0.36295681063122925,0
0.0,0.36295681063122925,1
0.0,0.36295681063122925,0
0.0,0.36295681063122925,1
0.0,0.36295681063122925,1
0.0,0.36295681063122925,1
0.0,0.36295681063122925,0
0.0,0.36295681063122925,1
0.0,0.36295681063122925,0
0.0,0.36295681063122925,1
0.0,0.36295681063122925,0
0.0,0.36295681063122925,1
0.0,0.36295681063122925,0
0.0,0.36295681063122925,1
0.0,0.36295681063122925,1
0.0,0.36295681063122925,0
0.0,0.36295681063122925,1
0.0,0.36295681063122925,1
0.0,0.36295681063122925,0
0.0,0.36295681063122925,1
0.0,0.36295681063122925,0
0.0,0.36295681063122925,0
0.0,0.36295681063122925,0
0.0,0.36295681063122925,1
0.0,0.36295681063122925,1
0.0,0.36295681063122925,0
0.0,0.36295681063122925,0
0.0,0.36295681063122925,1
0.0,0.36295681063122925,0
0.0,0.36295681063122925,1
0.0,0.36295681063122925,0
0.0,0.36295681063122925,0
0.0,0.36295681063122925,1
0.0,0.36295681063122925,1
0.0,0.36295681063122925,0
0.0,0.36295681063122925,0
0.0,0.36295681063122925,0
0.0,0.36295681063122925,1
0.0,0.36295681063122925,1
0.0,0.36295681063122925,1
0.0,0.36295681063122925,0
0.0,0.36295681063122925,0
0.0,0.36295681063122925,0
0.0,0.36295681063122925,0
0.0,0.36295681063122925,0
0.0,0.36295681063122925,0
0.0,0.36295681063122925,1
0.0,0.36295681063122925,1
0.0,0.36295681063122925,1
0.0,0.36295681063122925,0
0.0,0.36295681063122925,0
0.0,0.36295681063122925,1
0.0,0.36295681063122925,1
0.0,0.36295681063122925,1
0.0,0.36295681063122925,1
0.0,0.36295681063122925,1
0.0,0.36295681063122925,1
0.0,0.36295681063122925,1
0.0,0.36295681063122925,0
0.0,0.36295681063122925,0
0.0,0.36295681063122925,0
0.0,0.36295681063122925,0
0.0,0.36295681063122925,0
0.0,0.36295681063122925,1
0.0,0.36295681063122925,1
0.0,0.36295681063122925,0
0.0,0.36295681063122925,0
0.0,0.36295681063122925,0
0.0,0.36295681063122925,1
0.0,0.36295681063122925,0
0.0,0.36295681063122925,1
0.0,0.36295681063122925,1
0.0,0.36295681063122925,1
0.0,0.36295681063122925,1
0.0,0.36295681063122925,0
0.0,0.36295681063122925,1
0.0,0.36295681063122925,0
0.0,0.36295681063122925,0
0.0,0.36295681063122925,0
0.0,0.36295681063122925,1
0.0,0.36295681063122925,1
0.0,0.36295681063122925,0
0.0,0.36295681063122925,0
0.0,0.36295681063122925,1
0.0,0.36295681063122925,0
0.0,0.36295681063122925,1
0.0,0.36295681063122925,1
0.0,0.36295681063122925,0
0.0,0.36295681063122925,1
0.0,0.36295681063122925,0
0.0,0.36295681063122925,0
0.0,0.36295681063122925,0
0.0,0.36295681063122925,0
0.0,0.36295681063122925,1
0.0,0.36295681063122925,0
0.0,0.36295681063122925,0
0.0,0.36295681063122925,0
0.0,0.36295681063122925,0
0.0,0.36295681063122925,0
0.0,0.36295681063122925,0
0.0,0.36295681063122925,0
0.0,0.36295681063122925,0
0.0,0.36295681063122925,1
0.0,0.36295681063122925,0
0.0,0.36295681063122925,0
0.0,0.36295681063122925,1
0.0,0.36295681063122925,0
0.0,0.36295681063122925,1
0.0,0.36295681063122925,1
0.0,0.36295681063122925,1
0.0,0.36295681063122925,0
0.0,0.36295681063122925,0
0.0,0.36295681063122925,0
0.0,0.36295681063122925,0
0.0,0.36295681063122925,0
0.0,0.36295681063122925,0
0.0,0.36295681063122925,0
0.0,0.36295681063122925,1
0.0,0.36295681063122925,0
0.0,0.36295681063122925,1
0.0,0.36295681063122925,0
0.0,0.36295681063122925,0
0.0,0.36295681063122925,0
0.0,0.36295681063122925,0
0.0,0.36295681063122925,1
0.0,0.36295681063122925,0
0.0,0.36295681063122925,1
0.0,0.36295681063122925,0
0.0,0.36295681063122925,1
0.0,0.36295681063122925,0
0.0,0.36295681063122925,0
0.0,0.36295681063122925,0
0.0,0.36295681063122925,0
0.0,0.36295681063122925,0
0.0,0.36295681063122925,1
0.0,0.36295681063122925,0
0.0,0.36295681063122925,0
0.0,0.36295681063122925,0
0.0,0.36295681063122925,1
0.0,0.36295681063122925,0
0.0,0.36295681063122925,1
0.0,0.36295681063122925,0
0.0,0.36295681063122925,1
0.0,0.36295681063122925,1
0.0,0.36295681063122925,0
0.0,0.36295681063122925,1
0.0,0.36295681063122925,1
0.0,0.36295681063122925,0
0.0,0.36295681063122925,1
0.0,0.36295681063122925,1
0.0,0.36295681063122925,1
0.0,0.36295681063122925,0
0.0,0.36295681063122925,1
0.0,0.36295681063122925,1
0.0,0.36295681063122925,1
0.0,0.36295681063122925,0
0.0,0.36295681063122925,0
0.0,0.36295681063122925,0
0.0,0.36295681063122925,0
0.0,0.36295681063122925,1
0.0,0.36295681063122925,0
0.0,0.36295681063122925,1
0.0,0.36295681063122925,0
0.0,0.36295681063122925,1
0.0,0.36295681063122925,0
0.0,0.36295681063122925,0
0.0,0.36295681063122925,0
0.0,0.36295681063122925,0
0.0,0.36295681063122925,0
0.0,0.36295681063122925,1
0.0,0.36295681063122925,1
0.0,0.36295681063122925,1
0.0,0.36295681063122925,0
0.0,0.36295681063122925,1
0.0,0.36295681063122925,0
0.0,0.36295681063122925,1
0.0,0.36295681063122925,0
0.0,0.36295681063122925,0
0.0,0.36295681063122925,1
0.0,0.36295681063122925,1
0.0,0.36295681063122925,1
0.0,0.36295681063122925,1
0.0,0.36295681063122925,1
0.0,0.36295681063122925,0
0.0,0.36295681063122925,0
0.0,0.36295681063122925,0
0.0,0.36295681063122925,1
0.0,0.36295681063122925,0
0.0,0.36295681063122925,1
0.0,0.36295681063122925,0
0.0,0.36295681063122925,1
0.0,0.36295681063122925,0
0.0,0.36295681063122925,1
0.0,0.36295681063122925,0
0.0,0.36295681063122925,0
0.0,0.36295681063122925,1
0.0,0.36295681063122925,1
0.0,0.36295681063122925,0
0.0,0.36295681063122925,0
0.0,0.36295681063122925,1
0.0,0.36295681063122925,0
0.0,0.36295681063122925,1
0.0,0.36295681063122925,1
0.0,0.36295681063122925,1
0.0,0.36295681063122925,0
0.0,0.36295681063122925,1
0.0,0.36295681063122925,1
0.0,0.36295681063122925,1
0.0,0.36295681063122925,1
0.0,0.36295681063122925,0
0.0,0.36295681063122925,1
0.0,0.36295681063122925,0
0.0,0.36295681063122925,0
0.0,0.36295681063122925,1
0.0,0.36295681063122925,1
0.0,0.36295681063122925,1
0.0,0.36295681063122925,0
0.0,0.36295681063122925,1
0.0,0.36295681063122925,1
0.0,0.36295681063122925,1
0.0,0.36295681063122925,0
0.0,0.36295681063122925,1
0.0,0.36295681063122925,0
0.0,0.36295681063122925,0
0.0,0.36295681063122925,1
0.0,0.36295681063122925,1
0.0,0.36295681063122925,0
0.0,0.36295681063122925,0
0.0,0.36295681063122925,1
0.0,0.36295681063122925,0
0.0,0.36295681063122925,1
0.0,0.36295681063122925,0
0.0,0.36295681063122925,0
0.0,0.36295681063122925,1
0.0,0.36295681063122925,1
0.0,0.36295681063122925,1
0.0,0.36295681063122925,0
0.0,0.36295681063122925,0
0.0,0.36295681063122925,0
0.0,0.36295681063122925,1
0.0,0.36295681063122925,0
0.0,0.36295681063122925,1
0.0,0.36295681063122925,0
0.0,0.36295681063122925,0
0.0,0.36295681063122925,1
0.0,0.36295681063122925,0
0.0,0.36295681063122925,0
0.0,0.36295681063122925,1
0.0,0.36295681063122925,0
0.0,0.36295681063122925,1
0.0,0.36295681063122925,0
0.0,0.36295681063122925,1
0.0,0.36295681063122925,1
0.0,0.36295681063122925,1
0.0,0.36295681063122925,1
0.0,0.36295681063122925,1
0.0,0.36295681063122925,0
0.0,0.36295681063122925,0
0.0,0.36295681063122925,0
0.0,0.36295681063122925,1
0.0,0.36295681063122925,1
0.0,0.36295681063122925,0
0.0,0.36295681063122925,0
0.0,0.36295681063122925,0
0.0,0.36295681063122925,0
0.0,0.36295681063122925,0
0.0,0.36295681063122925,1
0.0,0.36295681063122925,1
0.0,0.36295681063122925,0
0.0,0.36295681063122925,1
0.0,0.36295681063122925,0
0.0,0.36295681063122925,1
0.0,0.36295681063122925,0
0.0,0.36295681063122925,1
0.0,0.36295681063122925,0
0.0,0.36295681063122925,0
0.0,0.36295681063122925,0
0.0,0.36295681063122925,0
0.0,0.36295681063122925,1
0.0,0.36295681063122925,1
0.0,0.36295681063122925,0
0.0,0.36295681063122925,0
0.0,0.36295681063122925,0
0.0,0.36295681063122925,1
0.0,0.36295681063122925,0
0.0,0.36295681063122925,0
0.0,0.36295681063122925,0
0.0,0.36295681063122925,1
0.0,0.36295681063122925,0
0.0,0.36295681063122925,0
0.0,0.36295681063122925,0
0.0,0.36295681063122925,0
0.0,0.36295681063122925,1
0.0,0.36295681063122925,1
0.0,0.36295681063122925,0
0.0,0.36295681063122925,1
0.0,0.36295681063122925,0
0.0,0.36295681063122925,1
0.0,0.36295681063122925,1
0.0,0.36295681063122925,0
0.0,0.36295681063122925,1
0.0,0.36295681063122925,1
0.0,0.36295681063122925,1
0.0,0.36295681063122925,1
0.0,0.36295681063122925,1
0.0,0.36295681063122925,1
0.0,0.36295681063122925,1
0.0,0.36295681063122925,1
0.0,0.36295681063122925,1
0.0,0.36295681063122925,0
0.0,0.36295681063122925,1
0.0,0.36295681063122925,1
0.0,0.36295681063122925,0
0.0,0.36295681063122925,0
0.0,0.36295681063122925,0
0.0,0.36295681063122925,0
0.0,0.36295681063122925,0
0.0,0.36295681063122925,0
0.0,0.36295681063122925,1
0.0,0.36295681063122925,1
0.0,0.36295681063122925,0
0.0,0.36295681063122925,0
0.0,0.36295681063122925,1
0.0,0.36295681063122925,0
0.0,0.36295681063122925,0
0.0,0.36295681063122925,0
0.0,0.36295681063122925,0
0.0,0.36295681063122925,1
0.0,0.36295681063122925,1
0.0,0.36295681063122925,0
0.0,0.36295681063122925,0
0.0,0.36295681063122925,1
0.0,0.36295681063122925,1
0.0,0.36295681063122925,1
0.0,0.36295681063122925,1
0.0,0.36295681063122925,1
0.0,0.36295681063122925,1
0.0,0.36295681063122925,0
0.0,0.36295681063122925,1
0.0,0.36295681063122925,0
0.0,0.36295681063122925,0
0.0,0.36295681063122925,0
0.0,0.36295681063122925,0
0.0,0.36295681063122925,1
0.0,0.36295681063122925,0
0.0,0.36295681063122925,1
0.0,0.36295681063122925,0
0.0,0.36295681063122925,0
0.0,0.36295681063122925,1
0.0,0.36295681063122925,1
0.0,0.36295681063122925,1
0.0,0.36295681063122925,1
0.0,0.36295681063122925,0
0.0,0.36295681063122925,0
0.0,0.36295681063122925,0
0.0,0.36295681063122925,1
0.0,0.36295681063122925,0
0.0,0.36295681063122925,0
0.0,0.36295681063122925,1
0.0,0.36295681063122925,0
0.0,0.36295681063122925,1
0.0,0.36295681063122925,0
0.0,0.36295681063122925,0
0.0,0.36295681063122925,0
0.0,0.36295681063122925,0
0.0,0.36295681063122925,0
0.0,0.36295681063122925,0
0.0,0.36295681063122925,1
0.0,0.36295681063122925,1
0.0,0.36295681063122925,0
0.0,0.36295681063122925,1
0.0,0.36295681063122925,1
0.0,0.36295681063122925,0
0.0,0.36295681063122925,0
0.0,0.36295681063122925,1
0.0,0.36295681063122925,0
0.0,0.36295681063122925,0
0.0,0.36295681063122925,0
0.0,0.36295681063122925,0
0.0,0.36295681063122925,0
0.0,0.36295681063122925,0
0.0,0.36295681063122925,1
0.0,0.36295681063122925,0
0.0,0.36295681063122925,0
0.0,0.36295681063122925,1
0.0,0.36295681063122925,1
0.0,0.36295681063122925,1
0.0,0.36295681063122925,0
0.0,0.36295681063122925,0
0.0,0.36295681063122925,0
0.0,0.36295681063122925,1
0.0,0.36295681063122925,1
0.0,0.36295681063122925,1
0.0,0.36295681063122925,1
0.0,0.36295681063122925,1
0.0,0.36295681063122925,0
0.0,0.36295681063122925,0
0.0,0.36295681063122925,0
0.0,0.36295681063122925,0
0.0,0.36295681063122925,0
0.0,0.36295681063122925,1
0.0,0.36295681063122925,0
0.0,0.36295681063122925,1
0.0,0.36295681063122925,1
0.0,0.36295681063122925,1
0.0,0.36295681063122925,1
0.0,0.36295681063122925,0
0.0,0.36295681063122925,1
0.0,0.36295681063122925,1
0.0,0.36295681063122925,1
0.0,0.36295681063122925,1
0.0,0.36295681063122925,0
0.0,0.36295681063122925,0
0.0,0.36295681063122925,1
0.0,0.36295681063122925,0
0.0,0.36295681063122925,0
0.0,0.36295681063122925,1
0.0,0.36295681063122925,1
0.0,0.36295681063122925,0
0.0,0.36295681063122925,1
0.0,0.36295681063122925,1
0.0,0.36295681063122925,0
0.0,0.36295681063122925,0
0.0,0.36295681063122925,0
0.0,0.36295681063122925,1
0.0,0.36295681063122925,0
0.0,0.36295681063122925,1
0.0,0.36295681063122925,0
0.0,0.36295681063122925,1
0.0,0.36295681063122925,1
0.0,0.36295681063122925,1
0.0,0.36295681063122925,1
0.0,0.36295681063122925,0
0.0,0.36295681063122925,0
0.0,0.36295681063122925,0
0.0,0.36295681063122925,1
0.0,0.36295681063122925,1
0.0,0.36295681063122925,0
0.0,0.36295681063122925,1
0.0,0.36295681063122925,1
0.0,0.36295681063122925,0
0.0,0.36295681063122925,1
0.0,0.36295681063122925,0
0.0,0.36295681063122925,0
0.0,0.36295681063122925,1
0.0,0.36295681063122925,1
0.0,0.36295681063122925,1
0.0,0.36295681063122925,0
0.0,0.36295681063122925,1
0.0,0.36295681063122925,0
0.0,0.36295681063122925,0
0.0,0.36295681063122925,1
0.0,0.36295681063122925,0
0.0,0.36295681063122925,0
0.0,0.36295681063122925,0
0.0,0.36295681063122925,0
0.0,0.36295681063122925,0
0.0,0.36295681063122925,0
0.0,0.36295681063122925,1
0.0,0.36295681063122925,0
0.0,0.36295681063122925,1
0.0,0.36295681063122925,1
0.0,0.36295681063122925,1
0.0,0.36295681063122925,1
0.0,0.36295681063122925,1
0.0,0.36295681063122925,0
0.0,0.36295681063122925,1
0.0,0.36295681063122925,1
0.0,0.36295681063122925,0
0.0,0.36295681063122925,0
0.0,0.36295681063122925,1
0.0,0.36295681063122925,1
0.0,0.36295681063122925,1
0.0,0.36295681063122925,1
0.0,0.36295681063122925,1
0.0,0.36295681063122925,1
0.0,0.36295681063122925,0
0.0,0.36295681063122925,1
0.0,0.36295681063122925,1
0.0,0.36295681063122925,1
0.0,0.36295681063122925,1
0.0,0.36295681063122925,1
0.0,0.36295681063122925,1
0.0,0.36295681063122925,1
0.0,0.36295681063122925,1
0.0,0.36295681063122925,0
0.0,0.36295681063122925,1
0.0,0.36295681063122925,1
0.0,0.36295681063122925,0
0.0,0.36295681063122925,0
0.0,0.36295681063122925,1
0.0,0.36295681063122925,1
0.0,0.36295681063122925,0
0.0,0.36295681063122925,0
0.0,0.36295681063122925,0
0.0,0.36295681063122925,0
0.0,0.36295681063122925,1
0.0,0.36295681063122925,1
0.0,0.36295681063122925,1
0.0,0.36295681063122925,0
0.0,0.36295681063122925,0
0.0,0.36295681063122925,1
0.0,0.36295681063122925,0
0.0,0.36295681063122925,0
0.0,0.36295681063122925,1
0.0,0.36295681063122925,0
0.0,0.36295681063122925,0
0.0,0.36295681063122925,0
0.0,0.36295681063122925,1
0.0,0.36295681063122925,0
0.0,0.36295681063122925,0
0.0,0.36295681063122925,1
0.0,0.36295681063122925,1
0.0,0.36295681063122925,1
0.0,0.36295681063122925,1
0.0,0.36295681063122925,0
0.0,0.36295681063122925,0
0.0,0.36295681063122925,1
0.0,0.36295681063122925,1
0.0,0.36295681063122925,0
0.0,0.36295681063122925,0
0.0,0.36295681063122925,0
0.0,0.36295681063122925,0
0.0,0.36295681063122925,0
0.0,0.36295681063122925,0
0.0,0.36295681063122925,0
0.0,0.36295681063122925,0
0.0,0.36295681063122925,0
0.0,0.36295681063122925,0
0.0,0.36295681063122925,0
0.0,0.36295681063122925,0
0.0,0.36295681063122925,0
0.0,0.36295681063122925,0
0.0,0.36295681063122925,1
0.0,0.36295681063122925,0
0.0,0.36295681063122925,1
0.0,0.36295681063122925,0
0.0,0.36295681063122925,0
0.0,0.36295681063122925,0
0.0,0.36295681063122925,0
0.0,0.36295681063122925,1
0.0,0.36295681063122925,1
0.0,0.36295681063122925,0
0.0,0.36295681063122925,0
0.0,0.36295681063122925,0
0.0,0.36295681063122925,0
0.0,0.36295681063122925,1
0.0,0.36295681063122925,0
0.0,0.36295681063122925,0
0.0,0.36295681063122925,0
0.0,0.36295681063122925,0
0.0,0.36295681063122925,0
0.0,0.36295681063122925,1
0.0,0.36295681063122925,1
0.0,0.36295681063122925,0
0.0,0.36295681063122925,1
0.0,0.36295681063122925,0
0.0,0.36295681063122925,1
0.0,0.36295681063122925,0
0.0,0.36295681063122925,0
0.0,0.36295681063122925,0
0.0,0.36295681063122925,1
0.0,0.36295681063122925,0
0.0,0.36295681063122925,0
0.0,0.36295681063122925,0
0.0,0.36295681063122925,1
0.0,0.36295681063122925,1
0.0,0.36295681063122925,1
0.0,0.36295681063122925,0
0.0,0.36295681063122925,1
0.0,0.36295681063122925,0
0.0,0.36295681063122925,1
0.0,0.36295681063122925,0
0.0,0.36295681063122925,1
0.0,0.36295681063122925,0
0.0,0.36295681063122925,0
0.0,0.36295681063122925,1
0.0,0.36295681063122925,0
0.0,0.36295681063122925,1
0.0,0.36295681063122925,1
0.0,0.36295681063122925,1
0.0,0.36295681063122925,1
0.0,0.36295681063122925,1
0.0,0.36295681063122925,0
0.0,0.36295681063122925,0
0.0,0.36295681063122925,1
0.0,0.36295681063122925,0
0.0,0.36295681063122925,1
0.0,0.36295681063122925,1
0.0,0.36295681063122925,1
0.0,0.36295681063122925,0
0.0,0.36295681063122925,1
0.0,0.36295681063122925,0
0.0,0.36295681063122925,0
0.0,0.36295681063122925,0
0.0,0.36295681063122925,1
0.0,0.36295681063122925,0
0.0,0.36295681063122925,0
0.0,0.36295681063122925,1
0.0,0.36295681063122925,0
0.0,0.36295681063122925,0
0.0,0.36295681063122925,1
0.0,0.36295681063122925,1
0.0,0.36295681063122925,0
0.0,0.36295681063122925,0
0.0,0.36295681063122925,1
0.0,0.36295681063122925,1
0.0,0.36295681063122925,1
0.0,0.36295681063122925,1
0.0,0.36295681063122925,1
0.0,0.36295681063122925,0
0.0,0.36295681063122925,1
0.0,0.36295681063122925,1
0.0,0.36295681063122925,0
0.0,0.36295681063122925,0
0.0,0.36295681063122925,0
0.0,0.36295681063122925,0
0.0,0.36295681063122925,1
0.0,0.36295681063122925,1
0.0,0.36295681063122925,1
0.0,0.36295681063122925,1
0.0,0.36295681063122925,0
0.0,0.36295681063122925,0
0.0,0.36295681063122925,1
0.0,0.36295681063122925,0
0.0,0.36295681063122925,1
0.0,0.36295681063122925,1
0.0,0.36295681063122925,0
0.0,0.36295681063122925,0
0.0,0.36295681063122925,1
0.0,0.36295681063122925,0
0.0,0.36295681063122925,0
0.0,0.36295681063122925,0
0.0,0.36295681063122925,0
0.0,0.36295681063122925,1
0.0,0.36295681063122925,1
0.0,0.36295681063122925,1
0.0,0.36295681063122925,0
0.0,0.36295681063122925,0
0.0,0.36295681063122925,1
0.0,0.36295681063122925,0
0.0,0.36295681063122925,1
0.0,0.36295681063122925,1
0.0,0.36295681063122925,1
0.0,0.36295681063122925,1
0.0,0.36295681063122925,0
0.0,0.36295681063122925,0
0.0,0.36295681063122925,1
0.0,0.36295681063122925,1
0.0,0.36295681063122925,0
0.0,0.36295681063122925,0
0.0,0.36295681063122925,1
0.0,0.36295681063122925,1
0.0,0.36295681063122925,0
0.0,0.36295681063122925,0
0.0,0.36295681063122925,1
0.0,0.36295681063122925,1
0.0,0.36295681063122925,1
0.0,0.36295681063122925,1
0.0,0.36295681063122925,0
0.0,0.36295681063122925,0
0.0,0.36295681063122925,0
0.0,0.36295681063122925,0
0.0,0.36295681063122925,0
0.0,0.36295681063122925,1
0.0,0.36295681063122925,1
0.0,0.36295681063122925,1
0.0,0.36295681063122925,1
0.0,0.36295681063122925,0
0.0,0.36295681063122925,0
0.0,0.36295681063122925,1
0.0,0.36295681063122925,0
0.0,0.36295681063122925,0
0.0,0.36295681063122925,1
0.0,0.36295681063122925,0
0.0,0.36295681063122925,1
0.0,0.36295681063122925,1
0.0,0.36295681063122925,0
0.0,0.36295681063122925,0
0.0,0.36295681063122925,1
0.0,0.36295681063122925,0
0.0,0.36295681063122925,1
0.0,0.36295681063122925,1
0.0,0.36295681063122925,0
0.0,0.36295681063122925,0
0.0,0.36295681063122925,1
0.0,0.36295681063122925,1
0.0,0.36295681063122925,0
0.0,0.36295681063122925,1
0.0,0.36295681063122925,1
0.0,0.36295681063122925,0
0.0,0.36295681063122925,1
0.0,0.36295681063122925,1
0.0,0.36295681063122925,1
0.0,0.36295681063122925,1
0.0,0.36295681063122925,1
0.0,0.36295681063122925,1
0.0,0.36295681063122925,0
0.0,0.36295681063122925,1
0.0,0.36295681063122925,0
0.0,0.36295681063122925,1
0.0,0.36295681063122925,0
0.0,0.36295681063122925,1
0.0,0.36295681063122925,1
0.0,0.36295681063122925,1
0.0,0.36295681063122925,0
0.0,0.36295681063122925,1
0.0,0.36295681063122925,0
0.0,0.36295681063122925,0
0.0,0.36295681063122925,1
0.0,0.36295681063122925,0
0.0,0.36295681063122925,0
0.0,0.36295681063122925,0
0.0,0.36295681063122925,0
0.0,0.36295681063122925,1
0.0,0.36295681063122925,1
0.0,0.36295681063122925,1
0.0,0.36295681063122925,0
0.0,0.36295681063122925,0
0.0,0.36295681063122925,0
0.0,0.36295681063122925,1
0.0,0.36295681063122925,1
0.0,0.36295681063122925,1
0.0,0.36295681063122925,1
0.0,0.36295681063122925,0
0.0,0.36295681063122925,0
0.0,0.36295681063122925,0
0.0,0.36295681063122925,0
0.0,0.36295681063122925,1
0.0,0.36295681063122925,0
0.0,0.36295681063122925,0
0.0,0.36295681063122925,0
0.0,0.36295681063122925,1
0.0,0.36295681063122925,0
0.0,0.36295681063122925,0
0.0,0.36295681063122925,0
0.0,0.36295681063122925,0
0.0,0.36295681063122925,0
0.0,0.36295681063122925,0
0.0,0.36295681063122925,0
0.0,0.36295681063122925,0
0.0,0.36295681063122925,0
0.0,0.36295681063122925,1
0.0,0.36295681063122925,0
0.0,0.36295681063122925,1
0.0,0.36295681063122925,1
0.0,0.36295681063122925,0
0.0,0.36295681063122925,1
0.0,0.36295681063122925,0
0.0,0.36295681063122925,1
0.0,0.36295681063122925,0
0.0,0.36295681063122925,0
0.0,0.36295681063122925,1
0.0,0.36295681063122925,1
0.0,0.36295681063122925,0
0.0,0.36295681063122925,1
0.0,0.36295681063122925,1
0.0,0.36295681063122925,0
0.0,0.36295681063122925,1
0.0,0.36295681063122925,1
0.0,0.36295681063122925,0
0.0,0.36295681063122925,1
0.0,0.36295681063122925,1
0.0,0.36295681063122925,1
0.0,0.36295681063122925,1
0.0,0.36295681063122925,1
0.0,0.36295681063122925,0
0.0,0.36295681063122925,0
0.0,0.36295681063122925,0
0.0,0.36295681063122925,1
0.0,0.36295681063122925,1
0.0,0.36295681063122925,0
0.0,0.36295681063122925,1
0.0,0.36295681063122925,1
0.0,0.36295681063122925,1
0.0,0.36295681063122925,0
0.0,0.36295681063122925,0
0.0,0.36295681063122925,1
0.0,0.36295681063122925,1
0.0,0.36295681063122925,0
0.0,0.36295681063122925,1
0.0,0.36295681063122925,1
0.0,0.36295681063122925,0
0.0,0.36295681063122925,0
0.0,0.36295681063122925,0
0.0,0.36295681063122925,1
0.0,0.36295681063122925,0
0.0,0.36295681063122925,0
0.0,0.36295681063122925,0
0.0,0.36295681063122925,0
0.0,0.36295681063122925,0
0.0,0.36295681063122925,1
0.0,0.36295681063122925,1
0.0,0.36295681063122925,1
0.0,0.36295681063122925,1
0.0,0.36295681063122925,1
0.0,0.36295681063122925,1
0.0,0.36295681063122925,1
0.0,0.36295681063122925,0
0.0,0.36295681063122925,1
0.0,0.36295681063122925,1
0.0,0.36295681063122925,1
0.0,0.36295681063122925,1
0.0,0.36295681063122925,0
0.0,0.36295681063122925,1
0.0,0.36295681063122925,0
0.0,0.36295681063122925,0
0.0,0.36295681063122925,1
0.0,0.36295681063122925,1
0.0,0.36295681063122925,1
0.0,0.36295681063122925,1
0.0,0.36295681063122925,0
0.0,0.36295681063122925,0
0.0,0.36295681063122925,1
0.0,0.36295681063122925,0
0.0,0.36295681063122925,1
0.0,0.36295681063122925,1
0.0,0.36295681063122925,0
0.0,0.36295681063122925,1
0.0,0.36295681063122925,1
0.0,0.36295681063122925,0
0.0,0.36295681063122925,1
0.0,0.36295681063122925,1
0.0,0.36295681063122925,0
0.0,0.36295681063122925,0
0.0,0.36295681063122925,0
0.0,0.36295681063122925,0
0.0,0.36295681063122925,1
0.0,0.36295681063122925,0
0.0,0.36295681063122925,1
0.0,0.36295681063122925,1
0.0,0.36295681063122925,0
0.0,0.36295681063122925,0
0.0,0.36295681063122925,1
0.0,0.36295681063122925,1
0.0,0.36295681063122925,1
0.0,0.36295681063122925,1
0.0,0.36295681063122925,1
0.0,0.36295681063122925,0
0.0,0.36295681063122925,0
0.0,0.36295681063122925,1
0.0,0.36295681063122925,0
0.0,0.36295681063122925,0
0.0,0.36295681063122925,0
0.0,0.36295681063122925,1
0.0,0.36295681063122925,1
0.0,0.36295681063122925,1
0.0,0.36295681063122925,1
0.0,0.36295681063122925,1
0.0,0.36295681063122925,0
0.0,0.36295681063122925,0
0.0,0.36295681063122925,1
0.0,0.36295681063122925,0
0.0,0.36295681063122925,1
0.0,0.36295681063122925,0
0.0,0.36295681063122925,0
0.0,0.36295681063122925,0
0.0,0.36295681063122925,0
0.0,0.36295681063122925,0
0.0,0.36295681063122925,1
0.0,0.36295681063122925,1
0.0,0.36295681063122925,0
0.0,0.36295681063122925,0
0.0,0.36295681063122925,0
0.0,0.36295681063122925,1
0.0,0.36295681063122925,0
0.0,0.36295681063122925,0
0.0,0.36295681063122925,0
0.0,0.36295681063122925,0
0.0,0.36295681063122925,0
0.0,0.36295681063122925,0
0.0,0.36295681063122925,1
0.0,0.36295681063122925,0
0.0,0.36295681063122925,0
0.0,0.36295681063122925,0
0.0,0.36295681063122925,1
0.0,0.36295681063122925,1
0.0,0.36295681063122925,0
0.0,0.36295681063122925,1
0.0,0.36295681063122925,1
0.0,0.36295681063122925,1
0.0,0.36295681063122925,1
0.0,0.36295681063122925,0
0.0,0.36295681063122925,0
0.0,0.36295681063122925,0
0.0,0.36295681063122925,1
0.0,0.36295681063122925,0
0.0,0.36295681063122925,1
0.0,0.36295681063122925,1
0.0,0.36295681063122925,1
0.0,0.36295681063122925,1
0.0,0.36295681063122925,0
0.0,0.36295681063122925,0
0.0,0.36295681063122925,0
0.0,0.36295681063122925,0
0.0,0.36295681063122925,1
0.0,0.36295681063122925,1
0.0,0.36295681063122925,1
0.0,0.36295681063122925,0
0.0,0.36295681063122925,1
0.0,0.36295681063122925,0
0.0,0.36295681063122925,1
0.0,0.36295681063122925,1
0.0,0.36295681063122925,0
0.0,0.36295681063122925,1
0.0,0.36295681063122925,1
0.0,0.36295681063122925,0
0.0,0.36295681063122925,0
0.0,0.36295681063122925,0
0.0,0.36295681063122925,0
0.0,0.36295681063122925,1
0.0,0.36295681063122925,1
0.0,0.36295681063122925,1
0.0,0.36295681063122925,0
0.0,0.36295681063122925,0
0.0,0.36295681063122925,1
0.0,0.36295681063122925,1
0.0,0.36295681063122925,1
0.0,0.36295681063122925,0
0.0,0.36295681063122925,0
0.0,0.36295681063122925,1
0.0,0.36295681063122925,1
0.0,0.36295681063122925,0
0.0,0.36295681063122925,1
0.0,0.36295681063122925,1
0.0,0.36295681063122925,1
0.0,0.36295681063122925,1
0.0,0.36295681063122925,1
0.0,0.36295681063122925,0
0.0,0.36295681063122925,1
0.0,0.36295681063122925,0
0.0,0.36295681063122925,1
0.0,0.36295681063122925,0
0.0,0.36295681063122925,0
0.0,0.36295681063122925,0
0.0,0.36295681063122925,0
0.0,0.36295681063122925,1
0.0,0.36295681063122925,0
0.0,0.36295681063122925,0
0.0,0.36295681063122925,1
0.0,0.36295681063122925,1
0.0,0.36295681063122925,1
0.0,0.36295681063122925,0
0.0,0.36295681063122925,1
0.0,0.36295681063122925,1
0.0,0.36295681063122925,0
0.0,0.36295681063122925,0
0.0,0.36295681063122925,1
0.0,0.36295681063122925,0
0.0,0.36295681063122925,1
0.0,0.36295681063122925,1
0.0,0.36295681063122925,1
0.0,0.36295681063122925,0
0.0,0.36295681063122925,1
0.0,0.36295681063122925,0
0.0,0.36295681063122925,1
0.0,0.36295681063122925,1
0.0,0.36295681063122925,0
0.0,0.36295681063122925,0
0.0,0.36295681063122925,0
0.0,0.36295681063122925,0
0.0,0.36295681063122925,1
0.0,0.36295681063122925,1
0.0,0.36295681063122925,0
0.0,0.36295681063122925,1
0.0,0.36295681063122925,0
0.0,0.36295681063122925,0
0.0,0.36295681063122925,0
0.0,0.36295681063122925,0
0.0,0.36295681063122925,1
0.0,0.36295681063122925,0
0.0,0.36295681063122925,0
0.0,0.36295681063122925,0
0.0,0.36295681063122925,1
0.0,0.36295681063122925,1
0.0,0.36295681063122925,0
0.0,0.36295681063122925,0
0.0,0.36295681063122925,1
0.0,0.36295681063122925,0
0.0,0.36295681063122925,0
0.0,0.36295681063122925,1
0.0,0.36295681063122925,1
0.0,0.36295681063122925,1
0.0,0.36295681063122925,0
0.0,0.36295681063122925,1
0.0,0.36295681063122925,0
0.0,0.36295681063122925,0
0.0,0.36295681063122925,1
0.0,0.36295681063122925,0
0.0,0.36295681063122925,1
0.0,0.36295681063122925,1
0.0,0.36295681063122925,1
0.0,0.36295681063122925,1
0.0,0.36295681063122925,1
0.0,0.36295681063122925,1
0.0,0.36295681063122925,1
0.0,0.36295681063122925,1
0.0,0.36295681063122925,0
0.0,0.36295681063122925,1
0.0,0.36295681063122925,0
0.0,0.36295681063122925,1
0.0,0.36295681063122925,0
0.0,0.36295681063122925,1
0.0,0.36295681063122925,0
0.0,0.36295681063122925,1
0.0,0.36295681063122925,1
0.0,0.36295681063122925,0
0.0,0.36295681063122925,1
0.0,0.36295681063122925,1
0.0,0.36295681063122925,0
0.0,0.36295681063122925,1
0.0,0.36295681063122925,0
0.0,0.36295681063122925,0
0.0,0.36295681063122925,0
0.0,0.36295681063122925,0
0.0,0.36295681063122925,0
0.0,0.36295681063122925,0
0.0,0.36295681063122925,0
0.0,0.36295681063122925,0
0.0,0.36295681063122925,0
0.0,0.36295681063122925,1
0.0,0.36295681063122925,1
0.0,0.36295681063122925,1
0.0,0.36295681063122925,1
0.0,0.36295681063122925,0
0.0,0.36295681063122925,1
0.0,0.36295681063122925,1
0.0,0.36295681063122925,0
0.0,0.36295681063122925,1
0.0,0.36295681063122925,0
0.0,0.36295681063122925,0
0.0,0.36295681063122925,1
0.0,0.36295681063122925,0
0.0,0.36295681063122925,1
0.0,0.36295681063122925,0
0.0,0.36295681063122925,0
0.0,0.36295681063122925,1
0.0,0.36295681063122925,1
0.0,0.36295681063122925,0
0.0,0.36295681063122925,0
0.0,0.36295681063122925,0
0.0,0.36295681063122925,1
0.0,0.36295681063122925,1
0.0,0.36295681063122925,0
0.0,0.36295681063122925,1
0.0,0.36295681063122925,1
0.0,0.36295681063122925,1
0.0,0.36295681063122925,0
0.0,0.36295681063122925,1
0.0,0.36295681063122925,1
0.0,0.36295681063122925,0
0.0,0.36295681063122925,1
0.0,0.36295681063122925,1
0.0,0.36295681063122925,1
0.0,0.36295681063122925,0
0.0,0.36295681063122925,0
0.0,0.36295681063122925,1
0.0,0.36295681063122925,1
0.0,0.36295681063122925,1
0.0,0.36295681063122925,0
0.0,0.36295681063122925,1
0.0,0.36295681063122925,0
0.0,0.36295681063122925,1
0.0,0.36295681063122925,0
0.0,0.36295681063122925,1
0.0,0.36295681063122925,0
0.0,0.36295681063122925,1
0.0,0.36295681063122925,0
0.0,0.36295681063122925,0
0.0,0.36295681063122925,0
0.0,0.36295681063122925,0
0.0,0.36295681063122925,1
0.0,0.36295681063122925,1
0.0,0.36295681063122925,0
0.0,0.36295681063122925,0
0.0,0.36295681063122925,0
0.0,0.36295681063122925,1
0.0,0.36295681063122925,0
0.0,0.36295681063122925,0
0.0,0.36295681063122925,1
0.0,0.36295681063122925,1
0.0,0.36295681063122925,1
0.0,0.36295681063122925,1
0.0,0.36295681063122925,0
0.0,0.36295681063122925,0
0.0,0.36295681063122925,0
0.0,0.36295681063122925,0
0.0,0.36295681063122925,0
0.0,0.36295681063122925,1
0.0,0.36295681063122925,1
0.0,0.36295681063122925,1
0.0,0.36295681063122925,0
0.0,0.36295681063122925,0
0.0,0.36295681063122925,0
0.0,0.36295681063122925,1
0.0,0.36295681063122925,0
0.0,0.36295681063122925,1
0.0,0.36295681063122925,1
0.0,0.36295681063122925,1
0.0,0.36295681063122925,0
0.0,0.36295681063122925,0
0.0,0.36295681063122925,1
0.0,0.36295681063122925,1
0.0,0.36295681063122925,1
0.0,0.36295681063122925,0
0.0,0.36295681063122925,0
0.0,0.36295681063122925,0
0.0,0.36295681063122925,1
0.0,0.36295681063122925,0
0.0,0.36295681063122925,1
0.0,0.36295681063122925,0
0.0,0.36295681063122925,0
0.0,0.36295681063122925,0
0.0,0.36295681063122925,1
0.0,0.36295681063122925,1
0.0,0.36295681063122925,0
0.0,0.36295681063122925,1
0.0,0.36295681063122925,0
0.0,0.36295681063122925,0
0.0,0.36295681063122925,0
0.0,0.36295681063122925,1
0.0,0.36295681063122925,0
0.0,0.36295681063122925,0
0.0,0.36295681063122925,0
0.0,0.36295681063122925,0
0.0,0.36295681063122925,1
0.0,0.36295681063122925,0
0.0,0.36295681063122925,1
0.0,0.36295681063122925,1
0.0,0.36295681063122925,1
0.0,0.36295681063122925,0
0.0,0.36295681063122925,0
0.0,0.36295681063122925,0
0.0,0.36295681063122925,0
0.0,0.36295681063122925,1
0.0,0.36295681063122925,0
0.0,0.36295681063122925,1
0.0,0.36295681063122925,0
0.0,0.36295681063122925,1
0.0,0.36295681063122925,1
0.0,0.36295681063122925,1
0.0,0.36295681063122925,1
0.0,0.36295681063122925,0
0.0,0.36295681063122925,1
0.0,0.36295681063122925,0
0.0,0.36295681063122925,0
0.0,0.36295681063122925,1
0.0,0.36295681063122925,1
0.0,0.36295681063122925,0
0.0,0.36295681063122925,0
0.0,0.36295681063122925,1
0.0,0.36295681063122925,1
0.0,0.36295681063122925,0
0.0,0.36295681063122925,1
0.43720659613609314,0.4467741935483871,0
0.26754558086395264,0.36295681063122925,0
0.5165374875068665,0.4946107784431136,0
0.44206753373146057,0.4467741935483871,0
0.31729429960250854,0.36295681063122925,0
0.38871651887893677,0.4467741935483871,0
0.47904905676841736,0.4946107784431136,0
0.9169458746910095,0.9757575757575757,1
0.3487652540206909,0.36295681063122925,0
0.717540979385376,0.7052238805970149,1
0.3735840320587158,0.42160278745644597,0
0.3767988979816437,0.42160278745644597,1
0.5061697363853455,0.4946107784431136,0
0.4155547022819519,0.4467741935483871,1
0.33930885791778564,0.36295681063122925,1
0.6959397196769714,0.6804123711340206,1
0.28981295228004456,0.36295681063122925,0
0.36401432752609253,0.42160278745644597,1
0.12218451499938965,0.36295681063122925,0
0.11294836550951004,0.36295681063122925,1
0.10534422844648361,0.36295681063122925,0
0.09169844537973404,0.36295681063122925,0
0.7712282538414001,0.8159722222222222,1
0.31558042764663696,0.36295681063122925,1
0.36766770482063293,0.42160278745644597,1
0.8235691785812378,0.8571428571428571,1
0.38053321838378906,0.42160278745644597,0
0.2903694212436676,0.36295681063122925,0
0.49744996428489685,0.4946107784431136,1
0.8375994563102722,0.8680555555555556,1
0.8371571898460388,0.8680555555555556,1
0.6229085326194763,0.5822532402791626,1
0.6602499485015869,0.6492307692307693,1
0.7192426323890686,0.7052238805970149,1
0.38921236991882324,0.4467741935483871,1
0.5305835604667664,0.4946107784431136,1
0.6657159328460693,0.6492307692307693,1
0.7120376825332642,0.7052238805970149,1
0.683275043964386,0.6492307692307693,0
0.62050461769104,0.5822532402791626,0
0.573219358921051,0.5822532402791626,0
0.4465659260749817,0.4467741935483871,1
0.610978364944458,0.5822532402791626,0
0.18256135284900665,0.36295681063122925,0
0.40461522340774536,0.4467741935483871,1
0.3827708959579468,0.4467741935483871,0
0.6675041317939758,0.6492307692307693,1
0.539286196231842,0.5373134328358212,0
0.4618888795375824,0.4467741935483871,0
0.3805830776691437,0.42160278745644597,0
0.5871366262435913,0.5822532402791626,0
0.6810481548309326,0.6492307692307693,1
0.42645132541656494,0.4467741935483871,0
0.1887923628091812,0.36295681063122925,1
0.11285706609487534,0.36295681063122925,0
0.18042293190956116,0.36295681063122925,0
0.10021883994340897,0.36295681063122925,0
0.39465317130088806,0.4467741935483871,0
0.643603503704071,0.6484375,1
0.4383891522884369,0.4467741935483871,0
0.6037729978561401,0.5822532402791626,0
0.5746824145317078,0.5822532402791626,0
0.6168690323829651,0.5822532402791626,1
0.5213329792022705,0.4946107784431136,1
0.6189653873443604,0.5822532402791626,0
0.6078547239303589,0.5822532402791626,0
0.6231539845466614,0.5822532402791626,0
0.9167819619178772,0.9757575757575757,1
0.5435295104980469,0.5373134328358212,0
0.5639342665672302,0.5794392523364486,0
0.739922821521759,0.7515151515151515,1
0.6606848835945129,0.6492307692307693,1
0.5782573223114014,0.5822532402791626,0
0.5813591480255127,0.5822532402791626,1
0.4826344847679138,0.4946107784431136,1
0.739515483379364,0.7515151515151515,1
0.40121176838874817,0.4467741935483871,1
0.2260924130678177,0.36295681063122925,1
0.2869817614555359,0.36295681063122925,1
0.23662470281124115,0.36295681063122925,0
0.2568903863430023,0.36295681063122925,0
0.3409719467163086,0.36295681063122925,1
0.2561681568622589,0.36295681063122925,0
0.27849459648132324,0.36295681063122925,0
0.2648041248321533,0.36295681063122925,0
0.9089674353599548,0.9757575757575757,1
0.7425826191902161,0.7515151515151515,1
0.7638254165649414,0.7515151515151515,1
0.5000476241111755,0.4946107784431136,1
0.7420122027397156,0.7515151515151515,1
0.542077362537384,0.5373134328358212,1
0.8025528788566589,0.8159722222222222,1
0.5450282096862793,0.5373134328358212,0
0.9023514986038208,0.9757575757575757,1
0.40577206015586853,0.4467741935483871,0
0.5765100717544556,0.5822532402791626,1
0.3746817111968994,0.42160278745644597,1
0.48806968331336975,0.4946107784431136,1
0.1940685361623764,0.36295681063122925,0
0.5772915482521057,0.5822532402791626,1
0.44196170568466187,0.4467741935483871,0
0.4998325705528259,0.4946107784431136,1
0.23636193573474884,0.36295681063122925,1
0.4107350707054138,0.4467741935483871,0
0.37607309222221375,0.42160278745644597,0
0.281484454870224,0.36295681063122925,1
0.8708988428115845,0.872,1
0.506193220615387,0.4946107784431136,1
0.33696675300598145,0.36295681063122925,1
0.5921680331230164,0.5822532402791626,1
0.4774843752384186,0.47368421052631576,1
0.9162548184394836,0.9757575757575757,1
0.22744302451610565,0.36295681063122925,0
0.2986791133880615,0.36295681063122925,0
0.5266808271408081,0.4946107784431136,1
0.4727143347263336,0.47019867549668876,0
0.6459090113639832,0.6484375,0
0.8154076337814331,0.8571428571428571,1
0.5980969667434692,0.5822532402791626,0
0.41604405641555786,0.4467741935483871,0
0.8117951154708862,0.8159722222222222,1
0.6461591720581055,0.6484375,1
0.5769824385643005,0.5822532402791626,1
0.3495587110519409,0.4024390243902439,1
0.41423821449279785,0.4467741935483871,0
0.666995108127594,0.6492307692307693,1
0.3728410601615906,0.42160278745644597,1
0.5091081261634827,0.4946107784431136,1
0.3700055480003357,0.42160278745644597,0
0.5979337692260742,0.5822532402791626,0
0.5070836544036865,0.4946107784431136,1
0.2143617421388626,0.36295681063122925,0
0.45812085270881653,0.4467741935483871,1
0.15031103789806366,0.36295681063122925,0
0.3706369996070862,0.42160278745644597,1
0.4007400572299957,0.4467741935483871,0
0.5641942620277405,0.5794392523364486,0
0.23264093697071075,0.36295681063122925,1
0.46549880504608154,0.4467741935483871,1
0.4512736201286316,0.4467741935483871,0
0.5330620408058167,0.4946107784431136,1
0.5565382242202759,0.5373134328358212,0
0.23977859318256378,0.36295681063122925,0
0.5332388281822205,0.4946107784431136,0
0.6720823049545288,0.6492307692307693,0
0.32676565647125244,0.36295681063122925,1
0.2828579545021057,0.36295681063122925,0
0.42962056398391724,0.4467741935483871,0
0.41402915120124817,0.4467741935483871,1
0.5098178386688232,0.4946107784431136,1
0.84987473487854,0.8680555555555556,1
0.24045364558696747,0.36295681063122925,0
0.51532381772995,0.4946107784431136,0
0.3513845205307007,0.4024390243902439,0
0.7183075547218323,0.7052238805970149,1
0.21448829770088196,0.36295681063122925,0
0.2698960304260254,0.36295681063122925,0
0.24007119238376617,0.36295681063122925,0
0.7236663103103638,0.7052238805970149,0
0.2713918089866638,0.36295681063122925,0
0.07673633098602295,0.36295681063122925,0
0.5981152653694153,0.5822532402791626,1
0.6668511033058167,0.6492307692307693,1
0.693484902381897,0.6804123711340206,1
0.3420597016811371,0.36295681063122925,1
0.5918520092964172,0.5822532402791626,1
0.6197730302810669,0.5822532402791626,1
0.362957239151001,0.42160278745644597,0
0.33359771966934204,0.36295681063122925,0
0.46592485904693604,0.4467741935483871,0
0.49805748462677,0.4946107784431136,1
0.5305620431900024,0.4946107784431136,0
0.5980564951896667,0.5822532402791626,1
0.750749409198761,0.7515151515151515,0
0.677513837814331,0.6492307692307693,0
0.1261286586523056,0.36295681063122925,0
0.16073250770568848,0.36295681063122925,0
0.2574881911277771,0.36295681063122925,1
0.08560986816883087,0.36295681063122925,0
0.23540863394737244,0.36295681063122925,1
0.1019425243139267,0.36295681063122925,0
0.08210818469524384,0.36295681063122925,0
0.5643122792243958,0.5794392523364486,1
0.054482270032167435,0.36295681063122925,0
0.04433107376098633,0.36295681063122925,0
0.8664804100990295,0.872,1
0.4950096607208252,0.4946107784431136,1
0.6829856038093567,0.6492307692307693,1
0.39794623851776123,0.4467741935483871,0
0.4788835644721985,0.4946107784431136,1
0.5619955062866211,0.5794392523364486,1
0.6187082529067993,0.5822532402791626,0
0.8658173084259033,0.872,1
0.894855797290802,0.9545454545454546,1
0.7707047462463379,0.8159722222222222,1
0.5116545557975769,0.4946107784431136,0
0.6619555354118347,0.6492307692307693,1
0.5790672302246094,0.5822532402791626,1
0.5547096729278564,0.5373134328358212,1
0.581820011138916,0.5822532402791626,1
0.6254035830497742,0.5822532402791626,1
0.6514582633972168,0.6484375,1
0.6001079082489014,0.5822532402791626,1
0.38620197772979736,0.4467741935483871,0
0.45128875970840454,0.4467741935483871,1
0.0733305811882019,0.36295681063122925,0
0.050714291632175446,0.36295681063122925,0
0.037250977009534836,0.36295681063122925,0
0.6112311482429504,0.5822532402791626,1
0.25987452268600464,0.36295681063122925,0
0.5685631632804871,0.5822532402791626,1
0.6176788806915283,0.5822532402791626,1
0.39383062720298767,0.4467741935483871,0
0.47471216320991516,0.47019867549668876,1
0.48378995060920715,0.4946107784431136,1
0.3914608359336853,0.4467741935483871,0
0.3544893264770508,0.4024390243902439,1
0.33584141731262207,0.36295681063122925,0
0.30151769518852234,0.36295681063122925,0
0.43724653124809265,0.4467741935483871,0
0.2960915267467499,0.36295681063122925,1
0.46043235063552856,0.4467741935483871,1
0.14711542427539825,0.36295681063122925,0
0.12746667861938477,0.36295681063122925,0
0.453666627407074,0.4467741935483871,0
0.3543202877044678,0.4024390243902439,1
0.3491785228252411,0.36295681063122925,0
0.2237854152917862,0.36295681063122925,0
0.013667893595993519,0.36295681063122925,0
0.025058655068278313,0.36295681063122925,0
0.2017335742712021,0.36295681063122925,0
0.2992406487464905,0.36295681063122925,0
0.4773103892803192,0.47368421052631576,0
0.5860154032707214,0.5822532402791626,0
0.10274714976549149,0.36295681063122925,0
0.24282558262348175,0.36295681063122925,0
0.16206829249858856,0.36295681063122925,0
0.695423424243927,0.6804123711340206,1
0.323886513710022,0.36295681063122925,1
0.5097078680992126,0.4946107784431136,1
0.3753158450126648,0.42160278745644597,1
0.5135947465896606,0.4946107784431136,1
0.5279422998428345,0.4946107784431136,1
0.4764157831668854,0.47019867549668876,1
0.46179577708244324,0.4467741935483871,0
0.3629037141799927,0.42160278745644597,1
0.5077431797981262,0.4946107784431136,1
0.26762908697128296,0.36295681063122925,0
0.27736571431159973,0.36295681063122925,1
0.4788438081741333,0.4946107784431136,0
0.49286988377571106,0.4946107784431136,1
0.34495365619659424,0.36295681063122925,1
0.2078629732131958,0.36295681063122925,1
0.4117988646030426,0.4467741935483871,1
0.3589060604572296,0.41509433962264153,1
0.27006974816322327,0.36295681063122925,0
0.27508124709129333,0.36295681063122925,0
0.23567335307598114,0.36295681063122925,1
0.2050841748714447,0.36295681063122925,0
0.8015849590301514,0.8159722222222222,1
0.6312487721443176,0.5822532402791626,0
0.7240259647369385,0.7052238805970149,1
0.7346412539482117,0.7515151515151515,1
0.7487793564796448,0.7515151515151515,1
0.7640917897224426,0.7515151515151515,0
0.8307546973228455,0.8680555555555556,1
0.8234695792198181,0.8571428571428571,0
0.6223835945129395,0.5822532402791626,0
0.6395860910415649,0.6,1
0.7675933837890625,0.7515151515151515,1
0.8285225629806519,0.8680555555555556,1
0.4577582776546478,0.4467741935483871,1
0.663250207901001,0.6492307692307693,0
0.9547005295753479,0.9757575757575757,1
0.761502206325531,0.7515151515151515,0
0.8705101013183594,0.872,0
0.34385916590690613,0.36295681063122925,0
0.5246366858482361,0.4946107784431136,0
0.4318200945854187,0.4467741935483871,1
0.4784716069698334,0.4946107784431136,1
0.5967974662780762,0.5822532402791626,0
0.7581956386566162,0.7515151515151515,1
0.5993328094482422,0.5822532402791626,0
0.5864653587341309,0.5822532402791626,0
0.4323824942111969,0.4467741935483871,1
0.4482971429824829,0.4467741935483871,0
0.3985700011253357,0.4467741935483871,1
0.4381365478038788,0.4467741935483871,0
0.6727210283279419,0.6492307692307693,1
0.6504173278808594,0.6484375,1
0.7784093022346497,0.8159722222222222,1
0.5335033535957336,0.5,1
0.5553873181343079,0.5373134328358212,1
0.736405074596405,0.7515151515151515,1
0.5511723756790161,0.5373134328358212,0
0.7033305168151855,0.7052238805970149,1
0.7485314607620239,0.7515151515151515,1
0.5596681833267212,0.5794392523364486,1
0.6895755529403687,0.65,0
0.7324729561805725,0.7515151515151515,0
0.6608317494392395,0.6492307692307693,1
0.447429358959198,0.4467741935483871,1
0.6951814293861389,0.6804123711340206,0
0.47936633229255676,0.4946107784431136,1
0.46318376064300537,0.4467741935483871,0
0.541971743106842,0.5373134328358212,1
0.6647058725357056,0.6492307692307693,0
0.2961903214454651,0.36295681063122925,0
0.6463125348091125,0.6484375,1
0.46015846729278564,0.4467741935483871,0
0.4878840446472168,0.4946107784431136,0
0.6156242489814758,0.5822532402791626,0
0.15586793422698975,0.36295681063122925,0
0.3368520140647888,0.36295681063122925,0
0.8215687274932861,0.8571428571428571,1
0.8595988154411316,0.872,1
0.8508519530296326,0.8680555555555556,1
0.8342025279998779,0.8680555555555556,1
0.715640127658844,0.7052238805970149,1
0.39578771591186523,0.4467741935483871,0
0.7718875408172607,0.8159722222222222,1
0.229773610830307,0.36295681063122925,1
0.2543688416481018,0.36295681063122925,0
0.14092384278774261,0.36295681063122925,0
0.48933008313179016,0.4946107784431136,0
0.4693897068500519,0.47019867549668876,0
0.6127215623855591,0.5822532402791626,0
0.5348377227783203,0.5373134328358212,1
0.6613951921463013,0.6492307692307693,1
0.509727418422699,0.4946107784431136,1
0.3843483030796051,0.4467741935483871,1
0.549176037311554,0.5373134328358212,1
0.43756958842277527,0.4467741935483871,1
0.6194323301315308,0.5822532402791626,0
0.2814359962940216,0.36295681063122925,0
0.5727000832557678,0.5822532402791626,1
0.5978150963783264,0.5822532402791626,1
0.5462923049926758,0.5373134328358212,1
0.5981898903846741,0.5822532402791626,1
0.6487910151481628,0.6484375,0
0.42064395546913147,0.4467741935483871,0
0.44347521662712097,0.4467741935483871,0
0.6216974258422852,0.5822532402791626,0
0.7174267172813416,0.7052238805970149,1
0.5427027344703674,0.5373134328358212,1
0.6053086519241333,0.5822532402791626,0
0.6659714579582214,0.6492307692307693,1
0.4935237169265747,0.4946107784431136,1
0.2987360656261444,0.36295681063122925,0
0.5735787749290466,0.5822532402791626,0
0.6670896410942078,0.6492307692307693,1
0.5714921951293945,0.5822532402791626,0
0.4242534041404724,0.4467741935483871,0
0.5849028825759888,0.5822532402791626,1
0.42215242981910706,0.4467741935483871,1
0.5844791531562805,0.5822532402791626,1
0.700503945350647,0.7052238805970149,1
0.5748481154441833,0.5822532402791626,1
0.4713824987411499,0.47019867549668876,0
0.5541893839836121,0.5373134328358212,1
0.5438147783279419,0.5373134328358212,1
0.4817627966403961,0.4946107784431136,1
0.42517176270484924,0.4467741935483871,1
0.5857387185096741,0.5822532402791626,1
0.36223581433296204,0.42160278745644597,1
0.43398746848106384,0.4467741935483871,1
0.22905370593070984,0.36295681063122925,0
0.23697197437286377,0.36295681063122925,0
0.6357244849205017,0.5822532402791626,1
0.7441095113754272,0.7515151515151515,1
0.44597017765045166,0.4467741935483871,1
0.7232514023780823,0.7052238805970149,0
0.6064779758453369,0.5822532402791626,1
0.5375862717628479,0.5373134328358212,1
0.6077701449394226,0.5822532402791626,1
0.46774598956108093,0.4467741935483871,0
0.3930585980415344,0.4467741935483871,0
0.7875819802284241,0.8159722222222222,1
0.5966401696205139,0.5822532402791626,0
0.4974016845226288,0.4946107784431136,1
0.4594458341598511,0.4467741935483871,0
0.461924284696579,0.4467741935483871,1
0.5309218764305115,0.4946107784431136,0
0.647959291934967,0.6484375,1
0.6340139508247375,0.5822532402791626,0
0.678767740726471,0.6492307692307693,1
0.7134119868278503,0.7052238805970149,1
0.5529134273529053,0.5373134328358212,0
0.5190334320068359,0.4946107784431136,0
0.46097370982170105,0.4467741935483871,1
0.6022478342056274,0.5822532402791626,1
0.3751858174800873,0.42160278745644597,1
0.16722558438777924,0.36295681063122925,1
0.23537799715995789,0.36295681063122925,0
0.2562451660633087,0.36295681063122925,1
0.12562935054302216,0.36295681063122925,0
0.21415084600448608,0.36295681063122925,1
0.3020932674407959,0.36295681063122925,0
0.3375972807407379,0.36295681063122925,0
0.21944919228553772,0.36295681063122925,0
0.1179339811205864,0.36295681063122925,1
0.1272188127040863,0.36295681063122925,0
0.0642198696732521,0.36295681063122925,0
0.8577068448066711,0.8680555555555556,1
0.25212597846984863,0.36295681063122925,0
0.387774795293808,0.4467741935483871,0
0.17184317111968994,0.36295681063122925,1
0.15077228844165802,0.36295681063122925,0
0.42011451721191406,0.4467741935483871,0
0.4668199121952057,0.4467741935483871,0
0.17339514195919037,0.36295681063122925,0
0.05564971640706062,0.36295681063122925,0
0.04118923842906952,0.36295681063122925,0
0.11936931312084198,0.36295681063122925,0
0.6427841186523438,0.6484375,0
0.7734165191650391,0.8159722222222222,1
0.39302435517311096,0.4467741935483871,1
0.2742088735103607,0.36295681063122925,0
0.5072954893112183,0.4946107784431136,0
0.5586959719657898,0.5373134328358212,0
0.6376679539680481,0.6,0
0.3275550901889801,0.36295681063122925,1
0.5946794152259827,0.5822532402791626,1
0.6187286376953125,0.5822532402791626,0
0.5092980861663818,0.4946107784431136,0
0.650649905204773,0.6484375,0
0.6493480801582336,0.6484375,0
0.5574331283569336,0.5373134328358212,1
0.6970961093902588,0.6804123711340206,0
0.6555870175361633,0.6484375,1
0.5772696137428284,0.5822532402791626,1
0.41576889157295227,0.4467741935483871,0
0.3845253884792328,0.4467741935483871,0
0.8734571933746338,0.872,1
0.40895867347717285,0.4467741935483871,1
0.4804895222187042,0.4946107784431136,1
0.4238245189189911,0.4467741935483871,0
0.2499009519815445,0.36295681063122925,1
0.3168235719203949,0.36295681063122925,0
0.6471242308616638,0.6484375,1
0.4018096327781677,0.4467741935483871,0
0.25444844365119934,0.36295681063122925,1
0.12320539355278015,0.36295681063122925,0
0.058144547045230865,0.36295681063122925,0
0.086178719997406,0.36295681063122925,0
0.6019780039787292,0.5822532402791626,1
0.8544648885726929,0.8680555555555556,1
0.5771516561508179,0.5822532402791626,1
0.4387058615684509,0.4467741935483871,1
0.17779019474983215,0.36295681063122925,0
0.4493796229362488,0.4467741935483871,0
0.3109971880912781,0.36295681063122925,0
0.4336375296115875,0.4467741935483871,0
0.21858598291873932,0.36295681063122925,1
0.23960605263710022,0.36295681063122925,1
0.3823941648006439,0.4467741935483871,0
0.24431869387626648,0.36295681063122925,0
0.6092513799667358,0.5822532402791626,1
0.3570151627063751,0.41509433962264153,1
0.24192877113819122,0.36295681063122925,1
0.4187122583389282,0.4467741935483871,1
0.25914573669433594,0.36295681063122925,0
0.43283602595329285,0.4467741935483871,0
0.5355678796768188,0.5373134328358212,0
0.43764108419418335,0.4467741935483871,1
0.27586814761161804,0.36295681063122925,0
0.291836678981781,0.36295681063122925,0
0.3099614381790161,0.36295681063122925,1
0.5316937565803528,0.4946107784431136,0
0.3301187753677368,0.36295681063122925,1
0.15815845131874084,0.36295681063122925,0
0.8947853446006775,0.9545454545454546,1
0.707462728023529,0.7052238805970149,0
0.7503494024276733,0.7515151515151515,1
0.3748191297054291,0.42160278745644597,0
0.8487322330474854,0.8680555555555556,1
0.5578222274780273,0.5373134328358212,0
0.7661555409431458,0.7515151515151515,1
0.6335355043411255,0.5822532402791626,1
0.7342101335525513,0.7515151515151515,1
0.6719412803649902,0.6492307692307693,1
0.4425535500049591,0.4467741935483871,0
0.62196946144104,0.5822532402791626,1
0.7402201890945435,0.7515151515151515,1
0.700128972530365,0.7052238805970149,1
0.40209710597991943,0.4467741935483871,0
0.437855064868927,0.4467741935483871,0
0.5755366086959839,0.5822532402791626,1
0.5853804349899292,0.5822532402791626,1
0.5932439565658569,0.5822532402791626,1
0.7308968305587769,0.7515151515151515,1
0.39607226848602295,0.4467741935483871,1
0.4299356937408447,0.4467741935483871,1
0.47493264079093933,0.47019867549668876,0
0.20111843943595886,0.36295681063122925,0
0.39243870973587036,0.4467741935483871,0
0.1770477592945099,0.36295681063122925,0
0.7581197023391724,0.7515151515151515,1
0.654405415058136,0.6484375,1
0.5690216422080994,0.5822532402791626,1
0.5148811340332031,0.4946107784431136,0
0.4557892084121704,0.4467741935483871,0
0.22195422649383545,0.36295681063122925,0
0.39294159412384033,0.4467741935483871,1
0.6325178146362305,0.5822532402791626,1
0.3202657401561737,0.36295681063122925,0
0.6236627101898193,0.5822532402791626,0
0.5234388113021851,0.4946107784431136,1
0.30659571290016174,0.36295681063122925,0
0.5819177031517029,0.5822532402791626,0
0.45467105507850647,0.4467741935483871,0
0.3989076316356659,0.4467741935483871,0
0.2959248125553131,0.36295681063122925,0
0.40302130579948425,0.4467741935483871,0
0.7015050053596497,0.7052238805970149,1
0.7812846302986145,0.8159722222222222,1
0.6603749394416809,0.6492307692307693,1
0.7799632549285889,0.8159722222222222,1
0.32082951068878174,0.36295681063122925,0
0.450591117143631,0.4467741935483871,1
0.7051532864570618,0.7052238805970149,1
0.5787485241889954,0.5822532402791626,1
0.38992878794670105,0.4467741935483871,1
0.4854927659034729,0.4946107784431136,1
0.41611191630363464,0.4467741935483871,1
0.6648072004318237,0.6492307692307693,1
0.44502511620521545,0.4467741935483871,0
0.36246082186698914,0.42160278745644597,0
0.10437856614589691,0.36295681063122925,0
0.25600558519363403,0.36295681063122925,0
0.36362940073013306,0.42160278745644597,1
0.5824373364448547,0.5822532402791626,1
0.39390337467193604,0.4467741935483871,0
0.3576253056526184,0.41509433962264153,1
0.5789928436279297,0.5822532402791626,1
0.407060444355011,0.4467741935483871,1
0.5431059002876282,0.5373134328358212,1
0.3302593231201172,0.36295681063122925,0
0.24109041690826416,0.36295681063122925,0
0.4280800521373749,0.4467741935483871,0
0.7335970997810364,0.7515151515151515,1
0.4036022424697876,0.4467741935483871,0
0.5772916674613953,0.5822532402791626,0
0.7660126686096191,0.7515151515151515,1
0.7399433851242065,0.7515151515151515,1
0.7498021721839905,0.7515151515151515,1
0.5877416133880615,0.5822532402791626,0
0.5373695492744446,0.5373134328358212,0
0.3374623954296112,0.36295681063122925,0
0.8831984400749207,0.872,1
0.7428653836250305,0.7515151515151515,1
0.6590663194656372,0.6484375,0
0.8233777284622192,0.8571428571428571,0
0.4879073202610016,0.4946107784431136,0
0.7559264898300171,0.7515151515151515,0
0.44193267822265625,0.4467741935483871,1
0.3313961625099182,0.36295681063122925,0
0.3302161991596222,0.36295681063122925,0
0.5404038429260254,0.5373134328358212,1
0.27164024114608765,0.36295681063122925,1
0.2771986424922943,0.36295681063122925,1
0.29131168127059937,0.36295681063122925,0
0.259859561920166,0.36295681063122925,0
0.2989208996295929,0.36295681063122925,0
0.43991291522979736,0.4467741935483871,1
0.7525718808174133,0.7515151515151515,1
0.6145162582397461,0.5822532402791626,1
0.5136474370956421,0.4946107784431136,0
0.43655434250831604,0.4467741935483871,0
0.8613640069961548,0.872,1
0.3411409854888916,0.36295681063122925,0
0.683641791343689,0.6492307692307693,0
0.425792932510376,0.4467741935483871,1
0.5717056393623352,0.5822532402791626,0
0.2588212192058563,0.36295681063122925,0
0.23257243633270264,0.36295681063122925,1
0.13312703371047974,0.36295681063122925,0
0.1191064715385437,0.36295681063122925,0
0.42356833815574646,0.4467741935483871,0
0.3284476697444916,0.36295681063122925,0
0.6958371996879578,0.6804123711340206,0
0.40703123807907104,0.4467741935483871,1
0.308039128780365,0.36295681063122925,0
0.4086276590824127,0.4467741935483871,0
0.3477194309234619,0.36295681063122925,1
0.7030503153800964,0.7052238805970149,1
0.41387078166007996,0.4467741935483871,0
0.4070013165473938,0.4467741935483871,0
0.12465447932481766,0.36295681063122925,0
0.3710760176181793,0.42160278745644597,0
0.1792265623807907,0.36295681063122925,1
0.6680793166160583,0.6492307692307693,1
0.677495002746582,0.6492307692307693,0
0.8898804783821106,0.872,1
0.6267926692962646,0.5822532402791626,1
0.4182267487049103,0.4467741935483871,1
0.3607434928417206,0.41509433962264153,0
0.7442523837089539,0.7515151515151515,1
0.26887330412864685,0.36295681063122925,1
0.2324361652135849,0.36295681063122925,0
0.5137296915054321,0.4946107784431136,1
0.28924745321273804,0.36295681063122925,0
0.39970678091049194,0.4467741935483871,0
0.5069407224655151,0.4946107784431136,0
0.49337467551231384,0.4946107784431136,0
0.48154664039611816,0.4946107784431136,1
0.52671879529953,0.4946107784431136,1
0.419673889875412,0.4467741935483871,1
0.38317981362342834,0.4467741935483871,0
0.56592857837677,0.5794392523364486,0
0.28243231773376465,0.36295681063122925,0
0.3471211791038513,0.36295681063122925,0
0.14775395393371582,0.36295681063122925,0
0.48567691445350647,0.4946107784431136,1
0.6374107003211975,0.6,0
0.4029439091682434,0.4467741935483871,0
0.6261036992073059,0.5822532402791626,1
0.5494755506515503,0.5373134328358212,1
0.2696596682071686,0.36295681063122925,0
0.47590360045433044,0.47019867549668876,1
0.4826130270957947,0.4946107784431136,0
0.7109382748603821,0.7052238805970149,1
0.383962482213974,0.4467741935483871,1
0.5473762154579163,0.5373134328358212,0
0.2263915091753006,0.36295681063122925,0
0.5710601806640625,0.5822532402791626,1
0.6055653691291809,0.5822532402791626,1
0.31884536147117615,0.36295681063122925,0
0.21890126168727875,0.36295681063122925,0
0.3435075581073761,0.36295681063122925,0
0.8811060190200806,0.872,1
0.605170726776123,0.5822532402791626,0
0.6175397634506226,0.5822532402791626,1
0.5222041010856628,0.4946107784431136,0
0.772911787033081,0.8159722222222222,1
0.34968069195747375,0.4024390243902439,1
0.6172965168952942,0.5822532402791626,0
0.6226397752761841,0.5822532402791626,1
0.39424648880958557,0.4467741935483871,0
0.41218453645706177,0.4467741935483871,0
0.580057680606842,0.5822532402791626,0
0.2015368789434433,0.36295681063122925,0
0.5571268796920776,0.5373134328358212,1
0.3255469501018524,0.36295681063122925,0
0.4170968234539032,0.4467741935483871,0
0.2242196500301361,0.36295681063122925,0
0.4480802118778229,0.4467741935483871,1
0.4906906485557556,0.4946107784431136,0
0.6650465726852417,0.6492307692307693,1
0.6884881258010864,0.65,1
0.4520643353462219,0.4467741935483871,1
0.5006978511810303,0.4946107784431136,1
0.8636006116867065,0.872,1
0.5695067644119263,0.5822532402791626,0
0.5779788494110107,0.5822532402791626,1
0.459856778383255,0.4467741935483871,0
0.5165789127349854,0.4946107784431136,1
0.6305187344551086,0.5822532402791626,0
0.647926390171051,0.6484375,1
0.7169420123100281,0.7052238805970149,1
0.6190363764762878,0.5822532402791626,1
0.22617153823375702,0.36295681063122925,1
0.31243133544921875,0.36295681063122925,1
0.4419460594654083,0.4467741935483871,1
0.44197705388069153,0.4467741935483871,0
0.6807578802108765,0.6492307692307693,0
0.6803237795829773,0.6492307692307693,0
0.5017796158790588,0.4946107784431136,0
0.4516855776309967,0.4467741935483871,1
0.7897172570228577,0.8159722222222222,0
0.5943345427513123,0.5822532402791626,0
0.4849211871623993,0.4946107784431136,0
0.6408960819244385,0.6484375,1
0.6802910566329956,0.6492307692307693,1
0.6557148098945618,0.6484375,1
0.6304340362548828,0.5822532402791626,1
0.7438729405403137,0.7515151515151515,1
0.3531990051269531,0.4024390243902439,0
0.6985006928443909,0.7052238805970149,1
0.537584125995636,0.5373134328358212,1
0.4396493434906006,0.4467741935483871,1
0.2414189726114273,0.36295681063122925,1
0.6091870665550232,0.5822532402791626,1
0.4322616457939148,0.4467741935483871,0
0.5674000978469849,0.5822532402791626,0
0.3373677730560303,0.36295681063122925,1
0.2812049388885498,0.36295681063122925,0
0.6336900591850281,0.5822532402791626,1
0.5632033348083496,0.5794392523364486,1
0.19692997634410858,0.36295681063122925,0
0.45663580298423767,0.4467741935483871,0
0.5322788953781128,0.4946107784431136,0
0.7556465864181519,0.7515151515151515,1
0.24894890189170837,0.36295681063122925,0
0.3971775770187378,0.4467741935483871,0
0.6316746473312378,0.5822532402791626,1
0.45833516120910645,0.4467741935483871,0
0.582990825176239,0.5822532402791626,0
0.534156858921051,0.5,0
0.37478283047676086,0.42160278745644597,0
0.5004941821098328,0.4946107784431136,0
0.4311250150203705,0.4467741935483871,0
0.31986820697784424,0.36295681063122925,1
0.7149345874786377,0.7052238805970149,0
0.46926093101501465,0.47019867549668876,0
0.7188629508018494,0.7052238805970149,1
0.4926106035709381,0.4946107784431136,1
0.5043558478355408,0.4946107784431136,0
0.6158519387245178,0.5822532402791626,1
0.7657291293144226,0.7515151515151515,1
0.857220470905304,0.8680555555555556,1
0.5478885173797607,0.5373134328358212,1
0.3107696771621704,0.36295681063122925,0
0.33251649141311646,0.36295681063122925,0
0.16372166574001312,0.36295681063122925,0
0.11631279438734055,0.36295681063122925,1
0.12250017374753952,0.36295681063122925,0
0.6681681275367737,0.6492307692307693,0
0.23452728986740112,0.36295681063122925,1
0.3649989366531372,0.42160278745644597,0
0.10444078594446182,0.36295681063122925,1
0.1536259800195694,0.36295681063122925,0
0.09147621691226959,0.36295681063122925,1
0.12745681405067444,0.36295681063122925,0
0.09823157638311386,0.36295681063122925,0
0.7200952172279358,0.7052238805970149,1
0.7200952172279358,0.7052238805970149,1
0.5759556293487549,0.5822532402791626,1
0.5759556293487549,0.5822532402791626,1
0.4811548590660095,0.4946107784431136,1
0.5377812385559082,0.5373134328358212,1
0.3319135010242462,0.36295681063122925,1
0.09997496008872986,0.36295681063122925,0
0.1424386352300644,0.36295681063122925,0
0.2051820307970047,0.36295681063122925,0
0.09187588840723038,0.36295681063122925,0
0.09498874098062515,0.36295681063122925,0
0.5255367159843445,0.4946107784431136,1
0.48241597414016724,0.4946107784431136,1
0.31007593870162964,0.36295681063122925,1
0.20656190812587738,0.36295681063122925,0
0.1940094530582428,0.36295681063122925,0
0.2771424949169159,0.36295681063122925,0
0.36020103096961975,0.41509433962264153,0
0.5148799419403076,0.4946107784431136,0
0.7658249139785767,0.7515151515151515,1
0.5688265562057495,0.5822532402791626,0
0.49618494510650635,0.4946107784431136,0
0.24515904486179352,0.36295681063122925,0
0.19563230872154236,0.36295681063122925,1
0.22916848957538605,0.36295681063122925,0
0.4355453550815582,0.4467741935483871,0
0.4255068004131317,0.4467741935483871,0
0.5297310948371887,0.4946107784431136,1
0.9351781606674194,0.9757575757575757,1
0.9147676825523376,0.9757575757575757,1
0.3632509410381317,0.42160278745644597,1
0.5875616073608398,0.5822532402791626,1
0.739113986492157,0.7515151515151515,1
0.5005753636360168,0.4946107784431136,0
0.5771672129631042,0.5822532402791626,0
0.43603214621543884,0.4467741935483871,0
0.5872653126716614,0.5822532402791626,1
0.29817765951156616,0.36295681063122925,1
0.5542980432510376,0.5373134328358212,1
0.31445935368537903,0.36295681063122925,0
0.6466159820556641,0.6484375,1
0.2611476480960846,0.36295681063122925,0
0.7157038450241089,0.7052238805970149,1
0.3617382049560547,0.42160278745644597,1
0.6234636902809143,0.5822532402791626,1
0.5805814862251282,0.5822532402791626,1
0.5457399487495422,0.5373134328358212,0
0.26425614953041077,0.36295681063122925,1
0.4972230792045593,0.4946107784431136,1
0.5852197408676147,0.5822532402791626,1
0.5374287962913513,0.5373134328358212,1
0.2694261074066162,0.36295681063122925,1
0.8047890663146973,0.8159722222222222,1
0.7694385647773743,0.8159722222222222,1
0.6921063661575317,0.6804123711340206,0
0.6544179320335388,0.6484375,1
0.6861121654510498,0.6492307692307693,1
0.7125569581985474,0.7052238805970149,1
0.719750702381134,0.7052238805970149,1
0.622316300868988,0.5822532402791626,1
0.6612260937690735,0.6492307692307693,1
0.6471908092498779,0.6484375,1
0.4533623158931732,0.4467741935483871,1
0.7299664616584778,0.7515151515151515,1
0.6528209447860718,0.6484375,1
0.7615914940834045,0.7515151515151515,1
0.6119703054428101,0.5822532402791626,1
0.6554812788963318,0.6484375,0
0.667641818523407,0.6492307692307693,1
0.4987635314464569,0.4946107784431136,1
0.7245718240737915,0.7052238805970149,1
0.5096672773361206,0.4946107784431136,1
0.5394846200942993,0.5373134328358212,1
0.5273813009262085,0.4946107784431136,0
0.6910598278045654,0.6804123711340206,1
0.39477983117103577,0.4467741935483871,0
0.7085606455802917,0.7052238805970149,1
0.46675246953964233,0.4467741935483871,0
0.6144396662712097,0.5822532402791626,1
0.3886018395423889,0.4467741935483871,0
0.40123438835144043,0.4467741935483871,1
0.3757803440093994,0.42160278745644597,1
0.4198058843612671,0.4467741935483871,1
0.47393351793289185,0.47019867549668876,0
0.35252273082733154,0.4024390243902439,0
0.3637164533138275,0.42160278745644597,1
0.2744132876396179,0.36295681063122925,1
0.2757118046283722,0.36295681063122925,1
0.533736526966095,0.5,1
0.3746435344219208,0.42160278745644597,1
0.5080890655517578,0.4946107784431136,1
0.5069811940193176,0.4946107784431136,1
0.39481478929519653,0.4467741935483871,0
0.4442363679409027,0.4467741935483871,0
0.16766761243343353,0.36295681063122925,0
0.3862099349498749,0.4467741935483871,1
0.25527626276016235,0.36295681063122925,1
0.48864465951919556,0.4946107784431136,1
0.4747006595134735,0.47019867549668876,0
0.3444977402687073,0.36295681063122925,0
0.8147876262664795,0.8159722222222222,1
0.1825939267873764,0.36295681063122925,0
0.030386172235012054,0.36295681063122925,0
0.19361229240894318,0.36295681063122925,0
0.8109105229377747,0.8159722222222222,1
0.9208539128303528,0.9757575757575757,1
0.7678577899932861,0.8,1
0.5010174512863159,0.4946107784431136,1
0.6908986568450928,0.6804123711340206,1
0.6812823414802551,0.6492307692307693,1
0.8538022637367249,0.8680555555555556,1
0.8083282113075256,0.8159722222222222,0
0.6632447242736816,0.6492307692307693,0
0.7770588397979736,0.8159722222222222,1
0.8204218745231628,0.8571428571428571,1
0.7046816349029541,0.7052238805970149,0
0.7307872772216797,0.7515151515151515,0
0.6737799048423767,0.6492307692307693,0
0.6557936668395996,0.6484375,0
0.8647947907447815,0.872,1
0.20321477949619293,0.36295681063122925,0
0.1643034815788269,0.36295681063122925,1
0.16965073347091675,0.36295681063122925,1
0.24976085126399994,0.36295681063122925,0
0.20400436222553253,0.36295681063122925,1
0.6865432262420654,0.6492307692307693,0
0.7824826240539551,0.8159722222222222,1
0.6831467151641846,0.6492307692307693,0
0.30377694964408875,0.36295681063122925,0
0.5597257018089294,0.5794392523364486,1
0.7245087027549744,0.7052238805970149,1
0.46355417370796204,0.4467741935483871,1
0.3999580442905426,0.4467741935483871,0
0.6124006509780884,0.5822532402791626,1
0.45994463562965393,0.4467741935483871,1
0.3681110143661499,0.42160278745644597,1
0.1762094348669052,0.36295681063122925,0
0.27370429039001465,0.36295681063122925,1
0.29331615567207336,0.36295681063122925,1
0.21756796538829803,0.36295681063122925,0
0.43774932622909546,0.4467741935483871,1
0.20109105110168457,0.36295681063122925,0
0.4207676947116852,0.4467741935483871,0
0.49301889538764954,0.4946107784431136,1
0.1398979276418686,0.36295681063122925,0
0.06019715964794159,0.36295681063122925,0
0.03380199521780014,0.36295681063122925,0
0.22300170361995697,0.36295681063122925,0
0.7560714483261108,0.7515151515151515,1
0.8136219382286072,0.8159722222222222,1
0.7672217488288879,0.7515151515151515,0
0.4451645612716675,0.4467741935483871,1
0.748914897441864,0.7515151515151515,1
0.4915621280670166,0.4946107784431136,1
0.7367461323738098,0.7515151515151515,1
0.6287510395050049,0.5822532402791626,1
0.32337263226509094,0.36295681063122925,0
0.4984896779060364,0.4946107784431136,0
0.7113646268844604,0.7052238805970149,1
0.6406154632568359,0.6484375,1
0.6964809894561768,0.6804123711340206,0
0.38813456892967224,0.4467741935483871,0
0.27170512080192566,0.36295681063122925,1
0.3876018226146698,0.4467741935483871,1
0.371995747089386,0.42160278745644597,1
0.5820335745811462,0.5822532402791626,1
0.3815726339817047,0.4467741935483871,0
0.4391046166419983,0.4467741935483871,0
0.39928025007247925,0.4467741935483871,1
0.08643488585948944,0.36295681063122925,0
0.16794037818908691,0.36295681063122925,0
0.7619718909263611,0.7515151515151515,1
0.48642921447753906,0.4946107784431136,0
0.8271164298057556,0.8680555555555556,1
0.30284443497657776,0.36295681063122925,0
0.6297767162322998,0.5822532402791626,1
0.8588640689849854,0.872,1
0.42194655537605286,0.4467741935483871,1
0.38299256563186646,0.4467741935483871,1
0.4226231873035431,0.4467741935483871,1
0.345213383436203,0.36295681063122925,1
0.3613334000110626,0.42160278745644597,0
0.2052352875471115,0.36295681063122925,1
0.2263205647468567,0.36295681063122925,1
0.15513068437576294,0.36295681063122925,1
0.1611238569021225,0.36295681063122925,0
0.24689894914627075,0.36295681063122925,0
0.25762614607810974,0.36295681063122925,1
0.3732459843158722,0.42160278745644597,1
0.4544660151004791,0.4467741935483871,1
0.6015461683273315,0.5822532402791626,1
0.6580928564071655,0.6484375,0
0.5866377949714661,0.5822532402791626,0
0.7358717322349548,0.7515151515151515,1
0.5431171655654907,0.5373134328358212,0
0.6827903389930725,0.6492307692307693,1
0.46255654096603394,0.4467741935483871,1
0.7178826928138733,0.7052238805970149,0
0.34892112016677856,0.36295681063122925,1
0.6230608820915222,0.5822532402791626,0
0.7105409502983093,0.7052238805970149,1
0.45746180415153503,0.4467741935483871,0
0.7556582689285278,0.7515151515151515,1
0.5377910137176514,0.5373134328358212,0
0.9017621278762817,0.9757575757575757,1
0.6562225222587585,0.6484375,1
0.574944257736206,0.5822532402791626,0
0.16766037046909332,0.36295681063122925,0
0.3202739953994751,0.36295681063122925,0
0.3207817077636719,0.36295681063122925,1
0.2994638681411743,0.36295681063122925,0
0.8026721477508545,0.8159722222222222,1
0.8759062886238098,0.872,1
0.6954267621040344,0.6804123711340206,0
0.8851510286331177,0.872,1
0.4473726153373718,0.4467741935483871,0
0.560625433921814,0.5794392523364486,0
0.6046129465103149,0.5822532402791626,0
0.45231983065605164,0.4467741935483871,1
0.45941975712776184,0.4467741935483871,1
0.7443649172782898,0.7515151515151515,1
0.3636445105075836,0.42160278745644597,0
0.49500030279159546,0.4946107784431136,0
0.6749480366706848,0.6492307692307693,0
0.6675611138343811,0.6492307692307693,1
0.7536473870277405,0.7515151515151515,1
0.6500269174575806,0.6484375,1
0.3219158351421356,0.36295681063122925,0
0.49613893032073975,0.4946107784431136,0
0.5009415745735168,0.4946107784431136,1
0.7182623744010925,0.7052238805970149,1
0.6442550420761108,0.6484375,0
0.6492311358451843,0.6484375,1
0.3878897428512573,0.4467741935483871,1
0.45496729016304016,0.4467741935483871,0
0.3036026060581207,0.36295681063122925,0
0.49330997467041016,0.4946107784431136,1
0.48520106077194214,0.4946107784431136,1
0.4124041795730591,0.4467741935483871,1
0.6094337105751038,0.5822532402791626,1
0.5251789093017578,0.4946107784431136,1
0.5370887517929077,0.5373134328358212,1
0.5604493021965027,0.5794392523364486,1
0.5915411114692688,0.5822532402791626,0
0.5526547431945801,0.5373134328358212,1
0.5261980295181274,0.4946107784431136,0
0.6521939635276794,0.6484375,1
0.5796767473220825,0.5822532402791626,0
0.655778169631958,0.6484375,1
0.40645816922187805,0.4467741935483871,1
0.3042994737625122,0.36295681063122925,0
0.3344486653804779,0.36295681063122925,0
0.9164422154426575,0.9757575757575757,1
0.4622524380683899,0.4467741935483871,1
0.3646180033683777,0.42160278745644597,1
0.49347609281539917,0.4946107784431136,1
0.5612249374389648,0.5794392523364486,0
0.40183019638061523,0.4467741935483871,0
0.7806558609008789,0.8159722222222222,1
0.6079909205436707,0.5822532402791626,1
0.4223131239414215,0.4467741935483871,0
0.37279069423675537,0.42160278745644597,0
0.53122478723526,0.4946107784431136,1
0.5179550051689148,0.4946107784431136,1
0.272662490606308,0.36295681063122925,0
0.46869519352912903,0.47019867549668876,1
0.5812695026397705,0.5822532402791626,0
0.44426804780960083,0.4467741935483871,0
0.39722323417663574,0.4467741935483871,1
0.5324811935424805,0.4946107784431136,0
0.6134793162345886,0.5822532402791626,1
0.46652156114578247,0.4467741935483871,0
0.5345590710639954,0.5373134328358212,1
0.5300246477127075,0.4946107784431136,0
0.48448166251182556,0.4946107784431136,0
0.6782100796699524,0.6492307692307693,1
0.4869091510772705,0.4946107784431136,1
0.3381223976612091,0.36295681063122925,0
0.36058151721954346,0.41509433962264153,1
0.3011505901813507,0.36295681063122925,0
0.22313137352466583,0.36295681063122925,0
0.22332003712654114,0.36295681063122925,0
0.07127401232719421,0.36295681063122925,0
0.7266735434532166,0.7052238805970149,0
0.48028555512428284,0.4946107784431136,0
0.46539467573165894,0.4467741935483871,1
0.412854939699173,0.4467741935483871,1
0.5789282917976379,0.5822532402791626,0
0.4649045765399933,0.4467741935483871,0
0.22410976886749268,0.36295681063122925,0
0.2831019163131714,0.36295681063122925,0
0.06321202218532562,0.36295681063122925,0
0.2905105650424957,0.36295681063122925,0
0.15682940185070038,0.36295681063122925,0
0.4582027792930603,0.4467741935483871,0
0.1545180082321167,0.36295681063122925,0
0.06684350222349167,0.36295681063122925,0
0.5768901705741882,0.5822532402791626,1
0.4531737267971039,0.4467741935483871,1
0.4829752743244171,0.4946107784431136,1
0.40381506085395813,0.4467741935483871,1
0.6252071857452393,0.5822532402791626,1
0.40130820870399475,0.4467741935483871,0
0.39913734793663025,0.4467741935483871,0
0.9151692390441895,0.9757575757575757,1
0.8583024740219116,0.872,1
0.7176553606987,0.7052238805970149,1
0.7182108163833618,0.7052238805970149,1
0.6067212224006653,0.5822532402791626,1
0.7501742839813232,0.7515151515151515,1
0.3856513500213623,0.4467741935483871,0
0.725172221660614,0.7052238805970149,0
0.557439386844635,0.5373134328358212,0
0.7547459006309509,0.7515151515151515,1
0.47630006074905396,0.47019867549668876,0
0.3431988060474396,0.36295681063122925,0
0.5654987692832947,0.5794392523364486,0
0.8597011566162109,0.872,1
0.3363665044307709,0.36295681063122925,1
0.28300073742866516,0.36295681063122925,0
0.335565984249115,0.36295681063122925,0
0.5160598754882812,0.4946107784431136,1
0.6075617074966431,0.5822532402791626,1
0.669379711151123,0.6492307692307693,1
0.5519933700561523,0.5373134328358212,1
0.5800352096557617,0.5822532402791626,1
0.4259292185306549,0.4467741935483871,0
0.43748560547828674,0.4467741935483871,1
0.506915807723999,0.4946107784431136,1
0.42275774478912354,0.4467741935483871,0
0.7243223190307617,0.7052238805970149,1
0.5137304663658142,0.4946107784431136,0
0.4619300365447998,0.4467741935483871,1
0.559590756893158,0.5794392523364486,1
0.30903077125549316,0.36295681063122925,1
0.5936271548271179,0.5822532402791626,1
0.4751497805118561,0.47019867549668876,1
0.39326947927474976,0.4467741935483871,1
0.5120473504066467,0.4946107784431136,1
0.5802220106124878,0.5822532402791626,1
0.6335644721984863,0.5822532402791626,0
0.3670373857021332,0.42160278745644597,1
0.702896237373352,0.7052238805970149,1
0.47920849919319153,0.4946107784431136,1
0.610541820526123,0.5822532402791626,1
0.662849485874176,0.6492307692307693,0
0.6677188277244568,0.6492307692307693,0
0.46638813614845276,0.4467741935483871,0
0.6553508639335632,0.6484375,1
0.26971039175987244,0.36295681063122925,0
0.3437645435333252,0.36295681063122925,1
0.39122867584228516,0.4467741935483871,1
0.5723059177398682,0.5822532402791626,1
0.5261310935020447,0.4946107784431136,0
0.7193151712417603,0.7052238805970149,0
0.42701399326324463,0.4467741935483871,0
0.4644020199775696,0.4467741935483871,0
0.9007629156112671,0.9757575757575757,1
0.5964016914367676,0.5822532402791626,1
0.5647161602973938,0.5794392523364486,1
0.35881665349006653,0.41509433962264153,1
0.3847562372684479,0.4467741935483871,1
0.668299674987793,0.6492307692307693,0
0.7500433921813965,0.7515151515151515,1
0.6620875597000122,0.6492307692307693,0
0.6491489410400391,0.6484375,1
0.4313674569129944,0.4467741935483871,1
0.4832551181316376,0.4946107784431136,1
0.36549198627471924,0.42160278745644597,1
0.5280162692070007,0.4946107784431136,0
0.43966004252433777,0.4467741935483871,1
0.7851971983909607,0.8159722222222222,1
0.3966480791568756,0.4467741935483871,1
0.44804123044013977,0.4467741935483871,0
0.28239333629608154,0.36295681063122925,0
0.4298955500125885,0.4467741935483871,0
0.3820193111896515,0.4467741935483871,1
0.2998965382575989,0.36295681063122925,1
0.12050154060125351,0.36295681063122925,0
0.20381733775138855,0.36295681063122925,0
0.3571200668811798,0.41509433962264153,0
0.5486464500427246,0.5373134328358212,0
0.7727437615394592,0.8159722222222222,1
0.6508265137672424,0.6484375,0
0.5886170864105225,0.5822532402791626,0
0.3610433340072632,0.42160278745644597,1
0.3858589828014374,0.4467741935483871,0
0.2146562933921814,0.36295681063122925,0
0.8115401268005371,0.8159722222222222,1
0.6017633080482483,0.5822532402791626,1
0.4144640564918518,0.4467741935483871,0
0.5127072334289551,0.4946107784431136,0
0.44737181067466736,0.4467741935483871,0
0.6380887031555176,0.6,0
0.41697049140930176,0.4467741935483871,1
0.7039436101913452,0.7052238805970149,1
0.3865916132926941,0.4467741935483871,0
0.19395151734352112,0.36295681063122925,1
0.22260329127311707,0.36295681063122925,0
0.5696888566017151,0.5822532402791626,1
0.7329522967338562,0.7515151515151515,1
0.5100885033607483,0.4946107784431136,0
0.3623127043247223,0.42160278745644597,1
0.43312475085258484,0.4467741935483871,1
0.5164992809295654,0.4946107784431136,1
0.4774315655231476,0.47368421052631576,0
0.7046253085136414,0.7052238805970149,0
0.592018187046051,0.5822532402791626,1
0.5000967383384705,0.4946107784431136,0
0.47401803731918335,0.47019867549668876,1
0.5929076671600342,0.5822532402791626,1
0.5164409875869751,0.4946107784431136,0
0.5506872534751892,0.5373134328358212,1
0.6517750024795532,0.6484375,1
0.6262924671173096,0.5822532402791626,1
0.3765324056148529,0.42160278745644597,0
0.5603015422821045,0.5794392523364486,1
0.47423580288887024,0.47019867549668876,1
0.2725953161716461,0.36295681063122925,1
0.22693422436714172,0.36295681063122925,0
0.3704085350036621,0.42160278745644597,1
0.48953676223754883,0.4946107784431136,1
0.4737705588340759,0.47019867549668876,0
0.48313140869140625,0.4946107784431136,1
0.23102881014347076,0.36295681063122925,0
0.3509637117385864,0.4024390243902439,1
0.5425989031791687,0.5373134328358212,1
0.4876463711261749,0.4946107784431136,0
0.8196844458580017,0.8571428571428571,1
0.5400861501693726,0.5373134328358212,0
0.5773939490318298,0.5822532402791626,0
0.5982818603515625,0.5822532402791626,0
0.804126501083374,0.8159722222222222,1
0.4531465768814087,0.4467741935483871,0
0.6588550209999084,0.6484375,1
0.5636290907859802,0.5794392523364486,1
0.4663177728652954,0.4467741935483871,0
0.47141745686531067,0.47019867549668876,0
0.42932769656181335,0.4467741935483871,1
0.3422061800956726,0.36295681063122925,1
0.49624165892601013,0.4946107784431136,0
0.5834009647369385,0.5822532402791626,0
0.6670360565185547,0.6492307692307693,0
0.8915035724639893,0.9545454545454546,1
0.35862356424331665,0.41509433962264153,1
0.700329601764679,0.7052238805970149,1
0.3414205312728882,0.36295681063122925,1
0.34885671734809875,0.36295681063122925,0
0.3461151719093323,0.36295681063122925,1
0.25170058012008667,0.36295681063122925,0
0.2409507781267166,0.36295681063122925,0
0.3772275447845459,0.42160278745644597,0
0.6065840125083923,0.5822532402791626,0
0.4378196895122528,0.4467741935483871,0
0.5427212119102478,0.5373134328358212,1
0.15729179978370667,0.36295681063122925,1
0.16884148120880127,0.36295681063122925,0
0.4144750237464905,0.4467741935483871,1
0.1772012561559677,0.36295681063122925,0
0.348391056060791,0.36295681063122925,0
0.6936898231506348,0.6804123711340206,1
0.6694588661193848,0.6492307692307693,0
0.5598334074020386,0.5794392523364486,1
0.6930861473083496,0.6804123711340206,0
0.6923037171363831,0.6804123711340206,1
0.8051185011863708,0.8159722222222222,0
0.6515568494796753,0.6484375,0
0.693859338760376,0.6804123711340206,1
0.42888104915618896,0.4467741935483871,0
0.558676540851593,0.5373134328358212,1
0.44353005290031433,0.4467741935483871,1
0.3958185315132141,0.4467741935483871,1
0.5803415775299072,0.5822532402791626,0
0.5823367238044739,0.5822532402791626,1
0.30700257420539856,0.36295681063122925,0
0.26852425932884216,0.36295681063122925,0
0.3813266158103943,0.4467741935483871,0
0.27654239535331726,0.36295681063122925,0
0.7370893359184265,0.7515151515151515,1
0.7028212547302246,0.7052238805970149,1
0.6411545872688293,0.6484375,1
0.4511289894580841,0.4467741935483871,1
0.6104395389556885,0.5822532402791626,0
0.3974461853504181,0.4467741935483871,0
0.5597006678581238,0.5794392523364486,1
0.6118411421775818,0.5822532402791626,1
0.6884270906448364,0.65,1
0.494361937046051,0.4946107784431136,0
0.5061538815498352,0.4946107784431136,1
0.6308429837226868,0.5822532402791626,1
0.5464081168174744,0.5373134328358212,1
0.4919215440750122,0.4946107784431136,1
0.5147086977958679,0.4946107784431136,0
0.5514641404151917,0.5373134328358212,1
0.4450085461139679,0.4467741935483871,1
0.7829607129096985,0.8159722222222222,1
0.6533243656158447,0.6484375,1
0.3748910129070282,0.42160278745644597,1
0.372280091047287,0.42160278745644597,0
0.5384719371795654,0.5373134328358212,1
0.5768577456474304,0.5822532402791626,0
0.26368167996406555,0.36295681063122925,0
0.24788178503513336,0.36295681063122925,1
0.24897289276123047,0.36295681063122925,1
0.12944060564041138,0.36295681063122925,0
0.69945228099823,0.7052238805970149,1
0.4638387858867645,0.4467741935483871,0
0.3727850317955017,0.42160278745644597,0
0.4712441563606262,0.47019867549668876,0
0.7634190320968628,0.7515151515151515,1
0.8365382552146912,0.8680555555555556,1
0.8059287667274475,0.8159722222222222,1
0.6488614082336426,0.6484375,0
0.5223267674446106,0.4946107784431136,0
0.7872024774551392,0.8159722222222222,1
0.6108561754226685,0.5822532402791626,0
0.5374284386634827,0.5373134328358212,1
0.8265361785888672,0.8680555555555556,1
0.5311633944511414,0.4946107784431136,1
0.7104833722114563,0.7052238805970149,0
0.41106271743774414,0.4467741935483871,1
0.37797918915748596,0.42160278745644597,0
0.521948516368866,0.4946107784431136,1
0.2548207640647888,0.36295681063122925,0
0.2746720016002655,0.36295681063122925,0
0.4273867607116699,0.4467741935483871,1
0.4005369544029236,0.4467741935483871,1
0.5414260029792786,0.5373134328358212,1
0.28693410754203796,0.36295681063122925,0
0.6632493734359741,0.6492307692307693,1
0.5123823285102844,0.4946107784431136,1
0.6019157767295837,0.5822532402791626,1
0.2525762915611267,0.36295681063122925,0
0.6201955676078796,0.5822532402791626,1
0.25369346141815186,0.36295681063122925,0
0.4835990071296692,0.4946107784431136,0
0.7206998467445374,0.7052238805970149,0
0.3234524428844452,0.36295681063122925,0
0.7299739718437195,0.7515151515151515,1
0.3975408375263214,0.4467741935483871,0
0.5773300528526306,0.5822532402791626,1
0.47000426054000854,0.47019867549668876,1
0.6638702750205994,0.6492307692307693,0
0.7222854495048523,0.7052238805970149,0
0.7060776352882385,0.7052238805970149,0
0.5881237387657166,0.5822532402791626,0
0.47205543518066406,0.47019867549668876,1
0.7282717227935791,0.7515151515151515,1
0.37859293818473816,0.42160278745644597,0
0.5662185549736023,0.5794392523364486,1
0.5333792567253113,0.4946107784431136,0
0.5647891759872437,0.5794392523364486,0
0.48260703682899475,0.4946107784431136,1
0.5178847312927246,0.4946107784431136,1
0.5627668499946594,0.5794392523364486,0
0.2823319435119629,0.36295681063122925,0
0.7593523263931274,0.7515151515151515,1
0.1453544646501541,0.36295681063122925,0
0.19522951543331146,0.36295681063122925,0
0.31796029210090637,0.36295681063122925,1
0.6222817301750183,0.5822532402791626,0
0.647456705570221,0.6484375,0
0.612186849117279,0.5822532402791626,0
0.09478950500488281,0.36295681063122925,0
0.06354715675115585,0.36295681063122925,0
0.25104090571403503,0.36295681063122925,1
0.3198675513267517,0.36295681063122925,1
0.23373468220233917,0.36295681063122925,1
0.3948105573654175,0.4467741935483871,0
0.8052309155464172,0.8159722222222222,1
0.9199838638305664,0.9757575757575757,1
0.7943680882453918,0.8159722222222222,1
0.7523579001426697,0.7515151515151515,0
0.07014544308185577,0.36295681063122925,0
0.12571004033088684,0.36295681063122925,0
0.7742940187454224,0.8159722222222222,1
0.613286554813385,0.5822532402791626,1
0.6845170855522156,0.6492307692307693,1
0.6337283849716187,0.5822532402791626,1
0.6053615212440491,0.5822532402791626,0
0.4724549651145935,0.47019867549668876,1
0.8385188579559326,0.8680555555555556,1
0.6726715564727783,0.6492307692307693,1
0.42559778690338135,0.4467741935483871,0
0.5004808902740479,0.4946107784431136,1
0.3716869056224823,0.42160278745644597,1
0.45661965012550354,0.4467741935483871,0
0.546937882900238,0.5373134328358212,1
0.5151808857917786,0.4946107784431136,1
0.6532484889030457,0.6484375,1
0.25276806950569153,0.36295681063122925,1
0.12683172523975372,0.36295681063122925,0
0.5433632135391235,0.5373134328358212,0
0.39145565032958984,0.4467741935483871,1
0.7313288450241089,0.7515151515151515,0
0.6226606965065002,0.5822532402791626,0
0.4457694888114929,0.4467741935483871,0
0.600010097026825,0.5822532402791626,1
0.34559381008148193,0.36295681063122925,1
0.30110496282577515,0.36295681063122925,0
0.4006357491016388,0.4467741935483871,0
0.15886728465557098,0.36295681063122925,0
0.34701043367385864,0.36295681063122925,0
0.37335821986198425,0.42160278745644597,0
0.8352026343345642,0.8680555555555556,1
0.21290326118469238,0.36295681063122925,1
0.4728374779224396,0.47019867549668876,0
0.6703476905822754,0.6492307692307693,0
0.3036891222000122,0.36295681063122925,0
0.7653563618659973,0.7515151515151515,1
0.4376930594444275,0.4467741935483871,0
0.6366299986839294,0.5822532402791626,1
0.44329509139060974,0.4467741935483871,0
0.6336670517921448,0.5822532402791626,0
0.6705949902534485,0.6492307692307693,0
0.6094717979431152,0.5822532402791626,0
0.8182494044303894,0.8571428571428571,1
0.3367427587509155,0.36295681063122925,1
0.5471094250679016,0.5373134328358212,0
0.4366801381111145,0.4467741935483871,0
0.14842216670513153,0.36295681063122925,0
0.1578880101442337,0.36295681063122925,0
0.1922171711921692,0.36295681063122925,0
0.16231435537338257,0.36295681063122925,0
0.7868767976760864,0.8159722222222222,1
0.616187572479248,0.5822532402791626,1
0.8440244793891907,0.8680555555555556,1
0.6016061902046204,0.5822532402791626,0
0.7155875563621521,0.7052238805970149,0
0.7185906767845154,0.7052238805970149,1
0.5061915516853333,0.4946107784431136,1
0.6586890816688538,0.6484375,1
0.4014752507209778,0.4467741935483871,0
0.5107559561729431,0.4946107784431136,1
0.3927968740463257,0.4467741935483871,1
0.5941007137298584,0.5822532402791626,1
0.4375271201133728,0.4467741935483871,1
0.39923322200775146,0.4467741935483871,1
0.46144241094589233,0.4467741935483871,0
0.5908203721046448,0.5822532402791626,1
0.6708589792251587,0.6492307692307693,1
0.6574728488922119,0.6484375,0
0.23406952619552612,0.36295681063122925,0
0.5139021873474121,0.4946107784431136,0
0.3768087923526764,0.42160278745644597,0
0.8343409895896912,0.8680555555555556,0
0.35790514945983887,0.41509433962264153,1
0.3590002954006195,0.41509433962264153,0
0.5695878863334656,0.5822532402791626,0
0.5997982621192932,0.5822532402791626,1
0.6561097502708435,0.6484375,1
0.6059862375259399,0.5822532402791626,1
0.6315312385559082,0.5822532402791626,1
0.308065801858902,0.36295681063122925,1
0.5907052755355835,0.5822532402791626,1
0.7123960852622986,0.7052238805970149,1
0.4685747027397156,0.47019867549668876,0
0.692628026008606,0.6804123711340206,1
0.6621522903442383,0.6492307692307693,0
0.051251813769340515,0.36295681063122925,0
0.10089045763015747,0.36295681063122925,0
0.03745756670832634,0.36295681063122925,0
0.5924249291419983,0.5822532402791626,1
0.19061608612537384,0.36295681063122925,0
0.6158150434494019,0.5822532402791626,0
0.320444256067276,0.36295681063122925,0
0.3119654357433319,0.36295681063122925,1
0.2957444190979004,0.36295681063122925,1
0.34988752007484436,0.4024390243902439,0
0.4764454960823059,0.47019867549668876,0
0.9145908355712891,0.9757575757575757,1
0.8005841374397278,0.8159722222222222,0
0.8552922606468201,0.8680555555555556,1
0.4694279432296753,0.47019867549668876,1
0.5342570543289185,0.5373134328358212,1
0.47438645362854004,0.47019867549668876,1
0.7534701228141785,0.7515151515151515,0
0.6365510821342468,0.5822532402791626,1
0.36796316504478455,0.42160278745644597,0
0.4996480941772461,0.4946107784431136,0
0.2827405631542206,0.36295681063122925,0
0.4975951313972473,0.4946107784431136,1
0.3372238576412201,0.36295681063122925,0
0.4037543833255768,0.4467741935483871,0
0.5832542777061462,0.5822532402791626,1
0.6903986930847168,0.6804123711340206,1
0.26856324076652527,0.36295681063122925,0
0.5861467123031616,0.5822532402791626,0
0.38072076439857483,0.42160278745644597,0
0.39958351850509644,0.4467741935483871,0
0.3947524130344391,0.4467741935483871,0
0.25774556398391724,0.36295681063122925,0
0.7658469676971436,0.7515151515151515,1
0.4404449462890625,0.4467741935483871,0
0.6604084372520447,0.6492307692307693,1
0.40010866522789,0.4467741935483871,0
0.552698016166687,0.5373134328358212,0
0.4587487578392029,0.4467741935483871,1
0.5247294306755066,0.4946107784431136,1
0.543455183506012,0.5373134328358212,0
0.3430188298225403,0.36295681063122925,0
0.5323131680488586,0.4946107784431136,0
0.16221804916858673,0.36295681063122925,0
0.2720811367034912,0.36295681063122925,0
0.6396798491477966,0.6,1
0.14383214712142944,0.36295681063122925,0
0.34855887293815613,0.36295681063122925,0
0.7628739476203918,0.7515151515151515,1
0.4755384027957916,0.47019867549668876,0
0.5614467859268188,0.5794392523364486,1
0.5305468440055847,0.4946107784431136,0
0.6118714213371277,0.5822532402791626,1
0.4645037055015564,0.4467741935483871,0
0.8975741863250732,0.9757575757575757,1
0.4829827845096588,0.4946107784431136,0
0.3023454248905182,0.36295681063122925,1
0.39273834228515625,0.4467741935483871,1
0.24100624024868011,0.36295681063122925,0
0.5427844524383545,0.5373134328358212,0
0.1591060310602188,0.36295681063122925,1
0.2876502573490143,0.36295681063122925,0
0.2725783586502075,0.36295681063122925,0
0.32933807373046875,0.36295681063122925,0
0.18740664422512054,0.36295681063122925,0
0.643660843372345,0.6484375,1
0.6649683713912964,0.6492307692307693,1
0.6479166746139526,0.6484375,0
0.38643351197242737,0.4467741935483871,0
0.8602138757705688,0.872,1
0.6320329308509827,0.5822532402791626,0
0.6217729449272156,0.5822532402791626,1
0.7554481029510498,0.7515151515151515,0
0.3713054656982422,0.42160278745644597,0
0.737206757068634,0.7515151515151515,1
0.6186548471450806,0.5822532402791626,1
0.9541601538658142,0.9757575757575757,1
0.7505766153335571,0.7515151515151515,0
0.7829025387763977,0.8159722222222222,1
0.7618025541305542,0.7515151515151515,0
0.2500171363353729,0.36295681063122925,1
0.7527080774307251,0.7515151515151515,1
0.642482340335846,0.6484375,1
0.6806023716926575,0.6492307692307693,1
0.18540573120117188,0.36295681063122925,0
0.26333263516426086,0.36295681063122925,0
0.6332756876945496,0.5822532402791626,1
0.4818660318851471,0.4946107784431136,1
0.4798181653022766,0.4946107784431136,0
0.7164844870567322,0.7052238805970149,1
0.548747718334198,0.5373134328358212,0
0.35660451650619507,0.41509433962264153,0
0.6176692247390747,0.5822532402791626,0
0.6963611841201782,0.6804123711340206,1
0.6058864593505859,0.5822532402791626,1
0.42240267992019653,0.4467741935483871,0
0.540611982345581,0.5373134328358212,0
0.5493717789649963,0.5373134328358212,0
0.4378547966480255,0.4467741935483871,0
0.8009145855903625,0.8159722222222222,1
0.9080007672309875,0.9757575757575757,1
0.5407769083976746,0.5373134328358212,1
0.57916659116745,0.5822532402791626,1
0.7505477666854858,0.7515151515151515,0
0.669303834438324,0.6492307692307693,0
0.9343373775482178,0.9757575757575757,1
0.6315536499023438,0.5822532402791626,1
0.6315802931785583,0.5822532402791626,0
0.711859941482544,0.7052238805970149,1
0.6248818039894104,0.5822532402791626,0
0.4777766764163971,0.47368421052631576,0
0.39806580543518066,0.4467741935483871,0
0.7442450523376465,0.7515151515151515,1
0.6385370492935181,0.6,1
0.5459153652191162,0.5373134328358212,1
0.42635759711265564,0.4467741935483871,0
0.6786457300186157,0.6492307692307693,0
0.6479288339614868,0.6484375,0
0.31861162185668945,0.36295681063122925,1
0.2818615138530731,0.36295681063122925,0
0.44375669956207275,0.4467741935483871,0
0.4726927578449249,0.47019867549668876,1
0.30631059408187866,0.36295681063122925,0
0.15250548720359802,0.36295681063122925,0
0.11348965764045715,0.36295681063122925,0
0.722558319568634,0.7052238805970149,1
0.565514326095581,0.5794392523364486,0
0.6143587231636047,0.5822532402791626,0
0.8795013427734375,0.872,1
0.41721656918525696,0.4467741935483871,1
0.4464731812477112,0.4467741935483871,1
0.3345259726047516,0.36295681063122925,0
0.4999054968357086,0.4946107784431136,1
0.47118306159973145,0.47019867549668876,0
0.28418824076652527,0.36295681063122925,0
0.1515670120716095,0.36295681063122925,0
0.3760603964328766,0.42160278745644597,1
0.069300077855587,0.36295681063122925,0
0.17072753608226776,0.36295681063122925,0
0.1194039061665535,0.36295681063122925,0
0.5215967297554016,0.4946107784431136,0
0.42082679271698,0.4467741935483871,1
0.5527817010879517,0.5373134328358212,1
0.44499704241752625,0.4467741935483871,0
0.48629578948020935,0.4946107784431136,1
0.6584563255310059,0.6484375,1
0.6243215799331665,0.5822532402791626,1
0.33347049355506897,0.36295681063122925,1
0.5115336775779724,0.4946107784431136,1
0.19136804342269897,0.36295681063122925,1
0.33452990651130676,0.36295681063122925,0
0.3566027581691742,0.41509433962264153,1
0.25952979922294617,0.36295681063122925,0
0.3265795111656189,0.36295681063122925,1
0.32613834738731384,0.36295681063122925,1
0.3121483027935028,0.36295681063122925,0
0.5272179245948792,0.4946107784431136,0
0.47978127002716064,0.4946107784431136,1
0.6899455785751343,0.65,0
0.7216578722000122,0.7052238805970149,1
0.4412235915660858,0.4467741935483871,0
0.5252135992050171,0.4946107784431136,1
0.5075708627700806,0.4946107784431136,1
0.3817388713359833,0.4467741935483871,1
0.39347967505455017,0.4467741935483871,1
0.4751928150653839,0.47019867549668876,0
0.5795646905899048,0.5822532402791626,0
0.37100446224212646,0.42160278745644597,0
0.46419084072113037,0.4467741935483871,1
0.29167771339416504,0.36295681063122925,0
0.6750243306159973,0.6492307692307693,1
0.16820940375328064,0.36295681063122925,0
0.5828542113304138,0.5822532402791626,0
0.8698594570159912,0.872,1
0.6402075886726379,0.6484375,1
0.618638277053833,0.5822532402791626,0
0.5998952984809875,0.5822532402791626,1
0.4486881494522095,0.4467741935483871,0
0.5114639401435852,0.4946107784431136,1
0.6630999445915222,0.6492307692307693,1
0.44543299078941345,0.4467741935483871,0
0.6328307390213013,0.5822532402791626,0
0.27144962549209595,0.36295681063122925,0
0.560606837272644,0.5794392523364486,0
0.5092378854751587,0.4946107784431136,1
0.4564652442932129,0.4467741935483871,0
0.6286135911941528,0.5822532402791626,1
0.5584261417388916,0.5373134328358212,0
0.6444960236549377,0.6484375,0
0.8934402465820312,0.9545454545454546,1
0.8050858378410339,0.8159722222222222,1
0.6665346622467041,0.6492307692307693,0
0.5996086001396179,0.5822532402791626,1
0.5945090651512146,0.5822532402791626,0
0.6025542616844177,0.5822532402791626,1
0.5699332356452942,0.5822532402791626,1
0.6388365030288696,0.6,1
0.5713326930999756,0.5822532402791626,0
0.3141593635082245,0.36295681063122925,0
0.5912690162658691,0.5822532402791626,1
0.4365040063858032,0.4467741935483871,1
0.4718101918697357,0.47019867549668876,0
0.5188096165657043,0.4946107784431136,1
0.8333294987678528,0.8680555555555556,1
0.45246729254722595,0.4467741935483871,0
0.17711924016475677,0.36295681063122925,1
0.1456102728843689,0.36295681063122925,0
0.6219455599784851,0.5822532402791626,0
0.1850837916135788,0.36295681063122925,0
0.8596355319023132,0.872,1
0.37445592880249023,0.42160278745644597,0
0.43169039487838745,0.4467741935483871,1
0.4158604145050049,0.4467741935483871,1
0.27243223786354065,0.36295681063122925,0
0.26246917247772217,0.36295681063122925,1
0.32180503010749817,0.36295681063122925,0
0.21154186129570007,0.36295681063122925,0
0.5733956694602966,0.5822532402791626,1
0.5949848294258118,0.5822532402791626,1
0.737890899181366,0.7515151515151515,1
0.5925692915916443,0.5822532402791626,1
0.4272118806838989,0.4467741935483871,1
0.5476043820381165,0.5373134328358212,1
0.6029016971588135,0.5822532402791626,0
0.4679115116596222,0.4467741935483871,0
0.7409703135490417,0.7515151515151515,0
0.6864377856254578,0.6492307692307693,1
0.3625298738479614,0.42160278745644597,1
0.9045599102973938,0.9757575757575757,1
0.7826984524726868,0.8159722222222222,1
0.5692024827003479,0.5822532402791626,1
0.5936517715454102,0.5822532402791626,1
0.3143218755722046,0.36295681063122925,0
0.6195903420448303,0.5822532402791626,0
0.22226779162883759,0.36295681063122925,1
0.2129281759262085,0.36295681063122925,1
0.3314405679702759,0.36295681063122925,1
0.6315457820892334,0.5822532402791626,1
0.7993574142456055,0.8159722222222222,1
0.683207631111145,0.6492307692307693,1
0.6381877064704895,0.6,1
0.5915812253952026,0.5822532402791626,0
0.6677802801132202,0.6492307692307693,0
0.3816535770893097,0.4467741935483871,1
0.41780588030815125,0.4467741935483871,0
0.743705689907074,0.7515151515151515,0
0.5342623591423035,0.5373134328358212,0
0.5811721086502075,0.5822532402791626,1
0.20850057899951935,0.36295681063122925,0
0.2178429216146469,0.36295681063122925,0
0.9020121097564697,0.9757575757575757,1
0.41764530539512634,0.4467741935483871,0
0.5962877869606018,0.5822532402791626,1
0.7087880969047546,0.7052238805970149,1
0.46207869052886963,0.4467741935483871,0
0.4684602916240692,0.47019867549668876,1
0.40816807746887207,0.4467741935483871,0
0.427839994430542,0.4467741935483871,1
0.48797088861465454,0.4946107784431136,1
0.5458760857582092,0.5373134328358212,1
0.32307109236717224,0.36295681063122925,1
0.4075962007045746,0.4467741935483871,1
0.3968113660812378,0.4467741935483871,1
0.38560745120048523,0.4467741935483871,1
0.4415941536426544,0.4467741935483871,0
0.44769740104675293,0.4467741935483871,1
0.40743589401245117,0.4467741935483871,0
0.2826622724533081,0.36295681063122925,1
0.307904452085495,0.36295681063122925,0
0.4013771116733551,0.4467741935483871,1
0.41796210408210754,0.4467741935483871,1
0.4867400825023651,0.4946107784431136,1
0.3743739128112793,0.42160278745644597,0
0.5518141388893127,0.5373134328358212,1
0.3238479793071747,0.36295681063122925,0
0.2925781309604645,0.36295681063122925,0
0.6752382516860962,0.6492307692307693,1
0.32628363370895386,0.36295681063122925,0
0.5655947327613831,0.5794392523364486,0
0.5462103486061096,0.5373134328358212,0
0.5391226410865784,0.5373134328358212,1
0.4179733395576477,0.4467741935483871,0
0.709523618221283,0.7052238805970149,1
0.5835554003715515,0.5822532402791626,1
0.5648635625839233,0.5794392523364486,1
0.5387757420539856,0.5373134328358212,0
0.5070061087608337,0.4946107784431136,1
0.5835958123207092,0.5822532402791626,0
0.45814812183380127,0.4467741935483871,1
0.6037061214447021,0.5822532402791626,1
0.5606768131256104,0.5794392523364486,1
0.1613783836364746,0.36295681063122925,0
0.3703952431678772,0.42160278745644597,0
0.4759875237941742,0.47019867549668876,0
0.5487772226333618,0.5373134328358212,0
0.45214319229125977,0.4467741935483871,1
0.32171016931533813,0.36295681063122925,1
0.3147016167640686,0.36295681063122925,0
0.5237730145454407,0.4946107784431136,0
0.6557838916778564,0.6484375,0
0.3561781346797943,0.4024390243902439,0
0.4935022294521332,0.4946107784431136,0
0.7102147936820984,0.7052238805970149,0
0.5450625419616699,0.5373134328358212,1
0.6825509667396545,0.6492307692307693,1
0.6279935240745544,0.5822532402791626,1
0.656294584274292,0.6484375,0
0.7637394666671753,0.7515151515151515,1
0.6022133827209473,0.5822532402791626,1
0.5968859195709229,0.5822532402791626,1
0.6493709087371826,0.6484375,1
0.649802565574646,0.6484375,1
0.5498682260513306,0.5373134328358212,0
0.5420575141906738,0.5373134328358212,0
0.5710136294364929,0.5822532402791626,0
0.5611037611961365,0.5794392523364486,1
0.3006219267845154,0.36295681063122925,1
0.6110958456993103,0.5822532402791626,1
0.48546332120895386,0.4946107784431136,0
0.5904950499534607,0.5822532402791626,1
0.37474364042282104,0.42160278745644597,1
0.5201576352119446,0.4946107784431136,0
0.45868462324142456,0.4467741935483871,1
0.40927642583847046,0.4467741935483871,0
0.5636958479881287,0.5794392523364486,0
0.5406537652015686,0.5373134328358212,1
0.26404672861099243,0.36295681063122925,0
0.44092831015586853,0.4467741935483871,1
0.3032945394515991,0.36295681063122925,0
0.3284364938735962,0.36295681063122925,0
0.6319475173950195,0.5822532402791626,1
0.550682544708252,0.5373134328358212,1
0.47087737917900085,0.47019867549668876,1
0.5064829587936401,0.4946107784431136,0
0.6438154578208923,0.6484375,0
0.7595149278640747,0.7515151515151515,0
0.36445504426956177,0.42160278745644597,1
0.6964976787567139,0.6804123711340206,1
0.34191444516181946,0.36295681063122925,0
0.5063292384147644,0.4946107784431136,0
0.9104351997375488,0.9757575757575757,1
0.8075822591781616,0.8159722222222222,1
0.4055820405483246,0.4467741935483871,0
0.24717502295970917,0.36295681063122925,0
0.4607108235359192,0.4467741935483871,0
0.03695967048406601,0.36295681063122925,0
0.05812346562743187,0.36295681063122925,0
0.035347338765859604,0.36295681063122925,0
0.8808882236480713,0.872,1
0.5345800518989563,0.5373134328358212,1
0.6070644855499268,0.5822532402791626,0
0.6661275625228882,0.6492307692307693,1
0.4478566348552704,0.4467741935483871,0
0.5164942145347595,0.4946107784431136,1
0.5360690951347351,0.5373134328358212,1
0.4425933361053467,0.4467741935483871,0
0.5936786532402039,0.5822532402791626,0
0.6719890236854553,0.6492307692307693,1
0.6637834906578064,0.6492307692307693,1
0.9456467032432556,0.9757575757575757,1
0.7207373976707458,0.7052238805970149,1
0.5826533436775208,0.5822532402791626,1
0.6347810626029968,0.5822532402791626,0
0.6573653817176819,0.6484375,0
0.8292154669761658,0.8680555555555556,1
0.9859519004821777,1.0,1
0.6461349129676819,0.6484375,0
0.916962206363678,0.9757575757575757,1
0.41297656297683716,0.4467741935483871,0
0.43695756793022156,0.4467741935483871,0
0.9605373740196228,1.0,1
0.4920984208583832,0.4946107784431136,1
0.5974588394165039,0.5822532402791626,1
0.48920920491218567,0.4946107784431136,1
0.3619360327720642,0.42160278745644597,0
0.48482081294059753,0.4946107784431136,0
0.5838597416877747,0.5822532402791626,0
0.5300402641296387,0.4946107784431136,0
0.36845725774765015,0.42160278745644597,0
0.16194291412830353,0.36295681063122925,0
0.1898057460784912,0.36295681063122925,1
0.5775408744812012,0.5822532402791626,1
0.2408607304096222,0.36295681063122925,0
0.23948287963867188,0.36295681063122925,0
0.26714253425598145,0.36295681063122925,0
0.3190149962902069,0.36295681063122925,0
0.8986321687698364,0.9757575757575757,1
0.2434002310037613,0.36295681063122925,0
0.16935600340366364,0.36295681063122925,0
0.2564609944820404,0.36295681063122925,0
0.24011269211769104,0.36295681063122925,0
0.6351860165596008,0.5822532402791626,0
0.816415011882782,0.8571428571428571,1
0.49901679158210754,0.4946107784431136,0
0.5492433309555054,0.5373134328358212,0
0.5729031562805176,0.5822532402791626,0
0.19573146104812622,0.36295681063122925,0
0.3438626527786255,0.36295681063122925,1
0.21924999356269836,0.36295681063122925,0
0.2718691825866699,0.36295681063122925,0
0.5942688584327698,0.5822532402791626,1
0.5201172828674316,0.4946107784431136,0
0.5417571663856506,0.5373134328358212,1
0.5454288125038147,0.5373134328358212,1
0.42308783531188965,0.4467741935483871,1
0.22893744707107544,0.36295681063122925,0
0.1192762479186058,0.36295681063122925,0
0.08086749911308289,0.36295681063122925,0
0.6737035512924194,0.6492307692307693,1
0.5111499428749084,0.4946107784431136,0
0.4375457465648651,0.4467741935483871,1
0.48227956891059875,0.4946107784431136,0
0.694249153137207,0.6804123711340206,1
0.6494977474212646,0.6484375,1
0.5233107805252075,0.4946107784431136,0
0.6539605259895325,0.6484375,1
0.5207325220108032,0.4946107784431136,1
0.6632886528968811,0.6492307692307693,1
0.5659991502761841,0.5794392523364486,1
0.38932058215141296,0.4467741935483871,1
0.8901673555374146,0.872,1
0.671885073184967,0.6492307692307693,1
0.5783071517944336,0.5822532402791626,1
0.5107561945915222,0.4946107784431136,1
0.5604861378669739,0.5794392523364486,1
0.7060193419456482,0.7052238805970149,0
0.7272945046424866,0.7515151515151515,1
0.6980942487716675,0.6804123711340206,0
0.4168941378593445,0.4467741935483871,0
0.4507181644439697,0.4467741935483871,0
0.43043622374534607,0.4467741935483871,0
0.5640076994895935,0.5794392523364486,1
0.6894376873970032,0.65,1
0.45155832171440125,0.4467741935483871,0
0.7447644472122192,0.7515151515151515,1
0.588456928730011,0.5822532402791626,0
0.30033496022224426,0.36295681063122925,0
0.9212267398834229,0.9757575757575757,1
0.35952895879745483,0.41509433962264153,1
0.7146812081336975,0.7052238805970149,1
0.5279210805892944,0.4946107784431136,1
0.40762990713119507,0.4467741935483871,1
0.43205690383911133,0.4467741935483871,1
0.41819268465042114,0.4467741935483871,0
0.3465036153793335,0.36295681063122925,0
0.38760170340538025,0.4467741935483871,0
0.6398389339447021,0.6,0
0.5360568165779114,0.5373134328358212,1
0.589820384979248,0.5822532402791626,1
0.4112165570259094,0.4467741935483871,0
0.48426538705825806,0.4946107784431136,0
0.44596466422080994,0.4467741935483871,0
0.5425253510475159,0.5373134328358212,0
0.7402087450027466,0.7515151515151515,1
0.7464703917503357,0.7515151515151515,1
0.7011741995811462,0.7052238805970149,1
0.6862619519233704,0.6492307692307693,1
0.6868742108345032,0.6492307692307693,1
0.8424898982048035,0.8680555555555556,0
0.7574302554130554,0.7515151515151515,1
0.6891942620277405,0.65,1
0.8185169100761414,0.8571428571428571,1
0.49264654517173767,0.4946107784431136,1
0.7076264023780823,0.7052238805970149,1
0.5343018174171448,0.5373134328358212,1
0.6571404933929443,0.6484375,1
0.6778722405433655,0.6492307692307693,1
0.7634385228157043,0.7515151515151515,1
0.6638195514678955,0.6492307692307693,1
0.6526507139205933,0.6484375,1
0.41168680787086487,0.4467741935483871,1
0.5664902329444885,0.5822532402791626,1
0.49895748496055603,0.4946107784431136,1
0.40565815567970276,0.4467741935483871,1
0.7406848073005676,0.7515151515151515,1
0.5819419622421265,0.5822532402791626,0
0.7679822444915771,0.8,1
0.6075325012207031,0.5822532402791626,1
0.43345779180526733,0.4467741935483871,0
0.26797255873680115,0.36295681063122925,0
0.2922569811344147,0.36295681063122925,0
0.3200145959854126,0.36295681063122925,1
0.4215449094772339,0.4467741935483871,0
0.6807651519775391,0.6492307692307693,1
0.36376264691352844,0.42160278745644597,0
0.35946720838546753,0.41509433962264153,0
0.6902079582214355,0.6804123711340206,1
0.492827832698822,0.4946107784431136,0
0.5434547662734985,0.5373134328358212,0
0.5739154815673828,0.5822532402791626,1
0.2304753065109253,0.36295681063122925,0
0.9413495659828186,0.9757575757575757,1
0.7892004251480103,0.8159722222222222,1
0.24883824586868286,0.36295681063122925,1
0.24082286655902863,0.36295681063122925,1
0.3067965805530548,0.36295681063122925,1
0.11747891455888748,0.36295681063122925,0
0.4364319443702698,0.4467741935483871,1
0.4967961609363556,0.4946107784431136,0
0.6929774284362793,0.6804123711340206,1
0.549936056137085,0.5373134328358212,0
0.7146481871604919,0.7052238805970149,1
0.23932744562625885,0.36295681063122925,1
0.49437323212623596,0.4946107784431136,0
0.7983665466308594,0.8159722222222222,1
0.5929276943206787,0.5822532402791626,0
0.34848707914352417,0.36295681063122925,1
0.5472232103347778,0.5373134328358212,0
0.5472016334533691,0.5373134328358212,0
0.5887944102287292,0.5822532402791626,1
0.37016963958740234,0.42160278745644597,0
0.6603214144706726,0.6492307692307693,1
0.31237152218818665,0.36295681063122925,0
0.5446698069572449,0.5373134328358212,0
0.2936188876628876,0.36295681063122925,0
0.3469200134277344,0.36295681063122925,0
0.15711896121501923,0.36295681063122925,0
0.5206466913223267,0.4946107784431136,1
0.4794994592666626,0.4946107784431136,1
0.7298122048377991,0.7515151515151515,1
0.5841567516326904,0.5822532402791626,1
0.9389128684997559,0.9757575757575757,1
0.3944771885871887,0.4467741935483871,0
0.1983361542224884,0.36295681063122925,0
0.6954888701438904,0.6804123711340206,1
0.5214196443557739,0.4946107784431136,1
0.417165607213974,0.4467741935483871,1
0.3288070261478424,0.36295681063122925,0
0.7221020460128784,0.7052238805970149,1
0.537684977054596,0.5373134328358212,0
0.6231863498687744,0.5822532402791626,1
0.6502950191497803,0.6484375,1
0.24479970335960388,0.36295681063122925,0
0.36164700984954834,0.42160278745644597,1
0.35715991258621216,0.41509433962264153,1
0.46075859665870667,0.4467741935483871,1
0.39570003747940063,0.4467741935483871,1
0.4590820074081421,0.4467741935483871,1
0.4612964689731598,0.4467741935483871,1
0.41353586316108704,0.4467741935483871,0
0.5099243521690369,0.4946107784431136,1
0.4849057197570801,0.4946107784431136,0
0.4851919710636139,0.4946107784431136,0
0.3291030824184418,0.36295681063122925,0
0.48932623863220215,0.4946107784431136,0
0.2662898004055023,0.36295681063122925,0
0.10272379219532013,0.36295681063122925,0
0.11737632751464844,0.36295681063122925,0
0.09793734550476074,0.36295681063122925,0
0.6091915369033813,0.5822532402791626,1
0.5983509421348572,0.5822532402791626,0
0.6387306451797485,0.6,1
0.6000994443893433,0.5822532402791626,1
0.3841862976551056,0.4467741935483871,0
0.5849857330322266,0.5822532402791626,1
0.6416821479797363,0.6484375,1
0.5442993640899658,0.5373134328358212,0
0.6841290593147278,0.6492307692307693,0
0.35443276166915894,0.4024390243902439,1
0.7683205008506775,0.8,0
0.38320738077163696,0.4467741935483871,0
0.5499627590179443,0.5373134328358212,0
0.6917198300361633,0.6804123711340206,1
0.6485536098480225,0.6484375,1
0.576071560382843,0.5822532402791626,0
0.6337941884994507,0.5822532402791626,0
0.3490847945213318,0.36295681063122925,0
0.8396055102348328,0.8680555555555556,1
0.8637579083442688,0.872,1
0.6157788634300232,0.5822532402791626,1
0.4630088806152344,0.4467741935483871,0
0.6146417856216431,0.5822532402791626,0
0.7089676856994629,0.7052238805970149,1
0.3805600702762604,0.42160278745644597,1
0.5832138061523438,0.5822532402791626,1
0.6854845881462097,0.6492307692307693,1
0.6125897765159607,0.5822532402791626,0
0.5126893520355225,0.4946107784431136,1
0.7415085434913635,0.7515151515151515,1
0.42987215518951416,0.4467741935483871,1
0.2739610970020294,0.36295681063122925,0
0.5049736499786377,0.4946107784431136,1
0.4212902784347534,0.4467741935483871,0
0.49536195397377014,0.4946107784431136,1
0.47581571340560913,0.47019867549668876,1
0.35288816690444946,0.4024390243902439,0
0.5704984664916992,0.5822532402791626,1
0.39803850650787354,0.4467741935483871,1
0.5453397631645203,0.5373134328358212,1
0.3764214813709259,0.42160278745644597,0
0.5586832761764526,0.5373134328358212,0
0.33333802223205566,0.36295681063122925,0
0.53215092420578,0.4946107784431136,0
0.6170763969421387,0.5822532402791626,1
0.5743014812469482,0.5822532402791626,1
0.4802680015563965,0.4946107784431136,1
0.3620608448982239,0.42160278745644597,1
0.44695258140563965,0.4467741935483871,1
0.1340245008468628,0.36295681063122925,0
0.4551985263824463,0.4467741935483871,0
0.4123045802116394,0.4467741935483871,1
0.5646237134933472,0.5794392523364486,1
0.5675134658813477,0.5822532402791626,1
0.38915354013442993,0.4467741935483871,0
0.5433433651924133,0.5373134328358212,1
0.4647749662399292,0.4467741935483871,0
0.39707115292549133,0.4467741935483871,1
0.4277823269367218,0.4467741935483871,0
0.5688732862472534,0.5822532402791626,1
0.47199952602386475,0.47019867549668876,1
0.34052249789237976,0.36295681063122925,1
0.5770600438117981,0.5822532402791626,1
0.39119648933410645,0.4467741935483871,1
0.43484315276145935,0.4467741935483871,0
0.7071210145950317,0.7052238805970149,1
0.42592117190361023,0.4467741935483871,0
0.4429359436035156,0.4467741935483871,0
0.4441845417022705,0.4467741935483871,1
0.7289727926254272,0.7515151515151515,1
0.2742379605770111,0.36295681063122925,1
0.20156322419643402,0.36295681063122925,0
0.48112380504608154,0.4946107784431136,1
0.224177286028862,0.36295681063122925,0
0.22063495218753815,0.36295681063122925,0
0.514724612236023,0.4946107784431136,1
0.3963475227355957,0.4467741935483871,0
0.4483020305633545,0.4467741935483871,1
0.25805267691612244,0.36295681063122925,0
0.3342421054840088,0.36295681063122925,0
0.33389008045196533,0.36295681063122925,0
0.709431529045105,0.7052238805970149,1
0.6989930868148804,0.7052238805970149,1
0.7224476337432861,0.7052238805970149,1
0.7205752730369568,0.7052238805970149,1
0.9780657887458801,1.0,1
0.570781946182251,0.5822532402791626,1
0.41396474838256836,0.4467741935483871,1
0.7309803366661072,0.7515151515151515,1
0.6458399295806885,0.6484375,1
0.5309599041938782,0.4946107784431136,1
0.4922303855419159,0.4946107784431136,1
0.42504093050956726,0.4467741935483871,1
0.3325299620628357,0.36295681063122925,0
0.3982311189174652,0.4467741935483871,1
0.47096937894821167,0.47019867549668876,0
0.4434671103954315,0.4467741935483871,0
0.566660463809967,0.5822532402791626,0
0.44215065240859985,0.4467741935483871,0
0.4024612605571747,0.4467741935483871,0
0.9035983681678772,0.9757575757575757,1
0.4347124993801117,0.4467741935483871,1
0.36191365122795105,0.42160278745644597,0
0.800386905670166,0.8159722222222222,1
0.7769716382026672,0.8159722222222222,1
0.5244021415710449,0.4946107784431136,0
0.43254756927490234,0.4467741935483871,0
0.5946917533874512,0.5822532402791626,1
0.7671833038330078,0.7515151515151515,0
0.5972056984901428,0.5822532402791626,1
0.7738094925880432,0.8159722222222222,1
0.7660578489303589,0.7515151515151515,1
0.8586369156837463,0.872,1
0.8165231943130493,0.8571428571428571,1
0.7298640608787537,0.7515151515151515,1
0.5567939281463623,0.5373134328358212,0
0.24702632427215576,0.36295681063122925,0
0.1445585936307907,0.36295681063122925,0
0.9343214631080627,0.9757575757575757,1
0.7879687547683716,0.8159722222222222,1
0.6472568511962891,0.6484375,0
0.3667476773262024,0.42160278745644597,0
0.736879825592041,0.7515151515151515,0
0.8505449295043945,0.8680555555555556,1
0.5040695071220398,0.4946107784431136,0
0.4591867923736572,0.4467741935483871,1
0.4350561499595642,0.4467741935483871,0
0.5211164951324463,0.4946107784431136,0
0.6483001112937927,0.6484375,1
0.6676211953163147,0.6492307692307693,1
0.25467929244041443,0.36295681063122925,1
0.3200438916683197,0.36295681063122925,1
0.3340694308280945,0.36295681063122925,0
0.5103083848953247,0.4946107784431136,1
0.31229645013809204,0.36295681063122925,0
0.4356795847415924,0.4467741935483871,1
0.2810673713684082,0.36295681063122925,1
0.32550859451293945,0.36295681063122925,0
0.18866781890392303,0.36295681063122925,1
0.14926521480083466,0.36295681063122925,0
0.27474334836006165,0.36295681063122925,0
0.2820284962654114,0.36295681063122925,1
0.19564411044120789,0.36295681063122925,0
0.44982314109802246,0.4467741935483871,1
0.6252811551094055,0.5822532402791626,1
0.5317766666412354,0.4946107784431136,0
0.49765264987945557,0.4946107784431136,0
0.3991844952106476,0.4467741935483871,1
0.46963006258010864,0.47019867549668876,1
0.4220679998397827,0.4467741935483871,0
0.47123807668685913,0.47019867549668876,0
0.3560856282711029,0.4024390243902439,0
0.532734215259552,0.4946107784431136,0
0.50701904296875,0.4946107784431136,1
0.7954020500183105,0.8159722222222222,1
0.8184779286384583,0.8571428571428571,1
0.3509444296360016,0.4024390243902439,1
0.3701454699039459,0.42160278745644597,1
0.20937173068523407,0.36295681063122925,0
0.22518853843212128,0.36295681063122925,1
0.7708251476287842,0.8159722222222222,1
0.37651941180229187,0.42160278745644597,0
0.16972529888153076,0.36295681063122925,0
0.1944752335548401,0.36295681063122925,0
0.3293279707431793,0.36295681063122925,0
0.7058742642402649,0.7052238805970149,0
0.579595685005188,0.5822532402791626,1
0.5593535900115967,0.5373134328358212,0
0.5745354294776917,0.5822532402791626,0
0.6291828751564026,0.5822532402791626,1
0.6171019673347473,0.5822532402791626,1
0.5654889941215515,0.5794392523364486,0
0.5022743940353394,0.4946107784431136,0
0.3954191505908966,0.4467741935483871,0
0.7046303749084473,0.7052238805970149,1
0.4737984538078308,0.47019867549668876,0
0.41012483835220337,0.4467741935483871,0
0.650588870048523,0.6484375,0
0.7838950753211975,0.8159722222222222,1
0.5868601202964783,0.5822532402791626,0
0.4486529529094696,0.4467741935483871,1
0.6221246719360352,0.5822532402791626,0
0.3532605469226837,0.4024390243902439,0
0.4098323583602905,0.4467741935483871,0
0.09679903090000153,0.36295681063122925,0
0.09936054050922394,0.36295681063122925,0
0.08987566083669662,0.36295681063122925,0
0.38785460591316223,0.4467741935483871,0
0.6141077280044556,0.5822532402791626,1
0.3524974584579468,0.4024390243902439,0
0.47124284505844116,0.47019867549668876,1
0.5647382736206055,0.5794392523364486,1
0.36940816044807434,0.42160278745644597,0
0.6392038464546204,0.6,0
0.35721924901008606,0.41509433962264153,0
0.5371581315994263,0.5373134328358212,0
0.518109917640686,0.4946107784431136,0
0.5515255928039551,0.5373134328358212,0
0.7574716210365295,0.7515151515151515,0
0.2504154443740845,0.36295681063122925,0
0.5780006647109985,0.5822532402791626,0
0.8654550313949585,0.872,1
0.6750189661979675,0.6492307692307693,1
0.5569860935211182,0.5373134328358212,0
0.3438093364238739,0.36295681063122925,1
0.2091531902551651,0.36295681063122925,0
0.09414269775152206,0.36295681063122925,0
0.6889894008636475,0.65,1
0.5554168820381165,0.5373134328358212,1
0.20442552864551544,0.36295681063122925,0
0.202617809176445,0.36295681063122925,0
0.2594085931777954,0.36295681063122925,0
0.43630316853523254,0.4467741935483871,0
0.23913325369358063,0.36295681063122925,1
0.3023427426815033,0.36295681063122925,0
0.3308888077735901,0.36295681063122925,0
0.36763709783554077,0.42160278745644597,0
0.23289267718791962,0.36295681063122925,0
0.86347895860672,0.872,1
0.5919085741043091,0.5822532402791626,1
0.5865339636802673,0.5822532402791626,1
0.6456325650215149,0.6484375,1
0.3656054139137268,0.42160278745644597,0
0.637796938419342,0.6,1
0.40997040271759033,0.4467741935483871,1
0.3415905833244324,0.36295681063122925,1
0.40209364891052246,0.4467741935483871,1
0.6509741544723511,0.6484375,1
0.5513540506362915,0.5373134328358212,1
0.05993817746639252,0.36295681063122925,0
0.47350579500198364,0.47019867549668876,1
0.07171720266342163,0.36295681063122925,0
0.12908640503883362,0.36295681063122925,1
0.28164711594581604,0.36295681063122925,1
0.32284629344940186,0.36295681063122925,0
0.8238392472267151,0.8571428571428571,1
0.24545010924339294,0.36295681063122925,1
0.21154680848121643,0.36295681063122925,1
0.24076886475086212,0.36295681063122925,0
0.1687733680009842,0.36295681063122925,0
0.785024106502533,0.8159722222222222,1
0.16111920773983002,0.36295681063122925,0
0.13266582787036896,0.36295681063122925,0
0.08577025681734085,0.36295681063122925,0
0.521416187286377,0.4946107784431136,1
0.7915939092636108,0.8159722222222222,1
0.30906811356544495,0.36295681063122925,1
0.5361425876617432,0.5373134328358212,0
0.5375662446022034,0.5373134328358212,0
0.586770236492157,0.5822532402791626,0
0.508466362953186,0.4946107784431136,1
0.3486708104610443,0.36295681063122925,0
0.6338644623756409,0.5822532402791626,1
0.1525903195142746,0.36295681063122925,0
0.44624385237693787,0.4467741935483871,1
0.5248336791992188,0.4946107784431136,1
0.04036417230963707,0.36295681063122925,0
0.27393838763237,0.36295681063122925,0
0.24029730260372162,0.36295681063122925,1
0.35490885376930237,0.4024390243902439,1
0.23528915643692017,0.36295681063122925,0
0.5577144026756287,0.5373134328358212,0
0.40159446001052856,0.4467741935483871,0
0.6251651048660278,0.5822532402791626,0
0.5745606422424316,0.5822532402791626,0
0.2257842868566513,0.36295681063122925,1
0.20391833782196045,0.36295681063122925,0
0.8523266315460205,0.8680555555555556,1
0.1749887317419052,0.36295681063122925,0
0.24713918566703796,0.36295681063122925,0
0.2942257523536682,0.36295681063122925,1
0.5214276313781738,0.4946107784431136,0
0.3676048219203949,0.42160278745644597,0
0.5652738213539124,0.5794392523364486,0
0.6417024731636047,0.6484375,1
0.6773737072944641,0.6492307692307693,0
0.741633951663971,0.7515151515151515,1
0.35297301411628723,0.4024390243902439,1
0.28258612751960754,0.36295681063122925,1
0.3092300593852997,0.36295681063122925,0
0.8999083042144775,0.9757575757575757,1
0.2070191204547882,0.36295681063122925,0
0.2792656123638153,0.36295681063122925,0
0.642829179763794,0.6484375,0
0.01517012994736433,0.36295681063122925,0
0.019217683002352715,0.36295681063122925,1
0.016417117789387703,0.36295681063122925,0
0.5366798043251038,0.5373134328358212,1
0.49092400074005127,0.4946107784431136,1
0.46311813592910767,0.4467741935483871,0
0.5144826769828796,0.4946107784431136,0
0.7009139060974121,0.7052238805970149,1
0.5120523571968079,0.4946107784431136,0
0.62214595079422,0.5822532402791626,0
0.3674464523792267,0.42160278745644597,0
0.3903239369392395,0.4467741935483871,0
0.8111156821250916,0.8159722222222222,1
0.6880480647087097,0.6492307692307693,1
0.3095690608024597,0.36295681063122925,0
0.19473101198673248,0.36295681063122925,1
0.31276801228523254,0.36295681063122925,1
0.2338307946920395,0.36295681063122925,0
0.13389834761619568,0.36295681063122925,0
0.4658202826976776,0.4467741935483871,0
0.2568461298942566,0.36295681063122925,0
0.6593102812767029,0.6484375,1
0.8054852485656738,0.8159722222222222,1
0.3019883334636688,0.36295681063122925,1
0.3385496139526367,0.36295681063122925,1
0.6325462460517883,0.5822532402791626,0
0.5553281903266907,0.5373134328358212,0
0.42477917671203613,0.4467741935483871,0
0.26691901683807373,0.36295681063122925,0
0.32927843928337097,0.36295681063122925,0
0.2410338670015335,0.36295681063122925,0
0.24215999245643616,0.36295681063122925,0
0.8685823082923889,0.872,1
0.4775964915752411,0.47368421052631576,1
0.872474193572998,0.872,0
0.4990026652812958,0.4946107784431136,1
0.46365368366241455,0.4467741935483871,0
0.942341685295105,0.9757575757575757,1
0.7347220182418823,0.7515151515151515,0
0.47072672843933105,0.47019867549668876,1
0.7187798619270325,0.7052238805970149,1
0.2755153775215149,0.36295681063122925,0
0.21747374534606934,0.36295681063122925,0
0.14913120865821838,0.36295681063122925,0
0.48411279916763306,0.4946107784431136,0
0.7794104218482971,0.8159722222222222,1
0.8357388973236084,0.8680555555555556,1
0.5396784543991089,0.5373134328358212,0
0.47384199500083923,0.47019867549668876,1
0.6453543901443481,0.6484375,1
0.4407021105289459,0.4467741935483871,1
0.3942126929759979,0.4467741935483871,0
0.47065985202789307,0.47019867549668876,1
0.39938366413116455,0.4467741935483871,1
0.28181108832359314,0.36295681063122925,0
0.3711661100387573,0.42160278745644597,0
0.4899415075778961,0.4946107784431136,0
0.6668887138366699,0.6492307692307693,1
0.5175446271896362,0.4946107784431136,0
0.6347388029098511,0.5822532402791626,0
0.8634922504425049,0.872,1
0.8425785303115845,0.8680555555555556,1
0.7693198919296265,0.8159722222222222,1
0.6877150535583496,0.6492307692307693,0
0.7775039672851562,0.8159722222222222,1
0.655010998249054,0.6484375,0
0.6172323226928711,0.5822532402791626,0
0.7912999987602234,0.8159722222222222,0
0.5672973394393921,0.5822532402791626,0
0.6309472918510437,0.5822532402791626,1
0.46769461035728455,0.4467741935483871,1
0.6892871856689453,0.65,1
0.3863198161125183,0.4467741935483871,0
0.8404725193977356,0.8680555555555556,1
0.4925832450389862,0.4946107784431136,1
0.6249813437461853,0.5822532402791626,0
0.2977713346481323,0.36295681063122925,0
0.26725292205810547,0.36295681063122925,1
0.20798484981060028,0.36295681063122925,0
0.2329997569322586,0.36295681063122925,1
0.15343809127807617,0.36295681063122925,0
0.3046300411224365,0.36295681063122925,0
0.31122639775276184,0.36295681063122925,0
0.9339591264724731,0.9757575757575757,1
0.7244479656219482,0.7052238805970149,0
0.6372573971748352,0.6,1
0.6476130485534668,0.6484375,1
0.713005542755127,0.7052238805970149,1
0.6798320412635803,0.6492307692307693,1
0.4818631410598755,0.4946107784431136,1
0.6539226174354553,0.6484375,1
0.5497453212738037,0.5373134328358212,1
0.9536331295967102,0.9757575757575757,0
0.7614080309867859,0.7515151515151515,1
0.5803049802780151,0.5822532402791626,0
0.7871804237365723,0.8159722222222222,1
0.36744701862335205,0.42160278745644597,1
0.3109775483608246,0.36295681063122925,1
0.4019223749637604,0.4467741935483871,1
0.39475107192993164,0.4467741935483871,1
0.43998777866363525,0.4467741935483871,1
0.5848947167396545,0.5822532402791626,1
0.5258125066757202,0.4946107784431136,1
0.4175114333629608,0.4467741935483871,1
0.14203883707523346,0.36295681063122925,0
0.11394792050123215,0.36295681063122925,0
0.6211827397346497,0.5822532402791626,1
0.6976220607757568,0.6804123711340206,1
0.5081868767738342,0.4946107784431136,0
0.6055043935775757,0.5822532402791626,1
0.46786874532699585,0.4467741935483871,0
0.5140649080276489,0.4946107784431136,1
0.3679099678993225,0.42160278745644597,1
0.48757028579711914,0.4946107784431136,1
0.3991100788116455,0.4467741935483871,0
0.5879241228103638,0.5822532402791626,1
0.4617006778717041,0.4467741935483871,0
0.4936026930809021,0.4946107784431136,1
0.3763408064842224,0.42160278745644597,1
0.45074349641799927,0.4467741935483871,0
0.3874131739139557,0.4467741935483871,0
0.478413850069046,0.4946107784431136,1
0.31422311067581177,0.36295681063122925,0
0.7352877855300903,0.7515151515151515,1
0.702440083026886,0.7052238805970149,0
0.7648491263389587,0.7515151515151515,1
0.618981122970581,0.5822532402791626,0
0.5393407940864563,0.5373134328358212,1
0.6620540618896484,0.6492307692307693,1
0.6152978539466858,0.5822532402791626,1
0.479822039604187,0.4946107784431136,0
0.9402561187744141,0.9757575757575757,1
0.4980822205543518,0.4946107784431136,0
0.5296369194984436,0.4946107784431136,0
0.473429799079895,0.47019867549668876,0
0.4190104305744171,0.4467741935483871,1
0.4550199806690216,0.4467741935483871,0
0.456310898065567,0.4467741935483871,0
0.5320398807525635,0.4946107784431136,0
0.05416049063205719,0.36295681063122925,0
0.11935210227966309,0.36295681063122925,0
0.6634492874145508,0.6492307692307693,0
0.7427002787590027,0.7515151515151515,1
0.5460012555122375,0.5373134328358212,1
0.4306662380695343,0.4467741935483871,1
0.31526923179626465,0.36295681063122925,0
0.45684996247291565,0.4467741935483871,1
0.2779584228992462,0.36295681063122925,0
0.3071737289428711,0.36295681063122925,1
0.3234958052635193,0.36295681063122925,1
0.4057247042655945,0.4467741935483871,1
0.35239025950431824,0.4024390243902439,1
0.40812820196151733,0.4467741935483871,1
0.28687357902526855,0.36295681063122925,0
0.6192378401756287,0.5822532402791626,1
0.4269683063030243,0.4467741935483871,1
0.2764330804347992,0.36295681063122925,0
0.21487939357757568,0.36295681063122925,1
0.34058526158332825,0.36295681063122925,0
0.2898425757884979,0.36295681063122925,1
0.343758225440979,0.36295681063122925,0
0.31555819511413574,0.36295681063122925,0
0.2408449947834015,0.36295681063122925,0
0.6891337037086487,0.65,1
0.7139489650726318,0.7052238805970149,0
0.7902587652206421,0.8159722222222222,1
0.684149980545044,0.6492307692307693,1
0.6305851936340332,0.5822532402791626,0
0.6914842128753662,0.6804123711340206,1
0.7064714431762695,0.7052238805970149,1
0.8992356657981873,0.9757575757575757,1
0.5762360095977783,0.5822532402791626,1
0.6974321603775024,0.6804123711340206,0
0.5485206246376038,0.5373134328358212,1
0.4618194103240967,0.4467741935483871,0
0.06533609330654144,0.36295681063122925,1
0.033137232065200806,0.36295681063122925,0
0.10343446582555771,0.36295681063122925,1
0.03123318962752819,0.36295681063122925,0
0.04523588344454765,0.36295681063122925,0
0.3818920850753784,0.4467741935483871,1
0.033366162329912186,0.36295681063122925,0
0.0537998341023922,0.36295681063122925,0
0.15297077596187592,0.36295681063122925,0
0.09626290202140808,0.36295681063122925,0
0.9408766627311707,0.9757575757575757,1
0.8852708339691162,0.872,1
0.11743133515119553,0.36295681063122925,0
0.7108853459358215,0.7052238805970149,0
0.397022008895874,0.4467741935483871,0
0.19719582796096802,0.36295681063122925,0
0.8596326112747192,0.872,1
0.3946855962276459,0.4467741935483871,1
0.7735896110534668,0.8159722222222222,1
0.23787465691566467,0.36295681063122925,1
0.3204394578933716,0.36295681063122925,1
0.8448298573493958,0.8680555555555556,0
0.4365535080432892,0.4467741935483871,1
0.36265140771865845,0.42160278745644597,0
0.5466302633285522,0.5373134328358212,0
0.5633766651153564,0.5794392523364486,1
0.30806612968444824,0.36295681063122925,1
0.387715220451355,0.4467741935483871,1
0.3016137480735779,0.36295681063122925,1
0.31563588976860046,0.36295681063122925,0
0.27239418029785156,0.36295681063122925,1
0.7581798434257507,0.7515151515151515,0
0.7704744338989258,0.8159722222222222,1
0.6975568532943726,0.6804123711340206,0
0.7511703968048096,0.7515151515151515,1
0.4933811128139496,0.4946107784431136,0
0.6347818374633789,0.5822532402791626,1
0.508779764175415,0.4946107784431136,0
0.6674734950065613,0.6492307692307693,1
0.7077629566192627,0.7052238805970149,0
0.6116144061088562,0.5822532402791626,1
0.4673028588294983,0.4467741935483871,1
0.834751307964325,0.8680555555555556,1
0.6376789808273315,0.6,1
0.710952639579773,0.7052238805970149,1
0.6720770597457886,0.6492307692307693,1
0.8383934497833252,0.8680555555555556,1
0.5813578963279724,0.5822532402791626,1
0.4349347949028015,0.4467741935483871,0
0.6121631860733032,0.5822532402791626,0
0.47662848234176636,0.47019867549668876,0
0.6194708347320557,0.5822532402791626,1
0.3958558142185211,0.4467741935483871,0
0.5828037858009338,0.5822532402791626,1
0.3479621112346649,0.36295681063122925,0
0.554782509803772,0.5373134328358212,0
0.5759559869766235,0.5822532402791626,0
0.5271915793418884,0.4946107784431136,1
0.45948439836502075,0.4467741935483871,0
0.6175112128257751,0.5822532402791626,0
0.4650847911834717,0.4467741935483871,0
0.2666546404361725,0.36295681063122925,0
0.3995431363582611,0.4467741935483871,0
0.9120208024978638,0.9757575757575757,1
0.8517059087753296,0.8680555555555556,1
0.629737377166748,0.5822532402791626,0
0.875349223613739,0.872,1
0.5856245160102844,0.5822532402791626,1
0.7339550852775574,0.7515151515151515,0
0.6303625106811523,0.5822532402791626,1
0.5697420835494995,0.5822532402791626,1
0.7383793592453003,0.7515151515151515,1
0.6248241662979126,0.5822532402791626,0
0.8569478988647461,0.8680555555555556,1
0.7535170912742615,0.7515151515151515,1
0.7301143407821655,0.7515151515151515,1
0.9040767550468445,0.9757575757575757,1
0.9255540370941162,0.9757575757575757,1
0.29482993483543396,0.36295681063122925,1
0.21775873005390167,0.36295681063122925,0
0.13896359503269196,0.36295681063122925,0
0.46093857288360596,0.4467741935483871,1
0.1259346753358841,0.36295681063122925,0
0.349426805973053,0.36295681063122925,0
0.23191159963607788,0.36295681063122925,1
0.2948214113712311,0.36295681063122925,0
0.31651175022125244,0.36295681063122925,1
0.19425882399082184,0.36295681063122925,0
0.43489938974380493,0.4467741935483871,0
0.5936546921730042,0.5822532402791626,1
0.3503630757331848,0.4024390243902439,1
0.3838805556297302,0.4467741935483871,1
0.512208104133606,0.4946107784431136,0
0.5201531052589417,0.4946107784431136,0
0.7944673299789429,0.8159722222222222,1
0.8127690553665161,0.8159722222222222,0
0.6513360738754272,0.6484375,1
0.7434444427490234,0.7515151515151515,1
0.6460433006286621,0.6484375,1
0.5053625106811523,0.4946107784431136,1
0.6119076013565063,0.5822532402791626,0
0.8494030237197876,0.8680555555555556,1
0.02656085416674614,0.36295681063122925,0
0.03040130063891411,0.36295681063122925,0
0.3360150158405304,0.36295681063122925,0
0.4039771854877472,0.4467741935483871,1
0.25214138627052307,0.36295681063122925,1
0.5747461915016174,0.5822532402791626,0
0.35211071372032166,0.4024390243902439,0
0.28101208806037903,0.36295681063122925,1
0.14537246525287628,0.36295681063122925,0
0.3931467831134796,0.4467741935483871,1
0.158926323056221,0.36295681063122925,0
0.22425711154937744,0.36295681063122925,1
0.3705877959728241,0.42160278745644597,1
0.10089670121669769,0.36295681063122925,0
0.2520313560962677,0.36295681063122925,0
0.4570074677467346,0.4467741935483871,0
0.6825908422470093,0.6492307692307693,1
0.5295078158378601,0.4946107784431136,0
0.6830288171768188,0.6492307692307693,1
0.46627283096313477,0.4467741935483871,0
0.6783360838890076,0.6492307692307693,0
0.5859194993972778,0.5822532402791626,1
0.6817052364349365,0.6492307692307693,1
0.5201776027679443,0.4946107784431136,1
0.5198400020599365,0.4946107784431136,1
0.7023117542266846,0.7052238805970149,1
0.5829024910926819,0.5822532402791626,0
0.6901916861534119,0.6804123711340206,1
0.7855219841003418,0.8159722222222222,0
0.8628425598144531,0.872,1
0.23353734612464905,0.36295681063122925,0
0.5800767540931702,0.5822532402791626,1
0.18965429067611694,0.36295681063122925,0
0.3206958472728729,0.36295681063122925,0
0.7712761759757996,0.8159722222222222,1
0.4987320899963379,0.4946107784431136,0
0.7822548747062683,0.8159722222222222,1
0.5983002781867981,0.5822532402791626,1
0.7061208486557007,0.7052238805970149,1
0.7034971117973328,0.7052238805970149,1
0.5378254055976868,0.5373134328358212,0
0.607978105545044,0.5822532402791626,0
0.5264156460762024,0.4946107784431136,0
0.6859819293022156,0.6492307692307693,0
0.4844655394554138,0.4946107784431136,1
0.6176591515541077,0.5822532402791626,1
0.8065045475959778,0.8159722222222222,1
0.4556451737880707,0.4467741935483871,1
0.498577356338501,0.4946107784431136,1
0.38355693221092224,0.4467741935483871,0
0.6533746719360352,0.6484375,1
0.7866178750991821,0.8159722222222222,1
0.6215340495109558,0.5822532402791626,1
0.633082926273346,0.5822532402791626,1
0.7737910151481628,0.8159722222222222,0
0.5773908495903015,0.5822532402791626,0
0.41795235872268677,0.4467741935483871,0
0.5793899297714233,0.5822532402791626,0
0.44455796480178833,0.4467741935483871,0
0.47513121366500854,0.47019867549668876,1
0.44769641757011414,0.4467741935483871,0
0.08379272371530533,0.36295681063122925,0
0.749735951423645,0.7515151515151515,0
0.4513389766216278,0.4467741935483871,0
0.5436545610427856,0.5373134328358212,0
0.5263107419013977,0.4946107784431136,0
0.40118950605392456,0.4467741935483871,0
0.7119073867797852,0.7052238805970149,0
0.9657508134841919,1.0,1
0.3415158689022064,0.36295681063122925,1
0.5788116455078125,0.5822532402791626,0
0.5415880084037781,0.5373134328358212,1
0.49976933002471924,0.4946107784431136,0
0.6334012746810913,0.5822532402791626,0
0.41532042622566223,0.4467741935483871,0
0.35773763060569763,0.41509433962264153,0
0.5726214647293091,0.5822532402791626,1
0.634497880935669,0.5822532402791626,0
0.49529680609703064,0.4946107784431136,0
0.8277939558029175,0.8680555555555556,1
0.4517478942871094,0.4467741935483871,0
0.644099235534668,0.6484375,0
0.5266299843788147,0.4946107784431136,1
0.5965173244476318,0.5822532402791626,1
0.5403575897216797,0.5373134328358212,1
0.3259121775627136,0.36295681063122925,1
0.4307297468185425,0.4467741935483871,0
0.36123743653297424,0.42160278745644597,1
0.5062869191169739,0.4946107784431136,1
0.37750357389450073,0.42160278745644597,1
0.3840312659740448,0.4467741935483871,1
0.4753142297267914,0.47019867549668876,0
0.5657259821891785,0.5794392523364486,1
0.5359950065612793,0.5373134328358212,0
0.41730809211730957,0.4467741935483871,0
0.2917100191116333,0.36295681063122925,0
0.709697961807251,0.7052238805970149,1
0.5754758715629578,0.5822532402791626,1
0.25309181213378906,0.36295681063122925,1
0.2754494249820709,0.36295681063122925,0
0.5970838069915771,0.5822532402791626,0
0.9247010946273804,0.9757575757575757,1
0.6814554333686829,0.6492307692307693,1
0.591616690158844,0.5822532402791626,0
0.5197032690048218,0.4946107784431136,0
0.5883843898773193,0.5822532402791626,1
0.22792449593544006,0.36295681063122925,0
0.5004956126213074,0.4946107784431136,1
0.31417912244796753,0.36295681063122925,0
0.6563526391983032,0.6484375,1
0.4179356098175049,0.4467741935483871,0
0.28157833218574524,0.36295681063122925,1
0.41627389192581177,0.4467741935483871,0
0.34682798385620117,0.36295681063122925,0
0.357753187417984,0.41509433962264153,0
0.38566067814826965,0.4467741935483871,0
0.2893347442150116,0.36295681063122925,0
0.5488294363021851,0.5373134328358212,1
0.6611120104789734,0.6492307692307693,1
0.743299663066864,0.7515151515151515,0
0.9453051090240479,0.9757575757575757,1
0.5351849794387817,0.5373134328358212,1
0.43581709265708923,0.4467741935483871,1
0.7188792824745178,0.7052238805970149,0
0.34104734659194946,0.36295681063122925,0
0.7765751481056213,0.8159722222222222,1
0.6177354454994202,0.5822532402791626,0
0.6025896072387695,0.5822532402791626,0
0.8304991126060486,0.8680555555555556,1
0.12192916870117188,0.36295681063122925,0
0.1500031054019928,0.36295681063122925,0
0.9328338503837585,0.9757575757575757,1
0.2983470559120178,0.36295681063122925,1
0.46420562267303467,0.4467741935483871,0
0.49623650312423706,0.4946107784431136,1
0.3927463889122009,0.4467741935483871,0
0.31356480717658997,0.36295681063122925,0
0.230978861451149,0.36295681063122925,0
0.12129248678684235,0.36295681063122925,1
0.1420607566833496,0.36295681063122925,0
0.165598064661026,0.36295681063122925,0
0.11845600605010986,0.36295681063122925,0
0.2309027761220932,0.36295681063122925,0
0.20836013555526733,0.36295681063122925,0
0.03801744058728218,0.36295681063122925,0
0.02327127195894718,0.36295681063122925,0
0.294590026140213,0.36295681063122925,0
0.7996042370796204,0.8159722222222222,1
0.20831242203712463,0.36295681063122925,0
0.38311681151390076,0.4467741935483871,0
0.6095116138458252,0.5822532402791626,0
0.2991219162940979,0.36295681063122925,0
0.40077871084213257,0.4467741935483871,1
0.9408748745918274,0.9757575757575757,1
0.17855027318000793,0.36295681063122925,0
0.5803516507148743,0.5822532402791626,1
0.31386563181877136,0.36295681063122925,1
0.36998438835144043,0.42160278745644597,1
0.5850250124931335,0.5822532402791626,1
0.4613130986690521,0.4467741935483871,0
0.4342224597930908,0.4467741935483871,0
0.6184601783752441,0.5822532402791626,0
0.6881413459777832,0.6492307692307693,0
0.48292720317840576,0.4946107784431136,1
0.502009391784668,0.4946107784431136,1
0.6253432035446167,0.5822532402791626,1
0.3813282251358032,0.4467741935483871,0
0.4275793731212616,0.4467741935483871,1
0.4070727229118347,0.4467741935483871,0
0.4917577803134918,0.4946107784431136,0
0.6554771661758423,0.6484375,0
0.21194924414157867,0.36295681063122925,1
0.2996549904346466,0.36295681063122925,0
0.2935238778591156,0.36295681063122925,1
0.23266075551509857,0.36295681063122925,0
0.6290461421012878,0.5822532402791626,1
0.2398509830236435,0.36295681063122925,0
0.36484378576278687,0.42160278745644597,1
0.4141397774219513,0.4467741935483871,0
0.460284560918808,0.4467741935483871,0
0.38634347915649414,0.4467741935483871,1
0.23385126888751984,0.36295681063122925,0
0.2692326009273529,0.36295681063122925,0
0.35662299394607544,0.41509433962264153,0
0.3376726508140564,0.36295681063122925,0
0.14568842947483063,0.36295681063122925,0
0.3373459577560425,0.36295681063122925,0
0.1106446236371994,0.36295681063122925,0
0.20016297698020935,0.36295681063122925,0
0.09558466076850891,0.36295681063122925,0
0.6695755124092102,0.6492307692307693,1
0.3107154071331024,0.36295681063122925,0
0.4560896158218384,0.4467741935483871,1
0.252860426902771,0.36295681063122925,1
0.2582288384437561,0.36295681063122925,0
0.24295341968536377,0.36295681063122925,0
0.021278714761137962,0.36295681063122925,0
0.005995803978294134,0.36295681063122925,0
0.30551040172576904,0.36295681063122925,1
0.49280422925949097,0.4946107784431136,0
0.3320170044898987,0.36295681063122925,0
0.671851634979248,0.6492307692307693,0
0.9761583209037781,1.0,1
0.21950188279151917,0.36295681063122925,0
0.677038311958313,0.6492307692307693,0
0.7970618605613708,0.8159722222222222,1
0.4446774125099182,0.4467741935483871,0
0.7515479922294617,0.7515151515151515,0
0.26595157384872437,0.36295681063122925,0
0.39824986457824707,0.4467741935483871,0
0.07269688695669174,0.36295681063122925,0
0.05455373227596283,0.36295681063122925,0
0.19623883068561554,0.36295681063122925,0
0.15154476463794708,0.36295681063122925,0
0.19778935611248016,0.36295681063122925,0
0.25096631050109863,0.36295681063122925,0
0.416132390499115,0.4467741935483871,1
0.23220913112163544,0.36295681063122925,0
0.32183852791786194,0.36295681063122925,0
0.6858303546905518,0.6492307692307693,0
0.8166874051094055,0.8571428571428571,0
0.7207502722740173,0.7052238805970149,0
0.38881516456604004,0.4467741935483871,1
0.2783372104167938,0.36295681063122925,1
0.45370814204216003,0.4467741935483871,1
0.16495449841022491,0.36295681063122925,0
0.8275022506713867,0.8680555555555556,1
0.2951795160770416,0.36295681063122925,0
0.25386887788772583,0.36295681063122925,0
0.2435881495475769,0.36295681063122925,0
0.6514304876327515,0.6484375,0
0.5697008371353149,0.5822532402791626,1
0.8049800992012024,0.8159722222222222,1
0.6030788421630859,0.5822532402791626,0
0.5472297072410583,0.5373134328358212,1
0.31960785388946533,0.36295681063122925,0
0.5125390291213989,0.4946107784431136,0
0.20589745044708252,0.36295681063122925,1
0.22020456194877625,0.36295681063122925,1
0.18474866449832916,0.36295681063122925,0
0.32784152030944824,0.36295681063122925,0
0.6544533967971802,0.6484375,1
0.6747623682022095,0.6492307692307693,1
0.7586475014686584,0.7515151515151515,1
0.36205145716667175,0.42160278745644597,0
0.3767920136451721,0.42160278745644597,0
0.5466381311416626,0.5373134328358212,1
0.24906039237976074,0.36295681063122925,0
0.4734707474708557,0.47019867549668876,0
0.312160462141037,0.36295681063122925,0
0.17177033424377441,0.36295681063122925,0
0.6131011247634888,0.5822532402791626,0
0.9112729430198669,0.9757575757575757,1
0.7174288034439087,0.7052238805970149,1
0.5313054323196411,0.4946107784431136,1
0.6667408347129822,0.6492307692307693,0
0.598851203918457,0.5822532402791626,0
0.899712324142456,0.9757575757575757,1
0.5326520800590515,0.4946107784431136,1
0.5987135767936707,0.5822532402791626,0
0.7244844436645508,0.7052238805970149,1
0.5695813298225403,0.5822532402791626,0
0.4190021753311157,0.4467741935483871,0
0.6731962561607361,0.6492307692307693,0
0.6204096078872681,0.5822532402791626,1
0.6552830934524536,0.6484375,1
0.48513472080230713,0.4946107784431136,1
0.3229975402355194,0.36295681063122925,0
0.2564898133277893,0.36295681063122925,1
0.2286437749862671,0.36295681063122925,0
0.4849158525466919,0.4946107784431136,1
0.43387290835380554,0.4467741935483871,0
0.4229077100753784,0.4467741935483871,0
0.6548522114753723,0.6484375,1
0.5893944501876831,0.5822532402791626,1
0.6198776960372925,0.5822532402791626,1
0.4602910876274109,0.4467741935483871,0
0.32913532853126526,0.36295681063122925,0
0.3198908865451813,0.36295681063122925,0
0.4544922113418579,0.4467741935483871,0
0.6488311290740967,0.6484375,0
0.8321614265441895,0.8680555555555556,0
0.29450348019599915,0.36295681063122925,0
0.4046536684036255,0.4467741935483871,1
0.5502753853797913,0.5373134328358212,1
0.5157831907272339,0.4946107784431136,0
0.43007606267929077,0.4467741935483871,0
0.7945865988731384,0.8159722222222222,0
0.6581271290779114,0.6484375,0
0.8451581597328186,0.8680555555555556,0
0.5576892495155334,0.5373134328358212,0
0.34468626976013184,0.36295681063122925,0
0.5136544704437256,0.4946107784431136,0
0.6373428106307983,0.6,1
0.3916262686252594,0.4467741935483871,0
0.44216930866241455,0.4467741935483871,0
0.6561319828033447,0.6484375,0
0.5719461441040039,0.5822532402791626,0
0.4715421199798584,0.47019867549668876,0
0.4254307746887207,0.4467741935483871,0
0.634652853012085,0.5822532402791626,1
0.22296804189682007,0.36295681063122925,0
0.3541991710662842,0.4024390243902439,0
0.7297649383544922,0.7515151515151515,0
0.8412677645683289,0.8680555555555556,1
0.591346025466919,0.5822532402791626,1
0.9701962471008301,1.0,1
0.7958364486694336,0.8159722222222222,0
0.8030580878257751,0.8159722222222222,1
0.5956042408943176,0.5822532402791626,0
0.8699095249176025,0.872,1
0.543714165687561,0.5373134328358212,1
0.6583699584007263,0.6484375,1
0.45280399918556213,0.4467741935483871,0
0.6056215167045593,0.5822532402791626,1
0.41153478622436523,0.4467741935483871,1
0.6931682229042053,0.6804123711340206,1
0.5023347735404968,0.4946107784431136,1
0.3847717046737671,0.4467741935483871,0
0.5023347735404968,0.4946107784431136,0
0.6071043610572815,0.5822532402791626,1
0.5174494981765747,0.4946107784431136,0
0.765198826789856,0.7515151515151515,1
0.4459773004055023,0.4467741935483871,0
0.4870958626270294,0.4946107784431136,0
0.7134495377540588,0.7052238805970149,0
0.4510739743709564,0.4467741935483871,0
0.613612949848175,0.5822532402791626,1
0.3197840452194214,0.36295681063122925,1
0.4594021439552307,0.4467741935483871,1
0.3540739119052887,0.4024390243902439,0
0.3558388352394104,0.4024390243902439,1
0.3763059675693512,0.42160278745644597,0
0.17163120210170746,0.36295681063122925,0
0.14656592905521393,0.36295681063122925,0
0.30210039019584656,0.36295681063122925,0
0.5946229100227356,0.5822532402791626,1
0.5166897773742676,0.4946107784431136,1
0.6782097220420837,0.6492307692307693,0
0.5098848342895508,0.4946107784431136,0
0.7629981637001038,0.7515151515151515,1
0.8014342784881592,0.8159722222222222,1
0.4462709128856659,0.4467741935483871,0
0.23874273896217346,0.36295681063122925,0
0.3907209634780884,0.4467741935483871,0
0.6593683362007141,0.6484375,1
0.4843108057975769,0.4946107784431136,0
0.293340265750885,0.36295681063122925,0
0.21583595871925354,0.36295681063122925,1
0.6200345754623413,0.5822532402791626,1
0.3428717255592346,0.36295681063122925,1
0.22670504450798035,0.36295681063122925,0
0.43331432342529297,0.4467741935483871,1
0.6229963898658752,0.5822532402791626,0
0.5752683281898499,0.5822532402791626,0
0.9037312865257263,0.9757575757575757,1
0.37745586037635803,0.42160278745644597,1
0.5700869560241699,0.5822532402791626,0
0.5650559067726135,0.5794392523364486,1
0.9546374082565308,0.9757575757575757,1
0.353905588388443,0.4024390243902439,1
0.4875778257846832,0.4946107784431136,1
0.48749256134033203,0.4946107784431136,1
0.3219774663448334,0.36295681063122925,1
0.7558456659317017,0.7515151515151515,1
0.39676886796951294,0.4467741935483871,0
0.38773542642593384,0.4467741935483871,1
0.3084878921508789,0.36295681063122925,0
0.46345019340515137,0.4467741935483871,1
0.7958261966705322,0.8159722222222222,1
0.4181461036205292,0.4467741935483871,1
0.2229253053665161,0.36295681063122925,0
0.2744195759296417,0.36295681063122925,0
0.42725902795791626,0.4467741935483871,1
0.3815506398677826,0.4467741935483871,0
0.4847402274608612,0.4946107784431136,0
0.5715504288673401,0.5822532402791626,1
0.49418905377388,0.4946107784431136,1
0.42438775300979614,0.4467741935483871,1
0.2018081694841385,0.36295681063122925,0
0.3516038954257965,0.4024390243902439,0
0.3738424777984619,0.42160278745644597,0
0.27862322330474854,0.36295681063122925,0
0.3656823933124542,0.42160278745644597,1
0.2930901348590851,0.36295681063122925,0
0.6211795806884766,0.5822532402791626,1
0.4268144965171814,0.4467741935483871,1
0.2761910557746887,0.36295681063122925,0
0.44016700983047485,0.4467741935483871,1
0.5440744757652283,0.5373134328358212,0
0.14500792324543,0.36295681063122925,0
0.05693579092621803,0.36295681063122925,0
0.6520329117774963,0.6484375,1
0.6643868088722229,0.6492307692307693,1
0.7235704064369202,0.7052238805970149,1
0.4570208787918091,0.4467741935483871,0
0.43765145540237427,0.4467741935483871,1
0.3969633877277374,0.4467741935483871,0
0.4316963255405426,0.4467741935483871,1
0.26118117570877075,0.36295681063122925,1
0.3370112180709839,0.36295681063122925,0
0.4698307514190674,0.47019867549668876,0
0.3653375804424286,0.42160278745644597,0
0.2787485718727112,0.36295681063122925,0
0.8113506436347961,0.8159722222222222,1
0.6281426548957825,0.5822532402791626,1
0.7124418616294861,0.7052238805970149,1
0.728505551815033,0.7515151515151515,1
0.5048533082008362,0.4946107784431136,1
0.6761351823806763,0.6492307692307693,0
0.6747112274169922,0.6492307692307693,1
0.4104267954826355,0.4467741935483871,0
0.37849345803260803,0.42160278745644597,0
0.4233023524284363,0.4467741935483871,1
0.6489831805229187,0.6484375,1
0.6974484920501709,0.6804123711340206,1
0.6343493461608887,0.5822532402791626,0
0.5646519064903259,0.5794392523364486,1
0.6303056478500366,0.5822532402791626,1
0.12342794984579086,0.36295681063122925,1
0.43459200859069824,0.4467741935483871,1
0.5933317542076111,0.5822532402791626,1
0.7283684611320496,0.7515151515151515,0
0.7689908146858215,0.8159722222222222,1
0.2904655635356903,0.36295681063122925,0
0.5591475963592529,0.5373134328358212,0
0.23932363092899323,0.36295681063122925,0
0.1905633956193924,0.36295681063122925,0
0.5183858275413513,0.4946107784431136,0
0.41964566707611084,0.4467741935483871,0
0.4989544749259949,0.4946107784431136,1
0.2950957715511322,0.36295681063122925,0
0.7538085579872131,0.7515151515151515,1
0.32818055152893066,0.36295681063122925,0
0.1218768060207367,0.36295681063122925,0
0.6874728798866272,0.6492307692307693,1
0.5064294934272766,0.4946107784431136,1
0.6480463147163391,0.6484375,1
0.8104366660118103,0.8159722222222222,1
0.6100865006446838,0.5822532402791626,1
0.6207524538040161,0.5822532402791626,1
0.45915430784225464,0.4467741935483871,1
0.4564361572265625,0.4467741935483871,0
0.4261707067489624,0.4467741935483871,0
0.3880596458911896,0.4467741935483871,1
0.5498084425926208,0.5373134328358212,0
0.5303959846496582,0.4946107784431136,1
0.38617977499961853,0.4467741935483871,0
0.5891954302787781,0.5822532402791626,0
0.5249250531196594,0.4946107784431136,1
0.5545614361763,0.5373134328358212,1
0.41867795586586,0.4467741935483871,0
0.3480282723903656,0.36295681063122925,0
0.5616124868392944,0.5794392523364486,1
0.5073058009147644,0.4946107784431136,1
0.4872879087924957,0.4946107784431136,0
0.3698323667049408,0.42160278745644597,1
0.43869277834892273,0.4467741935483871,0
0.10680615156888962,0.36295681063122925,0
0.12001325935125351,0.36295681063122925,0
0.812381386756897,0.8159722222222222,1
0.7045198082923889,0.7052238805970149,1
0.685874879360199,0.6492307692307693,0
0.4196476638317108,0.4467741935483871,1
0.4806882441043854,0.4946107784431136,0
0.33623841404914856,0.36295681063122925,0
0.49234524369239807,0.4946107784431136,1
0.6290118098258972,0.5822532402791626,1
0.5852484107017517,0.5822532402791626,0
0.8397408723831177,0.8680555555555556,1
0.5872515439987183,0.5822532402791626,0
0.5084191560745239,0.4946107784431136,0
0.14071476459503174,0.36295681063122925,0
0.19154836237430573,0.36295681063122925,0
0.15781712532043457,0.36295681063122925,0
0.15844391286373138,0.36295681063122925,0
0.44203072786331177,0.4467741935483871,0
0.14316120743751526,0.36295681063122925,0
0.1954982876777649,0.36295681063122925,0
0.3750430643558502,0.42160278745644597,1
0.2212160974740982,0.36295681063122925,0
0.19550418853759766,0.36295681063122925,0
0.1858939230442047,0.36295681063122925,0
0.4816993772983551,0.4946107784431136,0
0.26594167947769165,0.36295681063122925,1
0.16866014897823334,0.36295681063122925,0
0.31999555230140686,0.36295681063122925,0
0.5108660459518433,0.4946107784431136,1
0.40741297602653503,0.4467741935483871,1
0.182223841547966,0.36295681063122925,0
0.5349109768867493,0.5373134328358212,1
0.4682735800743103,0.47019867549668876,1
0.24770016968250275,0.36295681063122925,0
0.35169517993927,0.4024390243902439,0
0.3427806794643402,0.36295681063122925,0
0.2616080045700073,0.36295681063122925,1
0.19215473532676697,0.36295681063122925,0
0.4284805953502655,0.4467741935483871,1
0.9269355535507202,0.9757575757575757,1
0.40212658047676086,0.4467741935483871,0
0.6780120730400085,0.6492307692307693,1
0.2565717399120331,0.36295681063122925,1
0.33635252714157104,0.36295681063122925,0
0.9426840543746948,0.9757575757575757,1
0.6146522760391235,0.5822532402791626,0
0.4269528090953827,0.4467741935483871,1
0.2823874354362488,0.36295681063122925,1
0.2860316336154938,0.36295681063122925,0
0.37228378653526306,0.42160278745644597,1
0.40046679973602295,0.4467741935483871,0
0.24485313892364502,0.36295681063122925,0
0.5164570808410645,0.4946107784431136,1
0.3254413306713104,0.36295681063122925,1
0.2901335656642914,0.36295681063122925,0
0.5445802807807922,0.5373134328358212,1
0.4597027599811554,0.4467741935483871,1
0.4088212549686432,0.4467741935483871,0
0.7404278516769409,0.7515151515151515,1
0.2779662013053894,0.36295681063122925,0
0.48026758432388306,0.4946107784431136,0
0.44850414991378784,0.4467741935483871,0
0.30207934975624084,0.36295681063122925,1
0.2150682508945465,0.36295681063122925,0
0.5489585995674133,0.5373134328358212,1
0.40815019607543945,0.4467741935483871,1
0.4161025881767273,0.4467741935483871,1
0.27051201462745667,0.36295681063122925,0
0.2099134474992752,0.36295681063122925,0
0.7593604922294617,0.7515151515151515,0
0.6837309002876282,0.6492307692307693,1
0.6967661380767822,0.6804123711340206,0
0.43818992376327515,0.4467741935483871,1
0.6237504482269287,0.5822532402791626,0
0.6555941700935364,0.6484375,1
0.6645804047584534,0.6492307692307693,0
0.5713186264038086,0.5822532402791626,0
0.7185491323471069,0.7052238805970149,0
0.7313001751899719,0.7515151515151515,1
0.5881972312927246,0.5822532402791626,0
0.4337341785430908,0.4467741935483871,1
0.3468441069126129,0.36295681063122925,1
0.14603234827518463,0.36295681063122925,0
0.425580233335495,0.4467741935483871,0
0.5040213465690613,0.4946107784431136,0
0.4043770730495453,0.4467741935483871,1
0.39177265763282776,0.4467741935483871,1
0.5270654559135437,0.4946107784431136,1
0.5966957807540894,0.5822532402791626,0
0.5286591053009033,0.4946107784431136,0
0.49497589468955994,0.4946107784431136,1
0.7979972958564758,0.8159722222222222,1
0.3838322162628174,0.4467741935483871,1
0.4275539219379425,0.4467741935483871,1
0.5323846340179443,0.4946107784431136,0
0.4109596908092499,0.4467741935483871,1
0.4663265645503998,0.4467741935483871,0
0.4619784355163574,0.4467741935483871,0
0.31796008348464966,0.36295681063122925,1
0.6400848031044006,0.6,0
0.48156145215034485,0.4946107784431136,0
0.4488089978694916,0.4467741935483871,0
0.5697066187858582,0.5822532402791626,0
0.0794290080666542,0.36295681063122925,0
0.11648061871528625,0.36295681063122925,0
0.011165904812514782,0.36295681063122925,0
0.022753648459911346,0.36295681063122925,0
0.5132453441619873,0.4946107784431136,0
0.8521873950958252,0.8680555555555556,1
0.7142824530601501,0.7052238805970149,1
0.5770363211631775,0.5822532402791626,1
0.720389723777771,0.7052238805970149,1
0.3049697279930115,0.36295681063122925,1
0.41402918100357056,0.4467741935483871,0
0.6112999320030212,0.5822532402791626,0
0.24625104665756226,0.36295681063122925,1
0.17926205694675446,0.36295681063122925,0
0.3388863801956177,0.36295681063122925,0
0.1780937910079956,0.36295681063122925,0
0.21609754860401154,0.36295681063122925,0
0.21236445009708405,0.36295681063122925,0
0.2691926658153534,0.36295681063122925,0
0.06578448414802551,0.36295681063122925,0
0.11449538916349411,0.36295681063122925,0
0.40161338448524475,0.4467741935483871,0
0.32553020119667053,0.36295681063122925,0
0.5273468494415283,0.4946107784431136,0
0.5378895401954651,0.5373134328358212,0
0.5618196725845337,0.5794392523364486,0
0.6559407711029053,0.6484375,0
0.4957980811595917,0.4946107784431136,0
0.3939450681209564,0.4467741935483871,0
0.7359720468521118,0.7515151515151515,1
0.5172687768936157,0.4946107784431136,0
0.527272641658783,0.4946107784431136,0
0.39068102836608887,0.4467741935483871,1
0.605457603931427,0.5822532402791626,1
0.37006622552871704,0.42160278745644597,0
0.7648723721504211,0.7515151515151515,1
0.5469734072685242,0.5373134328358212,1
0.4696340560913086,0.47019867549668876,1
0.23396697640419006,0.36295681063122925,0
0.5528627634048462,0.5373134328358212,1
0.17025092244148254,0.36295681063122925,0
0.5607223510742188,0.5794392523364486,1
0.5804367065429688,0.5822532402791626,0
0.33770114183425903,0.36295681063122925,1
0.3794170618057251,0.42160278745644597,0
0.2370375245809555,0.36295681063122925,0
0.24274083971977234,0.36295681063122925,1
0.2190573662519455,0.36295681063122925,0
0.3793313205242157,0.42160278745644597,0
0.18070605397224426,0.36295681063122925,0
0.18575729429721832,0.36295681063122925,0
0.2516328990459442,0.36295681063122925,0
0.985909640789032,1.0,1
0.6463555097579956,0.6484375,1
0.7250058054924011,0.7052238805970149,1
0.7217692732810974,0.7052238805970149,1
0.6595532894134521,0.6484375,0
0.8400771617889404,0.8680555555555556,1
0.5421330332756042,0.5373134328358212,1
0.6764439940452576,0.6492307692307693,1
0.5385258793830872,0.5373134328358212,0
0.5762479901313782,0.5822532402791626,1
0.5642905831336975,0.5794392523364486,1
0.8083242774009705,0.8159722222222222,1
0.4753268361091614,0.47019867549668876,0
0.4378737211227417,0.4467741935483871,0
0.4607830047607422,0.4467741935483871,0
0.4497981071472168,0.4467741935483871,1
0.5199559330940247,0.4946107784431136,1
0.4099868834018707,0.4467741935483871,0
0.3850098252296448,0.4467741935483871,0
0.39127007126808167,0.4467741935483871,0
0.3565603792667389,0.41509433962264153,1
0.37573564052581787,0.42160278745644597,0
0.8002684116363525,0.8159722222222222,0
0.839155912399292,0.8680555555555556,1
0.9356557726860046,0.9757575757575757,1
0.726085364818573,0.7052238805970149,1
0.8105782866477966,0.8159722222222222,1
0.5746158957481384,0.5822532402791626,0
0.801675021648407,0.8159722222222222,1
0.7266755104064941,0.7515151515151515,1
0.6193343997001648,0.5822532402791626,1
0.5396245121955872,0.5373134328358212,1
0.5744809508323669,0.5822532402791626,1
0.7171751856803894,0.7052238805970149,1
0.5054038763046265,0.4946107784431136,0
0.33986735343933105,0.36295681063122925,1
0.6407250165939331,0.6484375,1
0.35679006576538086,0.41509433962264153,0
0.5513699650764465,0.5373134328358212,1
0.5475834608078003,0.5373134328358212,1
0.2827909290790558,0.36295681063122925,0
0.3002099096775055,0.36295681063122925,0
0.5747910141944885,0.5822532402791626,0
0.9297223091125488,0.9757575757575757,1
0.750407338142395,0.7515151515151515,1
0.8177343010902405,0.8571428571428571,0
0.42938002943992615,0.4467741935483871,0
0.38551467657089233,0.4467741935483871,1
0.28398555517196655,0.36295681063122925,1
0.452100545167923,0.4467741935483871,1
0.3691819906234741,0.42160278745644597,0
0.3111247420310974,0.36295681063122925,1
0.20285622775554657,0.36295681063122925,0
0.38252371549606323,0.4467741935483871,0
0.6916300058364868,0.6804123711340206,1
0.30415987968444824,0.36295681063122925,0
0.36236193776130676,0.42160278745644597,1
0.398946076631546,0.4467741935483871,1
0.35493358969688416,0.4024390243902439,1
0.39878028631210327,0.4467741935483871,0
0.9318211674690247,0.9757575757575757,1
0.42807692289352417,0.4467741935483871,1
0.35525667667388916,0.4024390243902439,0
0.3953711986541748,0.4467741935483871,1
0.5767812728881836,0.5822532402791626,0
0.29146358370780945,0.36295681063122925,1
0.6698933243751526,0.6492307692307693,1
0.42534905672073364,0.4467741935483871,0
0.32442471385002136,0.36295681063122925,0
0.7872996926307678,0.8159722222222222,1
0.3904145658016205,0.4467741935483871,1
0.531913161277771,0.4946107784431136,1
0.4379057288169861,0.4467741935483871,0
0.030910586938261986,0.36295681063122925,0
0.010560190305113792,0.36295681063122925,0
0.3801336884498596,0.42160278745644597,0
0.5549816489219666,0.5373134328358212,1
0.020704908296465874,0.36295681063122925,0
0.019600730389356613,0.36295681063122925,0
0.8114147186279297,0.8159722222222222,0
0.7590324878692627,0.7515151515151515,1
0.6481853127479553,0.6484375,0
0.6319265961647034,0.5822532402791626,0
0.31449881196022034,0.36295681063122925,0
0.6313003301620483,0.5822532402791626,0
0.7598612904548645,0.7515151515151515,1
0.828260064125061,0.8680555555555556,1
0.8136493563652039,0.8159722222222222,1
0.691548228263855,0.6804123711340206,1
0.492465615272522,0.4946107784431136,0
0.5770168304443359,0.5822532402791626,0
0.3787245452404022,0.42160278745644597,0
0.7810770869255066,0.8159722222222222,1
0.5263355374336243,0.4946107784431136,1
0.2628839612007141,0.36295681063122925,0
0.38842901587486267,0.4467741935483871,1
0.4345509111881256,0.4467741935483871,0
0.3514942228794098,0.4024390243902439,0
0.528582751750946,0.4946107784431136,0
0.8568897843360901,0.8680555555555556,0
0.7254539728164673,0.7052238805970149,0
0.6611717343330383,0.6492307692307693,1
0.8362423777580261,0.8680555555555556,1
0.5178974866867065,0.4946107784431136,1
0.5409052968025208,0.5373134328358212,0
0.44640016555786133,0.4467741935483871,0
0.5368891954421997,0.5373134328358212,1
0.43081480264663696,0.4467741935483871,1
0.8324199318885803,0.8680555555555556,1
0.5726054310798645,0.5822532402791626,1
0.6637157797813416,0.6492307692307693,1
0.5667675137519836,0.5822532402791626,1
0.523821234703064,0.4946107784431136,1
0.5170398354530334,0.4946107784431136,1
0.6184549331665039,0.5822532402791626,1
0.5631397366523743,0.5794392523364486,1
0.6013344526290894,0.5822532402791626,1
0.27121368050575256,0.36295681063122925,0
0.592194139957428,0.5822532402791626,1
0.5754037499427795,0.5822532402791626,0
0.4718972146511078,0.47019867549668876,1
0.5838529467582703,0.5822532402791626,0
0.4407079517841339,0.4467741935483871,0
0.4032934308052063,0.4467741935483871,0
0.7065081000328064,0.7052238805970149,1
0.5782293677330017,0.5822532402791626,0
0.49067193269729614,0.4946107784431136,0
0.4735017418861389,0.47019867549668876,0
0.16013284027576447,0.36295681063122925,0
0.4226740002632141,0.4467741935483871,1
0.30682238936424255,0.36295681063122925,0
0.8006919622421265,0.8159722222222222,1
0.5054060816764832,0.4946107784431136,1
0.540512204170227,0.5373134328358212,1
0.750602662563324,0.7515151515151515,1
0.5528179407119751,0.5373134328358212,1
0.6224235892295837,0.5822532402791626,1
0.6260319948196411,0.5822532402791626,1
0.6746587157249451,0.6492307692307693,1
0.388482928276062,0.4467741935483871,0
0.7834374308586121,0.8159722222222222,1
0.6805238723754883,0.6492307692307693,1
0.48424819111824036,0.4946107784431136,1
0.5722061395645142,0.5822532402791626,1
0.5716497302055359,0.5822532402791626,1
0.35528630018234253,0.4024390243902439,0
0.5802510976791382,0.5822532402791626,1
0.5202540755271912,0.4946107784431136,0
0.8982760310173035,0.9757575757575757,1
0.7541236877441406,0.7515151515151515,1
0.8080230951309204,0.8159722222222222,1
0.7880690693855286,0.8159722222222222,1
0.7411409616470337,0.7515151515151515,1
0.7247567176818848,0.7052238805970149,1
0.8025034070014954,0.8159722222222222,1
0.7758317589759827,0.8159722222222222,1
0.7548781633377075,0.7515151515151515,1
0.8054152131080627,0.8159722222222222,1
0.8585349917411804,0.872,1
0.8465331196784973,0.8680555555555556,1
0.6977660059928894,0.6804123711340206,1
0.6409492492675781,0.6484375,1
0.6775438785552979,0.6492307692307693,1
0.7351816296577454,0.7515151515151515,1
0.7596917152404785,0.7515151515151515,1
0.7723466157913208,0.8159722222222222,1
0.7271595001220703,0.7515151515151515,1
0.5223909616470337,0.4946107784431136,1
0.9686660170555115,1.0,1
0.7530263662338257,0.7515151515151515,1
0.9335778951644897,0.9757575757575757,1
0.7578332424163818,0.7515151515151515,0
0.391323447227478,0.4467741935483871,0
0.39138558506965637,0.4467741935483871,0
0.6659866571426392,0.6492307692307693,1
0.4921152889728546,0.4946107784431136,0
0.6420910358428955,0.6484375,1
0.439293771982193,0.4467741935483871,0
0.46403583884239197,0.4467741935483871,1
0.5908769369125366,0.5822532402791626,0
0.503476083278656,0.4946107784431136,0
0.6136859059333801,0.5822532402791626,1
0.2714284360408783,0.36295681063122925,0
0.45685404539108276,0.4467741935483871,0
0.8064119219779968,0.8159722222222222,1
0.5936081409454346,0.5822532402791626,1
0.30283787846565247,0.36295681063122925,0
0.5323662757873535,0.4946107784431136,1
0.3268519639968872,0.36295681063122925,0
0.3670876622200012,0.42160278745644597,0
0.3825097978115082,0.4467741935483871,1
0.2696365714073181,0.36295681063122925,0
0.3529384732246399,0.4024390243902439,0
0.8140895962715149,0.8159722222222222,0
0.7982911467552185,0.8159722222222222,1
0.5534642338752747,0.5373134328358212,1
0.656479001045227,0.6484375,0
0.6951795220375061,0.6804123711340206,1
0.6557820439338684,0.6484375,1
0.32478058338165283,0.36295681063122925,0
0.4340065121650696,0.4467741935483871,1
0.7732298970222473,0.8159722222222222,0
0.5554639101028442,0.5373134328358212,1
0.43077024817466736,0.4467741935483871,1
0.21912352740764618,0.36295681063122925,0
0.11543232202529907,0.36295681063122925,0
0.09247590601444244,0.36295681063122925,0
0.3233826458454132,0.36295681063122925,0
0.5199717879295349,0.4946107784431136,0
0.7842840552330017,0.8159722222222222,1
0.7842934727668762,0.8159722222222222,0
0.5782320499420166,0.5822532402791626,0
0.8101162314414978,0.8159722222222222,1
0.6392300128936768,0.6,0
0.4244570732116699,0.4467741935483871,0
0.6066238284111023,0.5822532402791626,0
0.5163009762763977,0.4946107784431136,1
0.29202526807785034,0.36295681063122925,0
0.7416691780090332,0.7515151515151515,1
0.7272799611091614,0.7515151515151515,1
0.9760044813156128,1.0,1
0.6622516512870789,0.6492307692307693,1
0.7321205139160156,0.7515151515151515,1
0.6078739762306213,0.5822532402791626,0
0.88966965675354,0.872,1
0.6079586744308472,0.5822532402791626,1
0.6056889891624451,0.5822532402791626,0
0.5797078013420105,0.5822532402791626,0
0.3753435015678406,0.42160278745644597,0
0.6664988398551941,0.6492307692307693,1
0.4823501706123352,0.4946107784431136,1
0.1543745994567871,0.36295681063122925,0
0.3398004174232483,0.36295681063122925,0
0.22209858894348145,0.36295681063122925,0
0.5489854216575623,0.5373134328358212,1
0.1027364730834961,0.36295681063122925,0
0.21306324005126953,0.36295681063122925,1
0.15420371294021606,0.36295681063122925,0
0.15268690884113312,0.36295681063122925,0
0.7457127571105957,0.7515151515151515,1
0.4846218228340149,0.4946107784431136,0
0.45669227838516235,0.4467741935483871,0
0.6302509903907776,0.5822532402791626,1
0.8254151344299316,0.8571428571428571,1
0.7246133089065552,0.7052238805970149,0
0.7965958714485168,0.8159722222222222,1
0.6450777053833008,0.6484375,0
0.5055851340293884,0.4946107784431136,0
0.8501673340797424,0.8680555555555556,0
0.545713484287262,0.5373134328358212,0
0.44133180379867554,0.4467741935483871,1
0.4419490396976471,0.4467741935483871,1
0.5220571756362915,0.4946107784431136,0
0.519951343536377,0.4946107784431136,1
0.4702230989933014,0.47019867549668876,1
0.47696247696876526,0.47368421052631576,1
0.5490526556968689,0.5373134328358212,0
0.38974082469940186,0.4467741935483871,0
0.4717049300670624,0.47019867549668876,0
0.6569751501083374,0.6484375,1
0.3670564889907837,0.42160278745644597,1
0.5890250205993652,0.5822532402791626,0
0.5151209831237793,0.4946107784431136,0
0.37620726227760315,0.42160278745644597,1
0.7734222412109375,0.8159722222222222,1
0.6018922924995422,0.5822532402791626,1
0.13931135833263397,0.36295681063122925,0
0.8046542406082153,0.8159722222222222,1
0.5192778706550598,0.4946107784431136,0
0.5133073925971985,0.4946107784431136,0
0.436428964138031,0.4467741935483871,1
0.5240947604179382,0.4946107784431136,0
0.5303615927696228,0.4946107784431136,1
0.6885010004043579,0.65,1
0.4614996016025543,0.4467741935483871,1
0.2285643070936203,0.36295681063122925,0
0.5658527612686157,0.5794392523364486,0
0.656423807144165,0.6484375,1
0.8226995468139648,0.8571428571428571,1
0.25343912839889526,0.36295681063122925,0
0.32561808824539185,0.36295681063122925,0
0.2718863785266876,0.36295681063122925,0
0.19203545153141022,0.36295681063122925,0
0.19316576421260834,0.36295681063122925,0
0.024163715541362762,0.36295681063122925,0
0.012112835422158241,0.36295681063122925,0
0.646539568901062,0.6484375,1
0.7181515097618103,0.7052238805970149,1
0.6246160864830017,0.5822532402791626,1
0.555385410785675,0.5373134328358212,1
0.5954753756523132,0.5822532402791626,1
0.6830416917800903,0.6492307692307693,1
0.4303169846534729,0.4467741935483871,1
0.3409038782119751,0.36295681063122925,0
0.5991838574409485,0.5822532402791626,1
0.2956995666027069,0.36295681063122925,0
0.2862166166305542,0.36295681063122925,0
0.5975490212440491,0.5822532402791626,1
0.5143757462501526,0.4946107784431136,1
0.32661908864974976,0.36295681063122925,0
0.6832963824272156,0.6492307692307693,0
0.2429419308900833,0.36295681063122925,0
0.4574410021305084,0.4467741935483871,1
0.27568385004997253,0.36295681063122925,0
0.3743906319141388,0.42160278745644597,0
0.46947598457336426,0.47019867549668876,0
0.7244417071342468,0.7052238805970149,1
0.8938412666320801,0.9545454545454546,1
0.5280656218528748,0.4946107784431136,1
0.755099892616272,0.7515151515151515,1
0.3282904028892517,0.36295681063122925,0
0.9032806754112244,0.9757575757575757,1
0.4761614203453064,0.47019867549668876,0
0.47938287258148193,0.4946107784431136,0
0.2010088562965393,0.36295681063122925,1
0.09517315775156021,0.36295681063122925,0
0.5120959281921387,0.4946107784431136,1
0.6347321271896362,0.5822532402791626,1
0.8502357006072998,0.8680555555555556,1
0.3931855261325836,0.4467741935483871,0
0.5968585014343262,0.5822532402791626,1
0.7841377258300781,0.8159722222222222,1
0.7334994077682495,0.7515151515151515,1
0.3766787648200989,0.42160278745644597,0
0.48557403683662415,0.4946107784431136,1
0.4926566183567047,0.4946107784431136,1
0.6371803283691406,0.6,1
0.6340277194976807,0.5822532402791626,1
0.5371623635292053,0.5373134328358212,1
0.2971266508102417,0.36295681063122925,0
0.528863251209259,0.4946107784431136,1
0.7186572551727295,0.7052238805970149,1
0.4481753706932068,0.4467741935483871,0
0.4445315897464752,0.4467741935483871,0
0.3785250186920166,0.42160278745644597,0
0.211406871676445,0.36295681063122925,0
0.6987717747688293,0.7052238805970149,1
0.37850600481033325,0.42160278745644597,0
0.35711047053337097,0.41509433962264153,0
0.07221387326717377,0.36295681063122925,0
0.025320881977677345,0.36295681063122925,0
0.49806371331214905,0.4946107784431136,1
0.6940667033195496,0.6804123711340206,0
0.6155717968940735,0.5822532402791626,1
0.4812662899494171,0.4946107784431136,0
0.4775843024253845,0.47368421052631576,1
0.08128297328948975,0.36295681063122925,0
0.0629003643989563,0.36295681063122925,0
0.36765772104263306,0.42160278745644597,0
0.4616168141365051,0.4467741935483871,1
0.2867544889450073,0.36295681063122925,1
0.34513649344444275,0.36295681063122925,0
0.4221627116203308,0.4467741935483871,1
0.3074077069759369,0.36295681063122925,1
0.3784107565879822,0.42160278745644597,0
0.2506375014781952,0.36295681063122925,1
0.19658106565475464,0.36295681063122925,1
0.13421261310577393,0.36295681063122925,1
0.12478157132863998,0.36295681063122925,0
0.3713665306568146,0.42160278745644597,0
0.1748531609773636,0.36295681063122925,0
0.7439705729484558,0.7515151515151515,1
0.729860782623291,0.7515151515151515,0
0.9707788825035095,1.0,1
0.6014392971992493,0.5822532402791626,1
0.7994208931922913,0.8159722222222222,1
0.5492489337921143,0.5373134328358212,1
0.5025099515914917,0.4946107784431136,1
0.233348548412323,0.36295681063122925,0
0.6366834044456482,0.5822532402791626,1
0.5873909592628479,0.5822532402791626,1
0.4309566020965576,0.4467741935483871,0
0.898776113986969,0.9757575757575757,1
0.7530474066734314,0.7515151515151515,0
0.6117457151412964,0.5822532402791626,1
0.3415651023387909,0.36295681063122925,1
0.41763144731521606,0.4467741935483871,1
0.11980392038822174,0.36295681063122925,0
0.47949403524398804,0.4946107784431136,1
0.4499894678592682,0.4467741935483871,1
0.33582592010498047,0.36295681063122925,0
0.45471394062042236,0.4467741935483871,0
0.3958665132522583,0.4467741935483871,0
0.27321210503578186,0.36295681063122925,0
0.5065597295761108,0.4946107784431136,0
0.5893956422805786,0.5822532402791626,0
0.5023664832115173,0.4946107784431136,1
0.5094910860061646,0.4946107784431136,1
0.5015290379524231,0.4946107784431136,0
0.2852095365524292,0.36295681063122925,0
0.44257184863090515,0.4467741935483871,1
0.3447782099246979,0.36295681063122925,0
0.4824247360229492,0.4946107784431136,1
0.4513048827648163,0.4467741935483871,0
0.36337822675704956,0.42160278745644597,0
0.5604214668273926,0.5794392523364486,1
0.27319765090942383,0.36295681063122925,1
0.4634523391723633,0.4467741935483871,0
0.5242918133735657,0.4946107784431136,0
0.3285757601261139,0.36295681063122925,0
0.4943517744541168,0.4946107784431136,0
0.8037049770355225,0.8159722222222222,1
0.5519241094589233,0.5373134328358212,0
0.4492172300815582,0.4467741935483871,0
0.2730088531970978,0.36295681063122925,0
0.3061690628528595,0.36295681063122925,0
0.19948269426822662,0.36295681063122925,0
0.5684402585029602,0.5822532402791626,0
0.26015862822532654,0.36295681063122925,0
0.52706378698349,0.4946107784431136,1
0.26222696900367737,0.36295681063122925,0
0.2836487293243408,0.36295681063122925,0
0.24440157413482666,0.36295681063122925,0
0.6804985404014587,0.6492307692307693,1
0.5157500505447388,0.4946107784431136,0
0.5469139218330383,0.5373134328358212,1
0.8934224843978882,0.9545454545454546,1
0.48833590745925903,0.4946107784431136,0
0.8858767747879028,0.872,1
0.4322884678840637,0.4467741935483871,0
0.6588119864463806,0.6484375,0
0.35632479190826416,0.4024390243902439,0
0.6011692881584167,0.5822532402791626,0
0.7023967504501343,0.7052238805970149,1
0.39012646675109863,0.4467741935483871,0
0.5054033994674683,0.4946107784431136,0
0.5336728692054749,0.5,0
0.3591946065425873,0.41509433962264153,0
0.3832680583000183,0.4467741935483871,0
0.5598819851875305,0.5794392523364486,0
0.618378758430481,0.5822532402791626,0
0.7166844606399536,0.7052238805970149,1
0.7848532199859619,0.8159722222222222,0
0.46358031034469604,0.4467741935483871,0
0.7260522842407227,0.7052238805970149,0
0.6433614492416382,0.6484375,1
0.29451388120651245,0.36295681063122925,1
0.5694079995155334,0.5822532402791626,1
0.38733145594596863,0.4467741935483871,0
0.7788028120994568,0.8159722222222222,0
0.3108905255794525,0.36295681063122925,0
0.40873071551322937,0.4467741935483871,0
0.29785606265068054,0.36295681063122925,0
0.3489742577075958,0.36295681063122925,1
0.3805534541606903,0.42160278745644597,1
0.2903618812561035,0.36295681063122925,0
0.28872066736221313,0.36295681063122925,1
0.8046485185623169,0.8159722222222222,1
0.455398291349411,0.4467741935483871,0
0.4612891674041748,0.4467741935483871,1
0.3686891198158264,0.42160278745644597,0
0.6511521339416504,0.6484375,1
0.46700602769851685,0.4467741935483871,1
0.6502823829650879,0.6484375,1
0.4034866392612457,0.4467741935483871,0
0.2529646158218384,0.36295681063122925,1
0.5604252815246582,0.5794392523364486,0
0.3661782145500183,0.42160278745644597,0
0.252225399017334,0.36295681063122925,0
0.34714943170547485,0.36295681063122925,0
0.5371582508087158,0.5373134328358212,1
0.7147228717803955,0.7052238805970149,1
0.8577823638916016,0.8680555555555556,0
0.6516969203948975,0.6484375,1
0.6584053039550781,0.6484375,0
0.06656572222709656,0.36295681063122925,0
0.13927972316741943,0.36295681063122925,0
0.3804522752761841,0.42160278745644597,0
0.4841299057006836,0.4946107784431136,0
0.504716157913208,0.4946107784431136,0
0.6812760829925537,0.6492307692307693,1
0.9876089096069336,1.0,1
0.3624369204044342,0.42160278745644597,1
0.522150456905365,0.4946107784431136,0
0.4449210464954376,0.4467741935483871,0
0.4463415741920471,0.4467741935483871,0
0.6161792278289795,0.5822532402791626,0
0.6495612263679504,0.6484375,0
0.9564568996429443,1.0,1
0.549896776676178,0.5373134328358212,0
0.7996523380279541,0.8159722222222222,1
0.6543009281158447,0.6484375,0
0.6303660869598389,0.5822532402791626,1
0.5792182683944702,0.5822532402791626,1
0.8237406015396118,0.8571428571428571,1
0.941574215888977,0.9757575757575757,1
0.6941795945167542,0.6804123711340206,1
0.8737283945083618,0.872,1
0.740789532661438,0.7515151515151515,1
0.37586089968681335,0.42160278745644597,1
0.7366302013397217,0.7515151515151515,1
0.4228934645652771,0.4467741935483871,0
0.8228955268859863,0.8571428571428571,1
0.4161616861820221,0.4467741935483871,0
0.5124193429946899,0.4946107784431136,1
0.6221338510513306,0.5822532402791626,0
0.7193372845649719,0.7052238805970149,1
0.504139244556427,0.4946107784431136,0
0.6673867106437683,0.6492307692307693,1
0.7099943161010742,0.7052238805970149,1
0.6833743453025818,0.6492307692307693,1
0.5308407545089722,0.4946107784431136,0
0.4520855247974396,0.4467741935483871,0
0.5642765760421753,0.5794392523364486,0
0.6056994795799255,0.5822532402791626,0
0.4366842210292816,0.4467741935483871,0
0.3938547968864441,0.4467741935483871,1
0.31522032618522644,0.36295681063122925,0
0.46323439478874207,0.4467741935483871,1
0.36427000164985657,0.42160278745644597,1
0.4135642349720001,0.4467741935483871,1
0.3099658489227295,0.36295681063122925,0
0.37553560733795166,0.42160278745644597,1
0.547175943851471,0.5373134328358212,0
0.463216096162796,0.4467741935483871,1
0.3141234219074249,0.36295681063122925,1
0.22598883509635925,0.36295681063122925,1
0.3133153021335602,0.36295681063122925,1
0.33834680914878845,0.36295681063122925,0
0.29273316264152527,0.36295681063122925,0
0.1301245540380478,0.36295681063122925,0
0.15624575316905975,0.36295681063122925,0
0.19535650312900543,0.36295681063122925,1
0.1440345048904419,0.36295681063122925,0
0.09418186545372009,0.36295681063122925,0
0.15354874730110168,0.36295681063122925,0
0.36924055218696594,0.42160278745644597,1
0.4784308671951294,0.4946107784431136,0
0.4445524513721466,0.4467741935483871,1
0.5078092217445374,0.4946107784431136,0
0.29004955291748047,0.36295681063122925,0
0.5184206366539001,0.4946107784431136,0
0.2699720561504364,0.36295681063122925,0
0.08395107090473175,0.36295681063122925,0
0.1214480921626091,0.36295681063122925,0
0.3395226001739502,0.36295681063122925,0
0.12374234199523926,0.36295681063122925,0
0.19026218354701996,0.36295681063122925,1
0.2886074185371399,0.36295681063122925,1
0.21141666173934937,0.36295681063122925,1
0.169118270277977,0.36295681063122925,1
0.0646136924624443,0.36295681063122925,0
0.2982668876647949,0.36295681063122925,1
0.2601870596408844,0.36295681063122925,0
0.19381868839263916,0.36295681063122925,0
0.14627166092395782,0.36295681063122925,0
0.6258300542831421,0.5822532402791626,0
0.3355759382247925,0.36295681063122925,1
0.7254288196563721,0.7052238805970149,1
0.7311187386512756,0.7515151515151515,1
0.1173911839723587,0.36295681063122925,0
0.16792896389961243,0.36295681063122925,0
0.3145327866077423,0.36295681063122925,0
0.40513911843299866,0.4467741935483871,0
0.4494292736053467,0.4467741935483871,0
0.3215225040912628,0.36295681063122925,0
0.4341043531894684,0.4467741935483871,1
0.1065828874707222,0.36295681063122925,0
0.22481754422187805,0.36295681063122925,1
0.40220916271209717,0.4467741935483871,0
0.17958156764507294,0.36295681063122925,1
0.12941905856132507,0.36295681063122925,0
0.2592124342918396,0.36295681063122925,1
0.2082221657037735,0.36295681063122925,0
0.8665441274642944,0.872,1
0.318062424659729,0.36295681063122925,0
0.30355653166770935,0.36295681063122925,0
0.8466784954071045,0.8680555555555556,1
0.866528332233429,0.872,1
0.8358039259910583,0.8680555555555556,0
0.8076497912406921,0.8159722222222222,1
0.8255985379219055,0.8571428571428571,1
0.7142639756202698,0.7052238805970149,0
0.8137208223342896,0.8159722222222222,0
0.597080409526825,0.5822532402791626,0
0.5442467927932739,0.5373134328358212,0
0.4244731366634369,0.4467741935483871,1
0.8677914142608643,0.872,1
0.3504582941532135,0.4024390243902439,1
0.3731362819671631,0.42160278745644597,1
0.6209965944290161,0.5822532402791626,1
0.22469450533390045,0.36295681063122925,0
0.4320737421512604,0.4467741935483871,1
0.5122147798538208,0.4946107784431136,1
0.6031208634376526,0.5822532402791626,0
0.6019659042358398,0.5822532402791626,0
0.38015201687812805,0.42160278745644597,1
0.3336678743362427,0.36295681063122925,0
0.1103503406047821,0.36295681063122925,0
0.18479661643505096,0.36295681063122925,0
0.39615800976753235,0.4467741935483871,1
0.31573885679244995,0.36295681063122925,1
0.16512051224708557,0.36295681063122925,0
0.42000219225883484,0.4467741935483871,0
0.5280988216400146,0.4946107784431136,1
0.44029733538627625,0.4467741935483871,0
0.91175776720047,0.9757575757575757,1
0.5249191522598267,0.4946107784431136,1
0.7891380190849304,0.8159722222222222,1
0.5553942918777466,0.5373134328358212,0
0.8966459631919861,0.9545454545454546,1
0.6062113046646118,0.5822532402791626,0
0.4078555405139923,0.4467741935483871,0
0.6487634778022766,0.6484375,0
0.8791656494140625,0.872,1
0.6447350978851318,0.6484375,0
0.3424839675426483,0.36295681063122925,0
0.44769012928009033,0.4467741935483871,0
0.5731368660926819,0.5822532402791626,0
0.46290138363838196,0.4467741935483871,1
0.8176360130310059,0.8571428571428571,1
0.48397397994995117,0.4946107784431136,1
0.46644532680511475,0.4467741935483871,1
0.3284810185432434,0.36295681063122925,0
0.5427464842796326,0.5373134328358212,0
0.178230419754982,0.36295681063122925,0
0.2863345146179199,0.36295681063122925,1
0.2884506285190582,0.36295681063122925,0
0.14991000294685364,0.36295681063122925,0
0.3208374083042145,0.36295681063122925,0
0.5508178472518921,0.5373134328358212,0
0.45414894819259644,0.4467741935483871,0
0.33784887194633484,0.36295681063122925,0
0.08724042028188705,0.36295681063122925,0
0.20471283793449402,0.36295681063122925,0
0.6185451745986938,0.5822532402791626,1
0.7708156704902649,0.8159722222222222,1
0.6848373413085938,0.6492307692307693,1
0.6573408842086792,0.6484375,1
0.8439573049545288,0.8680555555555556,1
0.8696009516716003,0.872,1
0.8652614951133728,0.872,1
0.5368456244468689,0.5373134328358212,1
0.6614722609519958,0.6492307692307693,1
0.7115446925163269,0.7052238805970149,1
0.7301364541053772,0.7515151515151515,1
0.4998932182788849,0.4946107784431136,1
0.49276646971702576,0.4946107784431136,0
0.9551519751548767,0.9757575757575757,1
0.40742337703704834,0.4467741935483871,0
0.5249398946762085,0.4946107784431136,1
0.4416850507259369,0.4467741935483871,1
0.27661025524139404,0.36295681063122925,0
0.4540565609931946,0.4467741935483871,0
0.4664205014705658,0.4467741935483871,1
0.21253404021263123,0.36295681063122925,0
0.35416996479034424,0.4024390243902439,1
0.2681942880153656,0.36295681063122925,0
0.2833516001701355,0.36295681063122925,0
0.5034689903259277,0.4946107784431136,1
0.664871335029602,0.6492307692307693,1
0.6936719417572021,0.6804123711340206,1
0.7034108638763428,0.7052238805970149,0
0.6900610327720642,0.6804123711340206,1
0.5752549171447754,0.5822532402791626,1
0.7008786201477051,0.7052238805970149,1
0.5567629933357239,0.5373134328358212,0
0.8498719334602356,0.8680555555555556,0
0.717667818069458,0.7052238805970149,1
0.9379206895828247,0.9757575757575757,1
0.3766615092754364,0.42160278745644597,1
0.7568137049674988,0.7515151515151515,1
0.2997943162918091,0.36295681063122925,1
0.24699220061302185,0.36295681063122925,0
0.5155103802680969,0.4946107784431136,0
0.8934926986694336,0.9545454545454546,1
0.5408867597579956,0.5373134328358212,1
0.3472350537776947,0.36295681063122925,0
0.522718608379364,0.4946107784431136,0
0.4531044065952301,0.4467741935483871,0
0.33945852518081665,0.36295681063122925,0
0.46449515223503113,0.4467741935483871,1
0.43841853737831116,0.4467741935483871,0
0.4697396159172058,0.47019867549668876,1
0.3437737822532654,0.36295681063122925,1
0.41150811314582825,0.4467741935483871,1
0.4756224453449249,0.47019867549668876,0
0.41683879494667053,0.4467741935483871,1
0.31770145893096924,0.36295681063122925,1
0.30898258090019226,0.36295681063122925,0
0.3732190430164337,0.42160278745644597,1
0.4204220771789551,0.4467741935483871,0
0.2857615351676941,0.36295681063122925,1
0.9241092205047607,0.9757575757575757,1
0.36834365129470825,0.42160278745644597,0
0.5640257000923157,0.5794392523364486,1
0.6223332285881042,0.5822532402791626,0
0.3700360059738159,0.42160278745644597,0
0.6041080951690674,0.5822532402791626,1
0.6186385750770569,0.5822532402791626,0
0.2625843584537506,0.36295681063122925,0
0.2664603888988495,0.36295681063122925,0
0.7222038507461548,0.7052238805970149,1
0.6081106662750244,0.5822532402791626,0
0.44542229175567627,0.4467741935483871,0
0.2743007242679596,0.36295681063122925,0
0.4777478873729706,0.47368421052631576,0
0.4891051948070526,0.4946107784431136,0
0.7505199313163757,0.7515151515151515,0
0.7098771333694458,0.7052238805970149,0
0.5468062162399292,0.5373134328358212,0
0.26777973771095276,0.36295681063122925,1
0.4127104878425598,0.4467741935483871,0
0.40338242053985596,0.4467741935483871,1
0.2752593755722046,0.36295681063122925,0
0.32086408138275146,0.36295681063122925,1
0.34257790446281433,0.36295681063122925,0
0.6225697994232178,0.5822532402791626,1
0.7339438199996948,0.7515151515151515,0
0.6434690952301025,0.6484375,1
0.45168355107307434,0.4467741935483871,0
0.25878533720970154,0.36295681063122925,1
0.8444385528564453,0.8680555555555556,0
0.5700569748878479,0.5822532402791626,1
0.5252172350883484,0.4946107784431136,0
0.42985039949417114,0.4467741935483871,1
0.33264315128326416,0.36295681063122925,0
0.28869011998176575,0.36295681063122925,0
0.31943339109420776,0.36295681063122925,0
0.5102668404579163,0.4946107784431136,0
0.5155906081199646,0.4946107784431136,0
0.676749050617218,0.6492307692307693,0
0.25884395837783813,0.36295681063122925,0
0.3641809821128845,0.42160278745644597,0
0.1693717986345291,0.36295681063122925,0
0.6690697073936462,0.6492307692307693,1
0.5846444368362427,0.5822532402791626,1
0.6447584629058838,0.6484375,1
0.5676222443580627,0.5822532402791626,1
0.5042802691459656,0.4946107784431136,0
0.5607534646987915,0.5794392523364486,1
0.4601954221725464,0.4467741935483871,0
0.6734908819198608,0.6492307692307693,1
0.6180791854858398,0.5822532402791626,1
0.5316787362098694,0.4946107784431136,0
0.4822065532207489,0.4946107784431136,1
0.588921070098877,0.5822532402791626,1
0.47793325781822205,0.47368421052631576,0
0.6862751245498657,0.6492307692307693,0
0.4496481418609619,0.4467741935483871,0
0.8461682200431824,0.8680555555555556,1
0.643115758895874,0.6484375,1
0.6305299401283264,0.5822532402791626,0
0.4501051604747772,0.4467741935483871,1
0.6434059143066406,0.6484375,0
0.5982531905174255,0.5822532402791626,0
0.7345135807991028,0.7515151515151515,1
0.5981866121292114,0.5822532402791626,0
0.609171986579895,0.5822532402791626,1
0.44374880194664,0.4467741935483871,0
0.5743447542190552,0.5822532402791626,1
0.306603342294693,0.36295681063122925,0
0.804637610912323,0.8159722222222222,0
0.880484402179718,0.872,1
0.5441648364067078,0.5373134328358212,1
0.5274022221565247,0.4946107784431136,0
0.7732793688774109,0.8159722222222222,1
0.7296953201293945,0.7515151515151515,1
0.4779473543167114,0.4946107784431136,1
0.5393551588058472,0.5373134328358212,1
0.5130407214164734,0.4946107784431136,1
0.5844143629074097,0.5822532402791626,1
0.4170643091201782,0.4467741935483871,0
0.5626941919326782,0.5794392523364486,1
0.7237931489944458,0.7052238805970149,1
0.4523635506629944,0.4467741935483871,0
0.434215247631073,0.4467741935483871,1
0.4921077787876129,0.4946107784431136,0
0.5642976760864258,0.5794392523364486,0
0.4138159155845642,0.4467741935483871,0
0.9083750247955322,0.9757575757575757,1
0.604845404624939,0.5822532402791626,0
0.6606541872024536,0.6492307692307693,1
0.5023396611213684,0.4946107784431136,1
0.8307063579559326,0.8680555555555556,1
0.49881815910339355,0.4946107784431136,0
0.6781932711601257,0.6492307692307693,0
0.8283501267433167,0.8680555555555556,1
0.8828722238540649,0.872,1
0.7924869060516357,0.8159722222222222,1
0.7853345274925232,0.8159722222222222,1
0.6110514402389526,0.5822532402791626,0
0.4477700889110565,0.4467741935483871,1
0.2319159060716629,0.36295681063122925,1
0.28690895438194275,0.36295681063122925,0
0.31443047523498535,0.36295681063122925,0
0.6633201241493225,0.6492307692307693,0
0.2392849326133728,0.36295681063122925,1
0.26542794704437256,0.36295681063122925,1
0.24443601071834564,0.36295681063122925,0
0.36564114689826965,0.42160278745644597,1
0.37472668290138245,0.42160278745644597,0
0.3152053952217102,0.36295681063122925,0
0.6629809141159058,0.6492307692307693,0
0.9755237698554993,1.0,1
0.7732952833175659,0.8159722222222222,1
0.8597325086593628,0.872,1
0.6011295914649963,0.5822532402791626,0
0.5870160460472107,0.5822532402791626,1
0.5688312649726868,0.5822532402791626,1
0.6344152688980103,0.5822532402791626,1
0.9644402861595154,1.0,1
0.6621809005737305,0.6492307692307693,1
0.4258657395839691,0.4467741935483871,0
0.31557497382164,0.36295681063122925,0
0.7102764248847961,0.7052238805970149,0
0.8008207082748413,0.8159722222222222,1
0.7629266381263733,0.7515151515151515,1
0.8267586827278137,0.8680555555555556,1
0.6371643543243408,0.5822532402791626,0
0.7282146215438843,0.7515151515151515,1
0.8001240491867065,0.8159722222222222,1
0.7012284994125366,0.7052238805970149,1
0.7229865789413452,0.7052238805970149,1
0.6352130174636841,0.5822532402791626,0
0.6264450550079346,0.5822532402791626,1
0.7245907783508301,0.7052238805970149,0
0.725863516330719,0.7052238805970149,0
0.3796350657939911,0.42160278745644597,1
0.5275611877441406,0.4946107784431136,0
0.2746787369251251,0.36295681063122925,0
0.9102776050567627,0.9757575757575757,1
0.754305899143219,0.7515151515151515,1
0.8073985576629639,0.8159722222222222,1
0.8697167634963989,0.872,1
0.8835271596908569,0.872,1
0.7412505745887756,0.7515151515151515,1
0.8840689063072205,0.872,1
0.677858829498291,0.6492307692307693,1
0.6422396302223206,0.6484375,1
0.7947315573692322,0.8159722222222222,1
0.7038722038269043,0.7052238805970149,1
0.5778613686561584,0.5822532402791626,1
0.8163741230964661,0.8571428571428571,1
0.5882304310798645,0.5822532402791626,0
0.6521852612495422,0.6484375,0
0.7966551780700684,0.8159722222222222,0
0.8969499468803406,0.9545454545454546,0
0.3212090730667114,0.36295681063122925,0
0.593347430229187,0.5822532402791626,1
0.10644996166229248,0.36295681063122925,0
0.35595810413360596,0.4024390243902439,0
0.8317883610725403,0.8680555555555556,1
0.4699825644493103,0.47019867549668876,1
0.605272650718689,0.5822532402791626,1
0.27516648173332214,0.36295681063122925,0
0.5047692656517029,0.4946107784431136,1
0.30394768714904785,0.36295681063122925,0
0.20064985752105713,0.36295681063122925,1
0.4758177399635315,0.47019867549668876,1
0.6562487483024597,0.6484375,0
0.9839155077934265,1.0,1
0.9027419090270996,0.9757575757575757,1
0.8242725729942322,0.8571428571428571,1
0.27321410179138184,0.36295681063122925,1
0.46871766448020935,0.47019867549668876,1
0.12838642299175262,0.36295681063122925,0
0.5159204602241516,0.4946107784431136,1
0.5037209987640381,0.4946107784431136,1
0.13595442473888397,0.36295681063122925,1
0.12916439771652222,0.36295681063122925,0
0.20173126459121704,0.36295681063122925,0
0.8021134734153748,0.8159722222222222,1
0.47800058126449585,0.4946107784431136,1
0.7580137848854065,0.7515151515151515,1
0.7053743600845337,0.7052238805970149,1
0.5990788340568542,0.5822532402791626,0
0.4507239758968353,0.4467741935483871,0
0.4355054199695587,0.4467741935483871,0
0.6109015941619873,0.5822532402791626,1
0.6325753331184387,0.5822532402791626,0
0.6993058919906616,0.7052238805970149,0
0.7260929942131042,0.7052238805970149,1
0.5482382774353027,0.5373134328358212,1
0.7731258273124695,0.8159722222222222,1
0.7274062633514404,0.7515151515151515,0
0.429078608751297,0.4467741935483871,0
0.6033828854560852,0.5822532402791626,1
0.7138209342956543,0.7052238805970149,0
0.6065348982810974,0.5822532402791626,0
0.21916037797927856,0.36295681063122925,0
0.21240049600601196,0.36295681063122925,1
0.14006638526916504,0.36295681063122925,0
0.6892204880714417,0.65,1
0.6854304671287537,0.6492307692307693,0
0.8575581312179565,0.8680555555555556,1
0.5716407299041748,0.5822532402791626,1
0.5773131847381592,0.5822532402791626,1
0.7379675507545471,0.7515151515151515,1
0.7568866014480591,0.7515151515151515,1
0.9233565330505371,0.9757575757575757,0
0.6355023384094238,0.5822532402791626,0
0.4631904065608978,0.4467741935483871,0
0.9876761436462402,1.0,1
0.5408176779747009,0.5373134328358212,1
0.49184826016426086,0.4946107784431136,1
0.46556738018989563,0.4467741935483871,1
0.8170841932296753,0.8571428571428571,1
0.5083649158477783,0.4946107784431136,0
0.526029109954834,0.4946107784431136,1
0.5546552538871765,0.5373134328358212,0
0.8015100359916687,0.8159722222222222,1
0.6559357643127441,0.6484375,1
0.7225539684295654,0.7052238805970149,0
0.2958938479423523,0.36295681063122925,0
0.6192916035652161,0.5822532402791626,1
0.24395252764225006,0.36295681063122925,0
0.3701907992362976,0.42160278745644597,0
0.4290580749511719,0.4467741935483871,0
0.4255228638648987,0.4467741935483871,0
0.44726935029029846,0.4467741935483871,0
0.5048496723175049,0.4946107784431136,0
0.6659241318702698,0.6492307692307693,0
0.47696399688720703,0.47368421052631576,1
0.5731549263000488,0.5822532402791626,1
0.5702276825904846,0.5822532402791626,0
0.9388455748558044,0.9757575757575757,1
0.5348356366157532,0.5373134328358212,0
0.4488399028778076,0.4467741935483871,1
0.5979416370391846,0.5822532402791626,1
0.5676950216293335,0.5822532402791626,1
0.876542329788208,0.872,1
0.580727219581604,0.5822532402791626,0
0.4365774989128113,0.4467741935483871,0
0.13934367895126343,0.36295681063122925,0
0.30229321122169495,0.36295681063122925,0
0.3938279449939728,0.4467741935483871,0
0.07545006275177002,0.36295681063122925,1
0.155425027012825,0.36295681063122925,0
0.15568585693836212,0.36295681063122925,1
0.056392911821603775,0.36295681063122925,0
0.1231124997138977,0.36295681063122925,0
0.0687606930732727,0.36295681063122925,0
0.3839428424835205,0.4467741935483871,0
0.31354278326034546,0.36295681063122925,0
0.2724117636680603,0.36295681063122925,1
0.1670551896095276,0.36295681063122925,0
0.49537086486816406,0.4946107784431136,0
0.6912041306495667,0.6804123711340206,1
0.6254162192344666,0.5822532402791626,1
0.5397395491600037,0.5373134328358212,1
0.6965898871421814,0.6804123711340206,1
0.4702136218547821,0.47019867549668876,0
0.49802184104919434,0.4946107784431136,0
0.47395503520965576,0.47019867549668876,0
0.37240344285964966,0.42160278745644597,0
0.5077045559883118,0.4946107784431136,0
0.3960736095905304,0.4467741935483871,0
0.8068608641624451,0.8159722222222222,1
0.5025595426559448,0.4946107784431136,0
0.8442196249961853,0.8680555555555556,1
0.6754603385925293,0.6492307692307693,1
0.6757729649543762,0.6492307692307693,0
0.710025429725647,0.7052238805970149,0
0.8332298994064331,0.8680555555555556,1
0.6794861555099487,0.6492307692307693,0
0.8059268593788147,0.8159722222222222,1
0.6760560274124146,0.6492307692307693,1
0.6252912878990173,0.5822532402791626,0
0.7120683789253235,0.7052238805970149,0
0.5576288104057312,0.5373134328358212,0
0.1786206215620041,0.36295681063122925,0
0.04963365197181702,0.36295681063122925,0
0.8046023845672607,0.8159722222222222,0
0.18232566118240356,0.36295681063122925,0
0.8455156087875366,0.8680555555555556,1
0.9831863641738892,1.0,1
0.7630325555801392,0.7515151515151515,1
0.8270473480224609,0.8680555555555556,1
0.7993934154510498,0.8159722222222222,1
0.8972778916358948,0.9757575757575757,1
0.49549949169158936,0.4946107784431136,0
0.6786229014396667,0.6492307692307693,1
0.7098783254623413,0.7052238805970149,1
0.6702333092689514,0.6492307692307693,1
0.6157053709030151,0.5822532402791626,0
0.9861711859703064,1.0,1
0.5012312531471252,0.4946107784431136,1
0.6550859808921814,0.6484375,1
0.5430721640586853,0.5373134328358212,0
0.6791581511497498,0.6492307692307693,1
0.45357194542884827,0.4467741935483871,1
0.6342648267745972,0.5822532402791626,1
0.4707864224910736,0.47019867549668876,1
0.6830706000328064,0.6492307692307693,0
0.6841968894004822,0.6492307692307693,0
0.827003538608551,0.8680555555555556,1
0.47284165024757385,0.47019867549668876,0
0.7148949503898621,0.7052238805970149,1
0.530924916267395,0.4946107784431136,0
0.5978289246559143,0.5822532402791626,0
0.9799787402153015,1.0,1
0.5657269358634949,0.5794392523364486,0
0.7569429874420166,0.7515151515151515,1
0.42253297567367554,0.4467741935483871,0
0.32181620597839355,0.36295681063122925,0
0.018503008410334587,0.36295681063122925,0
0.04399199038743973,0.36295681063122925,0
0.8102515339851379,0.8159722222222222,1
0.5629496574401855,0.5794392523364486,1
0.41762056946754456,0.4467741935483871,0
0.3759321868419647,0.42160278745644597,0
0.857259213924408,0.8680555555555556,1
0.41685399413108826,0.4467741935483871,0
0.6387564539909363,0.6,0
0.5429149270057678,0.5373134328358212,0
0.6574496626853943,0.6484375,0
0.42964503169059753,0.4467741935483871,0
0.7628438472747803,0.7515151515151515,1
0.5242518186569214,0.4946107784431136,0
0.3549928069114685,0.4024390243902439,0
0.3942810893058777,0.4467741935483871,1
0.4187954366207123,0.4467741935483871,1
0.7608656287193298,0.7515151515151515,1
0.8982520699501038,0.9757575757575757,1
0.7307266592979431,0.7515151515151515,1
0.8374649286270142,0.8680555555555556,1
0.5754480361938477,0.5822532402791626,0
0.4647493064403534,0.4467741935483871,0
0.3871282637119293,0.4467741935483871,0
0.3756735324859619,0.42160278745644597,1
0.5008899569511414,0.4946107784431136,0
0.16932372748851776,0.36295681063122925,0
0.6035531759262085,0.5822532402791626,0
0.5441402792930603,0.5373134328358212,0
0.6745553016662598,0.6492307692307693,1
0.7847448587417603,0.8159722222222222,1
0.5175106525421143,0.4946107784431136,1
0.7492650747299194,0.7515151515151515,0
0.4541390538215637,0.4467741935483871,0
0.11022129654884338,0.36295681063122925,0
0.20594702661037445,0.36295681063122925,0
0.6127142906188965,0.5822532402791626,0
0.7090893387794495,0.7052238805970149,1
0.8911580443382263,0.872,1
0.388668030500412,0.4467741935483871,0
0.9331932067871094,0.9757575757575757,1
0.5789754390716553,0.5822532402791626,1
0.37024766206741333,0.42160278745644597,1
0.5437926054000854,0.5373134328358212,1
0.6185964345932007,0.5822532402791626,1
0.48013976216316223,0.4946107784431136,1
0.5717854499816895,0.5822532402791626,1
0.6652776002883911,0.6492307692307693,1
0.13963134586811066,0.36295681063122925,0
0.3841295540332794,0.4467741935483871,0
0.1860979199409485,0.36295681063122925,0
0.1814403533935547,0.36295681063122925,0
0.1231488510966301,0.36295681063122925,0
0.1128300353884697,0.36295681063122925,0
0.3562633991241455,0.4024390243902439,0
0.6208197474479675,0.5822532402791626,0
0.2627384662628174,0.36295681063122925,0
0.7187380790710449,0.7052238805970149,0
0.5926653742790222,0.5822532402791626,0
0.8971792459487915,0.9757575757575757,1
0.2529728412628174,0.36295681063122925,0
0.26433277130126953,0.36295681063122925,0
0.3703017830848694,0.42160278745644597,0
0.29667729139328003,0.36295681063122925,1
0.4771912097930908,0.47368421052631576,1
0.5389333963394165,0.5373134328358212,1
0.38889065384864807,0.4467741935483871,1
0.5931752324104309,0.5822532402791626,1
0.3509291112422943,0.4024390243902439,1
0.6442317962646484,0.6484375,1
0.6247977018356323,0.5822532402791626,1
0.16135379672050476,0.36295681063122925,0
0.11402924358844757,0.36295681063122925,1
0.17207804322242737,0.36295681063122925,0
0.4833400249481201,0.4946107784431136,1
0.08660005778074265,0.36295681063122925,0
0.24332669377326965,0.36295681063122925,1
0.15865305066108704,0.36295681063122925,1
0.7728439569473267,0.8159722222222222,1
0.7166064381599426,0.7052238805970149,0
0.5186677575111389,0.4946107784431136,1
0.512345552444458,0.4946107784431136,0
0.48353683948516846,0.4946107784431136,1
0.6130275726318359,0.5822532402791626,0
0.510231077671051,0.4946107784431136,1
0.6001594662666321,0.5822532402791626,1
0.42189741134643555,0.4467741935483871,1
0.2835186719894409,0.36295681063122925,0
0.7407132387161255,0.7515151515151515,1
0.4338471293449402,0.4467741935483871,1
0.3592562675476074,0.41509433962264153,1
0.3033629357814789,0.36295681063122925,0
0.4697822332382202,0.47019867549668876,0
0.2263006567955017,0.36295681063122925,1
0.14736662805080414,0.36295681063122925,0
0.12742416560649872,0.36295681063122925,0
0.35341501235961914,0.4024390243902439,1
0.332328736782074,0.36295681063122925,0
0.3758925795555115,0.42160278745644597,1
0.2511298954486847,0.36295681063122925,0
0.7426333427429199,0.7515151515151515,1
0.2031550407409668,0.36295681063122925,1
0.5652020573616028,0.5794392523364486,0
0.5402417182922363,0.5373134328358212,1
0.5489473938941956,0.5373134328358212,1
0.39586907625198364,0.4467741935483871,0
0.2585830092430115,0.36295681063122925,1
0.4998956024646759,0.4946107784431136,0
0.4206567108631134,0.4467741935483871,1
0.476593017578125,0.47019867549668876,0
0.5505804419517517,0.5373134328358212,0
0.5271220207214355,0.4946107784431136,1
0.3776630461215973,0.42160278745644597,1
0.40484434366226196,0.4467741935483871,0
0.3343905508518219,0.36295681063122925,1
0.47098520398139954,0.47019867549668876,1
0.3743141293525696,0.42160278745644597,0
0.6468067765235901,0.6484375,1
0.7551737427711487,0.7515151515151515,0
0.7565891742706299,0.7515151515151515,1
0.573203444480896,0.5822532402791626,0
0.47446608543395996,0.47019867549668876,1
0.5505200624465942,0.5373134328358212,0
0.6769187450408936,0.6492307692307693,0
0.4758315086364746,0.47019867549668876,0
0.6268130540847778,0.5822532402791626,1
0.5092626214027405,0.4946107784431136,1
0.5267455577850342,0.4946107784431136,0
0.42685210704803467,0.4467741935483871,1
0.3292226195335388,0.36295681063122925,1
0.5910666584968567,0.5822532402791626,0
0.15799149870872498,0.36295681063122925,1
0.17359629273414612,0.36295681063122925,0
0.0700678601861,0.36295681063122925,0
0.7525801658630371,0.7515151515151515,1
0.6976197361946106,0.6804123711340206,0
0.6846400499343872,0.6492307692307693,1
0.7052415609359741,0.7052238805970149,1
0.4833730161190033,0.4946107784431136,1
0.41455960273742676,0.4467741935483871,1
0.4460609555244446,0.4467741935483871,0
0.5274485945701599,0.4946107784431136,0
0.5628023743629456,0.5794392523364486,0
0.375041127204895,0.42160278745644597,0
0.24812103807926178,0.36295681063122925,1
0.5062092542648315,0.4946107784431136,0
0.9399462938308716,0.9757575757575757,1
0.3373871147632599,0.36295681063122925,0
0.4092453420162201,0.4467741935483871,1
0.7433398962020874,0.7515151515151515,0
0.9585586190223694,1.0,1
0.7848313450813293,0.8159722222222222,0
0.81332927942276,0.8159722222222222,1
0.6479855179786682,0.6484375,0
0.20845173299312592,0.36295681063122925,0
0.6022865176200867,0.5822532402791626,1
0.9344034790992737,0.9757575757575757,1
0.17964337766170502,0.36295681063122925,1
0.32180678844451904,0.36295681063122925,0
0.14539234340190887,0.36295681063122925,0
0.5623806118965149,0.5794392523364486,1
0.7392038702964783,0.7515151515151515,0
0.6843324303627014,0.6492307692307693,1
0.7872476577758789,0.8159722222222222,1
0.6577997207641602,0.6484375,0
0.63801109790802,0.6,0
0.5987735390663147,0.5822532402791626,0
0.642019510269165,0.6484375,0
0.16658656299114227,0.36295681063122925,0
0.07715392857789993,0.36295681063122925,0
0.6254178285598755,0.5822532402791626,1
0.479184627532959,0.4946107784431136,0
0.5311477184295654,0.4946107784431136,1
0.48211902379989624,0.4946107784431136,0
0.8561615943908691,0.8680555555555556,0
0.5640849471092224,0.5794392523364486,1
0.7958030700683594,0.8159722222222222,1
0.41141852736473083,0.4467741935483871,0
0.4514072835445404,0.4467741935483871,0
0.7741612792015076,0.8159722222222222,1
0.6080746650695801,0.5822532402791626,0
0.910994827747345,0.9757575757575757,1
0.9492269158363342,0.9757575757575757,1
0.4851631224155426,0.4946107784431136,0
0.7923754453659058,0.8159722222222222,0
0.4232345223426819,0.4467741935483871,0
0.5392960906028748,0.5373134328358212,0
0.660194993019104,0.6492307692307693,1
0.7062973976135254,0.7052238805970149,1
0.6117687225341797,0.5822532402791626,0
0.3697642385959625,0.42160278745644597,1
0.5826818346977234,0.5822532402791626,0
0.14162130653858185,0.36295681063122925,0
0.10471774637699127,0.36295681063122925,0
0.7636228799819946,0.7515151515151515,0
0.716751217842102,0.7052238805970149,1
0.5355976223945618,0.5373134328358212,1
0.6332196593284607,0.5822532402791626,1
0.7438081502914429,0.7515151515151515,0
0.6321203112602234,0.5822532402791626,0
0.6825472712516785,0.6492307692307693,1
0.8650191426277161,0.872,0
0.33233320713043213,0.36295681063122925,0
0.47639915347099304,0.47019867549668876,0
0.17437808215618134,0.36295681063122925,0
0.6877668499946594,0.6492307692307693,0
0.31716465950012207,0.36295681063122925,0
0.29007020592689514,0.36295681063122925,0
0.5691674947738647,0.5822532402791626,1
0.8816676139831543,0.872,1
0.5449733734130859,0.5373134328358212,0
0.7957429885864258,0.8159722222222222,0
0.6235626935958862,0.5822532402791626,0
0.1425827294588089,0.36295681063122925,0
0.8353537321090698,0.8680555555555556,0
0.38765856623649597,0.4467741935483871,1
0.5264772772789001,0.4946107784431136,0
0.9072417616844177,0.9757575757575757,1
0.9169124364852905,0.9757575757575757,1
0.38281574845314026,0.4467741935483871,0
0.31456321477890015,0.36295681063122925,0
0.5576576590538025,0.5373134328358212,1
0.5265980958938599,0.4946107784431136,0
0.5053544640541077,0.4946107784431136,1
0.20899547636508942,0.36295681063122925,0
0.724209725856781,0.7052238805970149,0
0.649379312992096,0.6484375,1
0.6575576066970825,0.6484375,1
0.5980812907218933,0.5822532402791626,1
0.6080731153488159,0.5822532402791626,1
0.4780394732952118,0.4946107784431136,1
0.6542292833328247,0.6484375,0
0.9093783497810364,0.9757575757575757,1
0.6896474957466125,0.65,0
0.5804552435874939,0.5822532402791626,0
0.5275636911392212,0.4946107784431136,1
0.6722526550292969,0.6492307692307693,0
0.6750134825706482,0.6492307692307693,0
0.7167825102806091,0.7052238805970149,1
0.6891121864318848,0.65,0
0.5782785415649414,0.5822532402791626,1
0.3930196464061737,0.4467741935483871,0
0.31473684310913086,0.36295681063122925,0
0.8480055332183838,0.8680555555555556,1
0.6201940178871155,0.5822532402791626,0
0.4714607000350952,0.47019867549668876,1
0.22828136384487152,0.36295681063122925,0
0.2433694452047348,0.36295681063122925,1
0.4671455919742584,0.4467741935483871,0
0.5623353123664856,0.5794392523364486,1
0.1741386502981186,0.36295681063122925,0
0.823662281036377,0.8571428571428571,1
0.8768047094345093,0.872,1
0.764821469783783,0.7515151515151515,1
0.5937111377716064,0.5822532402791626,1
0.6667193174362183,0.6492307692307693,1
0.4341433346271515,0.4467741935483871,1
0.6530385613441467,0.6484375,1
0.7061994075775146,0.7052238805970149,1
0.6960623264312744,0.6804123711340206,0
0.5268381834030151,0.4946107784431136,0
0.7228074669837952,0.7052238805970149,1
0.11937256157398224,0.36295681063122925,0
0.44079336524009705,0.4467741935483871,1
0.7302845120429993,0.7515151515151515,1
0.5655359625816345,0.5794392523364486,0
0.5056760311126709,0.4946107784431136,1
0.6567142605781555,0.6484375,1
0.3785886764526367,0.42160278745644597,0
0.6268226504325867,0.5822532402791626,1
0.6076713800430298,0.5822532402791626,0
0.42555326223373413,0.4467741935483871,0
0.27016276121139526,0.36295681063122925,0
0.6016266345977783,0.5822532402791626,1
0.7819212079048157,0.8159722222222222,1
0.6148711442947388,0.5822532402791626,1
0.5240711569786072,0.4946107784431136,0
0.48811420798301697,0.4946107784431136,0
0.47195905447006226,0.47019867549668876,0
0.8038089275360107,0.8159722222222222,1
0.3467559814453125,0.36295681063122925,0
0.4473903179168701,0.4467741935483871,1
0.3154403269290924,0.36295681063122925,0
0.41102349758148193,0.4467741935483871,1
0.5207142233848572,0.4946107784431136,0
0.39583101868629456,0.4467741935483871,0
0.4619976580142975,0.4467741935483871,0
0.24020104110240936,0.36295681063122925,1
0.3393237292766571,0.36295681063122925,0
0.5713265538215637,0.5822532402791626,1
0.48940709233283997,0.4946107784431136,1
0.23878568410873413,0.36295681063122925,0
0.49503064155578613,0.4946107784431136,1
0.4935845136642456,0.4946107784431136,1
0.45111092925071716,0.4467741935483871,1
0.7491443753242493,0.7515151515151515,1
0.8291639089584351,0.8680555555555556,1
0.8470070362091064,0.8680555555555556,0
0.7757446765899658,0.8159722222222222,1
0.3830789029598236,0.4467741935483871,0
0.33904871344566345,0.36295681063122925,1
0.2095538079738617,0.36295681063122925,0
0.4104156196117401,0.4467741935483871,0
0.6466118693351746,0.6484375,1
0.35828742384910583,0.41509433962264153,1
0.5077498555183411,0.4946107784431136,1
0.5504302978515625,0.5373134328358212,1
0.9560636878013611,0.9757575757575757,0
0.7617967128753662,0.7515151515151515,0
0.7616990208625793,0.7515151515151515,1
0.7251900434494019,0.7052238805970149,1
0.7333419919013977,0.7515151515151515,1
0.4153842329978943,0.4467741935483871,1
0.3920397162437439,0.4467741935483871,1
0.7898138165473938,0.8159722222222222,1
0.7917109131813049,0.8159722222222222,0
0.45223236083984375,0.4467741935483871,0
0.3452877700328827,0.36295681063122925,1
0.6749276518821716,0.6492307692307693,1
0.23363977670669556,0.36295681063122925,0
0.190034881234169,0.36295681063122925,1
0.18774455785751343,0.36295681063122925,0
0.5215007662773132,0.4946107784431136,1
0.6085889339447021,0.5822532402791626,0
0.9461185932159424,0.9757575757575757,1
0.9315816760063171,0.9757575757575757,1
0.6042306423187256,0.5822532402791626,1
0.594533383846283,0.5822532402791626,1
0.5107201933860779,0.4946107784431136,1
0.377052366733551,0.42160278745644597,1
0.36182335019111633,0.42160278745644597,0
0.6899983286857605,0.6804123711340206,1
0.7704643607139587,0.8159722222222222,1
0.7377678751945496,0.7515151515151515,0
0.5904961824417114,0.5822532402791626,1
0.37487727403640747,0.42160278745644597,0
0.3307216763496399,0.36295681063122925,0
0.41034501791000366,0.4467741935483871,1
0.5379233956336975,0.5373134328358212,1
0.4198251962661743,0.4467741935483871,1
0.19894862174987793,0.36295681063122925,0
0.2035658210515976,0.36295681063122925,1
0.48484253883361816,0.4946107784431136,1
0.12575696408748627,0.36295681063122925,0
0.2549076974391937,0.36295681063122925,1
0.2824871242046356,0.36295681063122925,0
0.4591796398162842,0.4467741935483871,0
0.3804875612258911,0.42160278745644597,0
0.4150484800338745,0.4467741935483871,0
0.26282045245170593,0.36295681063122925,1
0.4571409523487091,0.4467741935483871,1
0.5268089175224304,0.4946107784431136,1
0.39970001578330994,0.4467741935483871,1
0.20283544063568115,0.36295681063122925,0
0.6180324554443359,0.5822532402791626,0
0.6531078219413757,0.6484375,1
0.9059010148048401,0.9757575757575757,1
0.6936637163162231,0.6804123711340206,0
0.5293627381324768,0.4946107784431136,0
0.37724027037620544,0.42160278745644597,0
0.5873546004295349,0.5822532402791626,0
0.706552267074585,0.7052238805970149,1
0.5678474307060242,0.5822532402791626,1
0.41060349345207214,0.4467741935483871,0
0.5418195128440857,0.5373134328358212,1
0.5445395112037659,0.5373134328358212,1
0.440758615732193,0.4467741935483871,0
0.6962242126464844,0.6804123711340206,0
0.716386616230011,0.7052238805970149,1
0.5190391540527344,0.4946107784431136,0
0.248179093003273,0.36295681063122925,1
0.6740951538085938,0.6492307692307693,0
0.4319319725036621,0.4467741935483871,0
0.5513409972190857,0.5373134328358212,0
0.46881231665611267,0.47019867549668876,0
0.8468772768974304,0.8680555555555556,1
0.783036470413208,0.8159722222222222,1
0.7302607893943787,0.7515151515151515,1
0.37720778584480286,0.42160278745644597,0
0.4845411479473114,0.4946107784431136,0
0.6604609489440918,0.6492307692307693,1
0.39924123883247375,0.4467741935483871,1
0.36872678995132446,0.42160278745644597,0
0.5657021403312683,0.5794392523364486,0
0.35775408148765564,0.41509433962264153,0
0.38802632689476013,0.4467741935483871,0
0.7123374342918396,0.7052238805970149,1
0.49356934428215027,0.4946107784431136,0
0.9283743500709534,0.9757575757575757,1
0.7743815183639526,0.8159722222222222,0
0.8377188444137573,0.8680555555555556,0
0.6541939377784729,0.6484375,0
0.528628945350647,0.4946107784431136,1
0.1892039179801941,0.36295681063122925,0
0.3098977208137512,0.36295681063122925,1
0.25145456194877625,0.36295681063122925,0
0.024997252970933914,0.36295681063122925,0
0.01454001385718584,0.36295681063122925,0
0.22372640669345856,0.36295681063122925,0
0.2953617572784424,0.36295681063122925,0
0.528335452079773,0.4946107784431136,0
0.38507941365242004,0.4467741935483871,1
0.5369693636894226,0.5373134328358212,0
0.38129398226737976,0.4467741935483871,0
0.7063970565795898,0.7052238805970149,0
0.6553475856781006,0.6484375,0
0.8392813801765442,0.8680555555555556,1
0.5444306135177612,0.5373134328358212,1
0.6048269271850586,0.5822532402791626,1
0.6543620824813843,0.6484375,0
0.5768187642097473,0.5822532402791626,0
0.5891444683074951,0.5822532402791626,1
0.6856024265289307,0.6492307692307693,0
0.477161705493927,0.47368421052631576,0
0.588670551776886,0.5822532402791626,1
0.667218029499054,0.6492307692307693,1
0.6587499976158142,0.6484375,1
0.42872560024261475,0.4467741935483871,1
0.411974161863327,0.4467741935483871,0
0.23730970919132233,0.36295681063122925,0
0.300444096326828,0.36295681063122925,0
0.5159096121788025,0.4946107784431136,1
0.4009315073490143,0.4467741935483871,1
0.4966788589954376,0.4946107784431136,0
0.2847391664981842,0.36295681063122925,0
0.2868044376373291,0.36295681063122925,1
0.3803395628929138,0.42160278745644597,1
0.5244264006614685,0.4946107784431136,1
0.47658872604370117,0.47019867549668876,0
0.3733479082584381,0.42160278745644597,0
0.49911946058273315,0.4946107784431136,0
0.3269347548484802,0.36295681063122925,1
0.45362865924835205,0.4467741935483871,1
0.7393614053726196,0.7515151515151515,1
0.0715421512722969,0.36295681063122925,0
0.22298789024353027,0.36295681063122925,1
0.23876437544822693,0.36295681063122925,0
0.087428018450737,0.36295681063122925,0
0.1506054550409317,0.36295681063122925,0
0.02668086066842079,0.36295681063122925,0
0.03157073259353638,0.36295681063122925,0
0.9668827652931213,1.0,1
0.8435890078544617,0.8680555555555556,1
0.3448532819747925,0.36295681063122925,0
0.6164357662200928,0.5822532402791626,1
0.8251206278800964,0.8571428571428571,0
0.8293508887290955,0.8680555555555556,1
0.5285847187042236,0.4946107784431136,0
0.5377994179725647,0.5373134328358212,1
0.6125337481498718,0.5822532402791626,0
0.9633095264434814,1.0,1
0.6205887794494629,0.5822532402791626,0
0.7734436392784119,0.8159722222222222,1
0.2130482941865921,0.36295681063122925,0
0.25685232877731323,0.36295681063122925,0
0.4508223831653595,0.4467741935483871,1
0.9754317998886108,1.0,1
0.14856785535812378,0.36295681063122925,0
0.2799379229545593,0.36295681063122925,0
0.06402747333049774,0.36295681063122925,0
0.13785845041275024,0.36295681063122925,1
0.2135251760482788,0.36295681063122925,1
0.19141925871372223,0.36295681063122925,0
0.21306033432483673,0.36295681063122925,0
0.4409322738647461,0.4467741935483871,1
0.2952920198440552,0.36295681063122925,0
0.14251288771629333,0.36295681063122925,0
0.7231477499008179,0.7052238805970149,1
0.7506486177444458,0.7515151515151515,1
0.9901624917984009,1.0,1
0.3198549449443817,0.36295681063122925,1
0.5671929121017456,0.5822532402791626,1
0.36169612407684326,0.42160278745644597,0
0.5397514700889587,0.5373134328358212,1
0.5554516911506653,0.5373134328358212,1
0.555978000164032,0.5373134328358212,0
0.4008215665817261,0.4467741935483871,0
0.7183935642242432,0.7052238805970149,1
0.28883764147758484,0.36295681063122925,0
0.451911985874176,0.4467741935483871,0
0.587448239326477,0.5822532402791626,0
0.5237893462181091,0.4946107784431136,1
0.4707636833190918,0.47019867549668876,0
0.69879549741745,0.7052238805970149,1
0.49520426988601685,0.4946107784431136,1
0.6168912649154663,0.5822532402791626,0
0.42604517936706543,0.4467741935483871,0
0.857092022895813,0.8680555555555556,1
0.5952972173690796,0.5822532402791626,1
0.6247484683990479,0.5822532402791626,0
0.500188410282135,0.4946107784431136,1
0.2777557671070099,0.36295681063122925,0
0.21165651082992554,0.36295681063122925,0
0.6960982084274292,0.6804123711340206,1
0.2194191962480545,0.36295681063122925,1
0.2817734181880951,0.36295681063122925,0
0.5841054916381836,0.5822532402791626,0
0.7976732850074768,0.8159722222222222,1
0.4788418412208557,0.4946107784431136,1
0.4061940014362335,0.4467741935483871,1
0.4791703522205353,0.4946107784431136,0
0.2500724196434021,0.36295681063122925,0
0.18078874051570892,0.36295681063122925,0
0.6919099688529968,0.6804123711340206,1
0.8256848454475403,0.8571428571428571,0
0.2873968780040741,0.36295681063122925,0
0.6847808361053467,0.6492307692307693,1
0.48395997285842896,0.4946107784431136,0
0.6037574410438538,0.5822532402791626,1
0.8550516366958618,0.8680555555555556,1
0.40783002972602844,0.4467741935483871,0
0.5697700381278992,0.5822532402791626,1
0.5298534035682678,0.4946107784431136,0
0.24961400032043457,0.36295681063122925,1
0.5157989263534546,0.4946107784431136,1
0.3254832625389099,0.36295681063122925,0
0.5641060471534729,0.5794392523364486,1
0.4935496151447296,0.4946107784431136,0
0.45649436116218567,0.4467741935483871,1
0.3856196403503418,0.4467741935483871,0
0.2780756652355194,0.36295681063122925,0
0.7269928455352783,0.7515151515151515,1
0.38844284415245056,0.4467741935483871,1
0.11083108186721802,0.36295681063122925,0
0.18383264541625977,0.36295681063122925,0
0.18683965504169464,0.36295681063122925,0
0.11559644341468811,0.36295681063122925,0
0.6976110339164734,0.6804123711340206,1
0.528735339641571,0.4946107784431136,0
0.35465124249458313,0.4024390243902439,0
0.21796509623527527,0.36295681063122925,0
0.21755000948905945,0.36295681063122925,0
0.5951801538467407,0.5822532402791626,1
0.16220679879188538,0.36295681063122925,1
0.2593669891357422,0.36295681063122925,0
0.5485510230064392,0.5373134328358212,1
0.6957937479019165,0.6804123711340206,1
0.46554526686668396,0.4467741935483871,1
0.43900442123413086,0.4467741935483871,0
0.423669695854187,0.4467741935483871,0
0.8010818362236023,0.8159722222222222,0
0.5296536087989807,0.4946107784431136,0
0.7216342091560364,0.7052238805970149,0
0.8524978756904602,0.8680555555555556,1
0.31229540705680847,0.36295681063122925,1
0.35130444169044495,0.4024390243902439,1
0.22834311425685883,0.36295681063122925,1
0.1760023683309555,0.36295681063122925,0
0.5907813906669617,0.5822532402791626,1
0.3110031187534332,0.36295681063122925,0
0.1716783344745636,0.36295681063122925,0
0.41046127676963806,0.4467741935483871,1
0.35311993956565857,0.4024390243902439,1
0.20411132276058197,0.36295681063122925,0
0.2919904887676239,0.36295681063122925,1
0.14931225776672363,0.36295681063122925,0
0.4734058678150177,0.47019867549668876,0
0.36461448669433594,0.42160278745644597,0
0.7214840054512024,0.7052238805970149,1
0.3200779855251312,0.36295681063122925,1
0.6156476736068726,0.5822532402791626,0
0.5878300070762634,0.5822532402791626,1
0.7986085414886475,0.8159722222222222,1
0.5781615972518921,0.5822532402791626,1
0.5043784976005554,0.4946107784431136,0
0.5024779438972473,0.4946107784431136,1
0.49628353118896484,0.4946107784431136,1
0.605330765247345,0.5822532402791626,1
0.6211645007133484,0.5822532402791626,1
0.46756136417388916,0.4467741935483871,0
0.5571851134300232,0.5373134328358212,1
0.4659329354763031,0.4467741935483871,0
0.49934688210487366,0.4946107784431136,0
0.7296178936958313,0.7515151515151515,0
0.46484804153442383,0.4467741935483871,1
0.07555282860994339,0.36295681063122925,0
0.42381399869918823,0.4467741935483871,0
0.985612154006958,1.0,1
0.5258961915969849,0.4946107784431136,0
0.28571340441703796,0.36295681063122925,1
0.5489445924758911,0.5373134328358212,0
0.4736360013484955,0.47019867549668876,0
0.3460562527179718,0.36295681063122925,0
0.5029250979423523,0.4946107784431136,1
0.21351225674152374,0.36295681063122925,1
0.3430718779563904,0.36295681063122925,1
0.4029093384742737,0.4467741935483871,1
0.3086300194263458,0.36295681063122925,0
0.30189236998558044,0.36295681063122925,1
0.17266613245010376,0.36295681063122925,0
0.39631417393684387,0.4467741935483871,0
0.6864405274391174,0.6492307692307693,0
0.8262643814086914,0.8680555555555556,1
0.5661587715148926,0.5794392523364486,0
0.6956464648246765,0.6804123711340206,1
0.8320157527923584,0.8680555555555556,1
0.6487565636634827,0.6484375,1
0.6785010695457458,0.6492307692307693,0
0.635590672492981,0.5822532402791626,0
0.7419534921646118,0.7515151515151515,1
0.5708969831466675,0.5822532402791626,1
0.6129072904586792,0.5822532402791626,1
0.9134045839309692,0.9757575757575757,1
0.42359116673469543,0.4467741935483871,1
0.37717169523239136,0.42160278745644597,0
0.31943073868751526,0.36295681063122925,1
0.44584521651268005,0.4467741935483871,0
0.4071393609046936,0.4467741935483871,1
0.6162137389183044,0.5822532402791626,0
0.5984177589416504,0.5822532402791626,0
0.44388774037361145,0.4467741935483871,0
0.46969348192214966,0.47019867549668876,0
0.795958936214447,0.8159722222222222,0
0.947729766368866,0.9757575757575757,1
0.5872527956962585,0.5822532402791626,1
0.6415919661521912,0.6484375,1
0.5687978863716125,0.5822532402791626,0
0.9147652983665466,0.9757575757575757,1
0.5766648650169373,0.5822532402791626,1
0.6121044158935547,0.5822532402791626,0
0.8065863251686096,0.8159722222222222,1
0.6380520462989807,0.6,1
0.8062373995780945,0.8159722222222222,0
0.5554139018058777,0.5373134328358212,0
0.37706461548805237,0.42160278745644597,1
0.4732007682323456,0.47019867549668876,1
0.42785921692848206,0.4467741935483871,0
0.5220513343811035,0.4946107784431136,0
0.1453239470720291,0.36295681063122925,0
0.20830675959587097,0.36295681063122925,1
0.79840087890625,0.8159722222222222,1
0.68533855676651,0.6492307692307693,0
0.7616672515869141,0.7515151515151515,1
0.5322842001914978,0.4946107784431136,0
0.7257014513015747,0.7052238805970149,1
0.7699335813522339,0.8159722222222222,1
0.6943515539169312,0.6804123711340206,1
0.6376762986183167,0.6,1
0.3767232894897461,0.42160278745644597,1
0.41790151596069336,0.4467741935483871,0
0.5343125462532043,0.5373134328358212,1
0.57122802734375,0.5822532402791626,1
0.4410040080547333,0.4467741935483871,0
0.3452957272529602,0.36295681063122925,0
0.3027817904949188,0.36295681063122925,1
0.4654744863510132,0.4467741935483871,1
0.37633952498435974,0.42160278745644597,1
0.6403490304946899,0.6484375,0
0.5140091180801392,0.4946107784431136,0
0.5791062116622925,0.5822532402791626,1
0.47818809747695923,0.4946107784431136,0
0.19459475576877594,0.36295681063122925,0
0.7611846327781677,0.7515151515151515,0
0.9582631587982178,1.0,1
0.5850016474723816,0.5822532402791626,1
0.7419046759605408,0.7515151515151515,0
0.10088980942964554,0.36295681063122925,0
0.20901893079280853,0.36295681063122925,0
0.4836045205593109,0.4946107784431136,0
0.8686046004295349,0.872,1
0.709234893321991,0.7052238805970149,1
0.7056488394737244,0.7052238805970149,1
0.7061320543289185,0.7052238805970149,0
0.703225314617157,0.7052238805970149,0
0.6927348375320435,0.6804123711340206,0
0.49622511863708496,0.4946107784431136,1
0.732598066329956,0.7515151515151515,0
0.8924297094345093,0.9545454545454546,1
0.5758201479911804,0.5822532402791626,1
0.9351038336753845,0.9757575757575757,1
0.5635413527488708,0.5794392523364486,1
0.5598165988922119,0.5794392523364486,1
0.7125989198684692,0.7052238805970149,1
0.6551979184150696,0.6484375,1
0.6762337684631348,0.6492307692307693,0
0.4899297058582306,0.4946107784431136,0
0.5176981091499329,0.4946107784431136,1
0.5643122792243958,0.5794392523364486,0
0.5511319041252136,0.5373134328358212,0
0.28435778617858887,0.36295681063122925,0
0.5812385678291321,0.5822532402791626,1
0.4662763476371765,0.4467741935483871,1
0.5244365334510803,0.4946107784431136,0
0.350802481174469,0.4024390243902439,0
0.2192169427871704,0.36295681063122925,1
0.2634753882884979,0.36295681063122925,0
0.1712130904197693,0.36295681063122925,0
0.723726212978363,0.7052238805970149,0
0.19900748133659363,0.36295681063122925,1
0.4029536247253418,0.4467741935483871,1
0.6911205053329468,0.6804123711340206,0
0.9260306358337402,0.9757575757575757,1
0.8818355798721313,0.872,0
0.8615021109580994,0.872,0
0.583456814289093,0.5822532402791626,0
0.8436444997787476,0.8680555555555556,1
0.40874674916267395,0.4467741935483871,0
0.8926587700843811,0.9545454545454546,1
0.33724597096443176,0.36295681063122925,0
0.4009115695953369,0.4467741935483871,1
0.4884636402130127,0.4946107784431136,0
0.8473144769668579,0.8680555555555556,1
0.4605518877506256,0.4467741935483871,1
0.5115117430686951,0.4946107784431136,1
0.4019506871700287,0.4467741935483871,0
0.34319525957107544,0.36295681063122925,0
0.8618295788764954,0.872,1
0.29228121042251587,0.36295681063122925,0
0.3057369887828827,0.36295681063122925,0
0.43449723720550537,0.4467741935483871,1
0.19992531836032867,0.36295681063122925,0
0.07856034487485886,0.36295681063122925,0
0.13338276743888855,0.36295681063122925,0
0.6422008872032166,0.6484375,1
0.6636518836021423,0.6492307692307693,1
0.8333844542503357,0.8680555555555556,1
0.5695763826370239,0.5822532402791626,1
0.35246458649635315,0.4024390243902439,0
0.6797875165939331,0.6492307692307693,1
0.2575455904006958,0.36295681063122925,0
0.6354771852493286,0.5822532402791626,0
0.6953088641166687,0.6804123711340206,1
0.7863560318946838,0.8159722222222222,1
0.6706312298774719,0.6492307692307693,1
0.550220787525177,0.5373134328358212,0
0.4660562574863434,0.4467741935483871,0
0.9194449782371521,0.9757575757575757,1
0.8435521125793457,0.8680555555555556,1
0.6595869660377502,0.6484375,1
0.613639235496521,0.5822532402791626,1
0.612170934677124,0.5822532402791626,1
0.67082279920578,0.6492307692307693,1
0.5101467370986938,0.4946107784431136,0
0.42546528577804565,0.4467741935483871,1
0.35487207770347595,0.4024390243902439,0
0.47802606225013733,0.4946107784431136,1
0.5288980007171631,0.4946107784431136,1
0.4715694785118103,0.47019867549668876,1
0.5164852738380432,0.4946107784431136,0
0.6247759461402893,0.5822532402791626,0
0.8802850842475891,0.872,0
0.6960368752479553,0.6804123711340206,1
0.49917274713516235,0.4946107784431136,0
0.42869529128074646,0.4467741935483871,0
0.5385628342628479,0.5373134328358212,1
0.5611438751220703,0.5794392523364486,1
0.49262136220932007,0.4946107784431136,1
0.2923324704170227,0.36295681063122925,1
0.34408438205718994,0.36295681063122925,0
0.38051068782806396,0.42160278745644597,0
0.0857698917388916,0.36295681063122925,1
0.08120562881231308,0.36295681063122925,0
0.3084946870803833,0.36295681063122925,0
0.4174329936504364,0.4467741935483871,1
0.4275017976760864,0.4467741935483871,0
0.1369759738445282,0.36295681063122925,1
0.3060794174671173,0.36295681063122925,0
0.5791910290718079,0.5822532402791626,0
0.6190505027770996,0.5822532402791626,1
0.9001396894454956,0.9757575757575757,1
0.4074314534664154,0.4467741935483871,1
0.6332377791404724,0.5822532402791626,0
0.47682061791419983,0.47019867549668876,0
0.6800743937492371,0.6492307692307693,1
0.5831443071365356,0.5822532402791626,1
0.6531590819358826,0.6484375,1
0.5548803210258484,0.5373134328358212,0
0.5734231472015381,0.5822532402791626,1
0.646583616733551,0.6484375,1
0.479735791683197,0.4946107784431136,0
0.5647192001342773,0.5794392523364486,1
0.42105838656425476,0.4467741935483871,0
0.6033734679222107,0.5822532402791626,0
0.48979926109313965,0.4946107784431136,0
0.7339813709259033,0.7515151515151515,0
0.5362989902496338,0.5373134328358212,1
0.6734535694122314,0.6492307692307693,1
0.5129981637001038,0.4946107784431136,0
0.4469379186630249,0.4467741935483871,0
0.37422633171081543,0.42160278745644597,0
0.8462063670158386,0.8680555555555556,1
0.8984258770942688,0.9757575757575757,1
0.6972275972366333,0.6804123711340206,0
0.7956528067588806,0.8159722222222222,1
0.8787397742271423,0.872,1
0.7257180213928223,0.7052238805970149,0
0.4460439682006836,0.4467741935483871,0
0.9492161870002747,0.9757575757575757,1
0.7669561505317688,0.7515151515151515,1
0.658564567565918,0.6484375,1
0.38240161538124084,0.4467741935483871,1
0.5828410983085632,0.5822532402791626,1
0.15472577512264252,0.36295681063122925,0
0.41651731729507446,0.4467741935483871,0
0.29576852917671204,0.36295681063122925,1
0.13855506479740143,0.36295681063122925,0
0.4229282736778259,0.4467741935483871,0
0.5393446683883667,0.5373134328358212,1
0.6977668404579163,0.6804123711340206,1
0.34642836451530457,0.36295681063122925,0
0.3266993463039398,0.36295681063122925,1
0.1181495413184166,0.36295681063122925,0
0.4501379430294037,0.4467741935483871,1
0.763641357421875,0.7515151515151515,0
0.5966552495956421,0.5822532402791626,1
0.4558708965778351,0.4467741935483871,0
0.581489086151123,0.5822532402791626,0
0.4516677260398865,0.4467741935483871,1
0.7148119807243347,0.7052238805970149,0
0.498484343290329,0.4946107784431136,0
0.5838915109634399,0.5822532402791626,1
0.25480154156684875,0.36295681063122925,1
0.43592095375061035,0.4467741935483871,1
0.4770340919494629,0.47368421052631576,0
0.5491313934326172,0.5373134328358212,1
0.6390179395675659,0.6,1
0.6837735772132874,0.6492307692307693,0
0.43667441606521606,0.4467741935483871,0
0.6095902919769287,0.5822532402791626,1
0.40665414929389954,0.4467741935483871,0
0.33132612705230713,0.36295681063122925,1
0.5378395318984985,0.5373134328358212,0
0.6446546316146851,0.6484375,0
0.7027013301849365,0.7052238805970149,1
0.5055400133132935,0.4946107784431136,0
0.3750855028629303,0.42160278745644597,0
0.4844827651977539,0.4946107784431136,1
0.5244350433349609,0.4946107784431136,0
0.7125669717788696,0.7052238805970149,1
0.8759093284606934,0.872,1
0.5676475763320923,0.5822532402791626,0
0.535495936870575,0.5373134328358212,0
0.9543386101722717,0.9757575757575757,1
0.5509060621261597,0.5373134328358212,1
0.7483822703361511,0.7515151515151515,1
0.7788225412368774,0.8159722222222222,1
0.86982661485672,0.872,1
0.5627960562705994,0.5794392523364486,1
0.4897904694080353,0.4946107784431136,1
0.677312433719635,0.6492307692307693,1
0.6621783971786499,0.6492307692307693,1
0.6683254837989807,0.6492307692307693,1
0.5109125971794128,0.4946107784431136,1
0.6193580031394958,0.5822532402791626,1
0.7035642266273499,0.7052238805970149,1
0.6339823007583618,0.5822532402791626,0
0.7137049436569214,0.7052238805970149,1
0.44120147824287415,0.4467741935483871,0
0.4238080382347107,0.4467741935483871,0
0.3549482226371765,0.4024390243902439,0
0.6920182108879089,0.6804123711340206,1
0.7879430651664734,0.8159722222222222,0
0.5388614535331726,0.5373134328358212,0
0.6307018995285034,0.5822532402791626,1
0.38995394110679626,0.4467741935483871,1
0.4360171854496002,0.4467741935483871,0
0.6302129030227661,0.5822532402791626,0
0.7363209128379822,0.7515151515151515,1
0.7483224868774414,0.7515151515151515,1
0.6777540445327759,0.6492307692307693,1
0.8912801146507263,0.872,0
0.3173283338546753,0.36295681063122925,1
0.5660490989685059,0.5794392523364486,0
0.5402684211730957,0.5373134328358212,1
0.32723137736320496,0.36295681063122925,0
0.4975382387638092,0.4946107784431136,1
0.615360677242279,0.5822532402791626,0
0.7664569616317749,0.7515151515151515,1
0.40240025520324707,0.4467741935483871,1
0.054662540555000305,0.36295681063122925,0
0.059916164726018906,0.36295681063122925,0
0.549350380897522,0.5373134328358212,0
0.9071223735809326,0.9757575757575757,1
0.9604498147964478,1.0,1
0.4981263279914856,0.4946107784431136,0
0.7674238681793213,0.7515151515151515,0
0.5695648193359375,0.5822532402791626,1
0.3483598530292511,0.36295681063122925,0
0.7838809490203857,0.8159722222222222,1
0.38211748003959656,0.4467741935483871,1
0.38189083337783813,0.4467741935483871,1
0.35138675570487976,0.4024390243902439,1
0.6016483306884766,0.5822532402791626,1
0.545360267162323,0.5373134328358212,0
0.4618883728981018,0.4467741935483871,0
0.857106626033783,0.8680555555555556,1
0.2755427360534668,0.36295681063122925,0
0.5579262375831604,0.5373134328358212,0
0.5916672348976135,0.5822532402791626,1
0.2830458879470825,0.36295681063122925,0
0.7387609481811523,0.7515151515151515,0
0.6927673816680908,0.6804123711340206,0
0.9389347434043884,0.9757575757575757,1
0.5231902599334717,0.4946107784431136,1
0.5189449787139893,0.4946107784431136,1
0.7996283769607544,0.8159722222222222,1
0.7604944109916687,0.7515151515151515,1
0.7448940277099609,0.7515151515151515,1
0.965093731880188,1.0,1
0.7388408184051514,0.7515151515151515,1
0.6878692507743835,0.6492307692307693,0
0.9337871670722961,0.9757575757575757,1
0.7966669797897339,0.8159722222222222,1
0.6613016724586487,0.6492307692307693,1
0.7730807662010193,0.8159722222222222,0
0.78739994764328,0.8159722222222222,1
0.7774437069892883,0.8159722222222222,0
0.7940738201141357,0.8159722222222222,1
0.7253471612930298,0.7052238805970149,1
0.6884550452232361,0.65,1
0.6224377155303955,0.5822532402791626,0
0.5982810854911804,0.5822532402791626,1
0.7811073660850525,0.8159722222222222,0
0.6369356513023376,0.5822532402791626,1
0.5682291388511658,0.5822532402791626,0
0.6424540281295776,0.6484375,1
0.5294263958930969,0.4946107784431136,0
0.5689842700958252,0.5822532402791626,1
0.59618079662323,0.5822532402791626,1
0.5947213768959045,0.5822532402791626,1
0.3576982021331787,0.41509433962264153,1
0.7279377579689026,0.7515151515151515,1
0.2370389699935913,0.36295681063122925,0
0.5258862972259521,0.4946107784431136,0
0.7165815234184265,0.7052238805970149,1
0.5852289795875549,0.5822532402791626,0
0.7870357632637024,0.8159722222222222,1
0.6346416473388672,0.5822532402791626,1
0.6870331168174744,0.6492307692307693,0
0.7107533812522888,0.7052238805970149,1
0.6853145956993103,0.6492307692307693,1
0.29299959540367126,0.36295681063122925,1
0.38803306221961975,0.4467741935483871,0
0.45938342809677124,0.4467741935483871,0
0.6232272386550903,0.5822532402791626,1
0.6565518379211426,0.6484375,1
0.5651437044143677,0.5794392523364486,1
0.9591275453567505,1.0,1
0.8718698024749756,0.872,0
0.6778739094734192,0.6492307692307693,1
0.47699424624443054,0.47368421052631576,1
0.5586892366409302,0.5373134328358212,1
0.6337405443191528,0.5822532402791626,0
0.6394994854927063,0.6,0
0.6765657663345337,0.6492307692307693,1
0.6283338069915771,0.5822532402791626,1
0.5890805125236511,0.5822532402791626,1
0.4128458499908447,0.4467741935483871,1
0.28075990080833435,0.36295681063122925,0
0.5411844849586487,0.5373134328358212,0
0.2691773772239685,0.36295681063122925,1
0.1695343554019928,0.36295681063122925,0
0.5546057224273682,0.5373134328358212,0
0.41620397567749023,0.4467741935483871,1
0.7257442474365234,0.7052238805970149,1
0.666168212890625,0.6492307692307693,0
0.37182217836380005,0.42160278745644597,0
0.6115249395370483,0.5822532402791626,0
0.41714733839035034,0.4467741935483871,0
0.6250881552696228,0.5822532402791626,1
0.5106459259986877,0.4946107784431136,0
0.4648497402667999,0.4467741935483871,0
0.3052622675895691,0.36295681063122925,0
0.35155338048934937,0.4024390243902439,0
0.702467679977417,0.7052238805970149,1
0.4133402407169342,0.4467741935483871,1
0.8785426616668701,0.872,1
0.6834610104560852,0.6492307692307693,1
0.4287554919719696,0.4467741935483871,0
0.589902400970459,0.5822532402791626,1
0.5332605838775635,0.4946107784431136,0
0.4879510700702667,0.4946107784431136,1
0.3026644289493561,0.36295681063122925,0
0.008417262695729733,0.36295681063122925,0
0.01413306687027216,0.36295681063122925,0
0.4218609631061554,0.4467741935483871,1
0.3162669539451599,0.36295681063122925,0
0.6183507442474365,0.5822532402791626,1
0.7935550212860107,0.8159722222222222,1
0.559556782245636,0.5373134328358212,0
0.35955753922462463,0.41509433962264153,0
0.6245797276496887,0.5822532402791626,1
0.629611074924469,0.5822532402791626,0
0.6539724469184875,0.6484375,0
0.8153727054595947,0.8571428571428571,1
0.6822957992553711,0.6492307692307693,1
0.46444588899612427,0.4467741935483871,0
0.373457670211792,0.42160278745644597,1
0.4240734875202179,0.4467741935483871,1
0.26179978251457214,0.36295681063122925,0
0.3184087574481964,0.36295681063122925,1
0.9519355297088623,0.9757575757575757,1
0.28521299362182617,0.36295681063122925,1
0.48985058069229126,0.4946107784431136,1
0.662039577960968,0.6492307692307693,1
0.4618842601776123,0.4467741935483871,1
0.5037822127342224,0.4946107784431136,1
0.398979514837265,0.4467741935483871,1
0.28970080614089966,0.36295681063122925,0
0.04541311785578728,0.36295681063122925,0
0.046896085143089294,0.36295681063122925,0
0.32737523317337036,0.36295681063122925,1
0.39027032256126404,0.4467741935483871,0
0.2908782660961151,0.36295681063122925,0
0.43274569511413574,0.4467741935483871,1
0.5621902942657471,0.5794392523364486,1
0.4915735423564911,0.4946107784431136,1
0.3125350773334503,0.36295681063122925,0
0.5335026383399963,0.4946107784431136,0
0.3701484501361847,0.42160278745644597,1
0.2962380647659302,0.36295681063122925,0
0.2562920153141022,0.36295681063122925,0
0.23601727187633514,0.36295681063122925,0
0.22553293406963348,0.36295681063122925,0
0.4260500967502594,0.4467741935483871,1
0.2775232195854187,0.36295681063122925,0
0.2699333727359772,0.36295681063122925,0
0.5283595323562622,0.4946107784431136,1
0.46494725346565247,0.4467741935483871,0
0.502862811088562,0.4946107784431136,1
0.5423039197921753,0.5373134328358212,0
0.5042360424995422,0.4946107784431136,0
0.303229421377182,0.36295681063122925,0
0.34224432706832886,0.36295681063122925,1
0.1328846663236618,0.36295681063122925,0
0.47531554102897644,0.47019867549668876,1
0.9834920763969421,1.0,1
0.3398187458515167,0.36295681063122925,1
0.34200501441955566,0.36295681063122925,0
0.5039723515510559,0.4946107784431136,1
0.5776265859603882,0.5822532402791626,0
0.7355325222015381,0.7515151515151515,1
0.4436599910259247,0.4467741935483871,0
0.560137927532196,0.5794392523364486,0
0.525187075138092,0.4946107784431136,1
0.7945396900177002,0.8159722222222222,1
0.6261574625968933,0.5822532402791626,1
0.5694781541824341,0.5822532402791626,1
0.4701313376426697,0.47019867549668876,1
0.2561173141002655,0.36295681063122925,0
0.3923756778240204,0.4467741935483871,0
0.8598374724388123,0.872,1
0.5173320770263672,0.4946107784431136,1
0.6419498920440674,0.6484375,1
0.581298291683197,0.5822532402791626,1
0.3080441951751709,0.36295681063122925,0
0.5143042206764221,0.4946107784431136,1
0.3024556636810303,0.36295681063122925,0
0.5069649815559387,0.4946107784431136,0
0.6953896880149841,0.6804123711340206,0
0.46591874957084656,0.4467741935483871,1
0.41332533955574036,0.4467741935483871,1
0.44258156418800354,0.4467741935483871,0
0.5523977875709534,0.5373134328358212,0
0.8182512521743774,0.8571428571428571,1
0.9685754179954529,1.0,1
0.6116011738777161,0.5822532402791626,1
0.5432804226875305,0.5373134328358212,1
0.3759334683418274,0.42160278745644597,0
0.6649728417396545,0.6492307692307693,0
0.21181464195251465,0.36295681063122925,0
0.4401203691959381,0.4467741935483871,0
0.41570743918418884,0.4467741935483871,1
0.22644664347171783,0.36295681063122925,0
0.24330411851406097,0.36295681063122925,0
0.7378093004226685,0.7515151515151515,1
0.616916835308075,0.5822532402791626,0
0.49760374426841736,0.4946107784431136,0
0.5645995140075684,0.5794392523364486,0
0.11091144382953644,0.36295681063122925,0
0.22956663370132446,0.36295681063122925,0
0.5889638662338257,0.5822532402791626,1
0.44340091943740845,0.4467741935483871,0
0.4444282352924347,0.4467741935483871,0
0.37683120369911194,0.42160278745644597,0
0.410672128200531,0.4467741935483871,1
0.5339155793190002,0.5,0
0.6221871972084045,0.5822532402791626,0
0.6767608523368835,0.6492307692307693,1
0.5979821681976318,0.5822532402791626,1
0.4006931483745575,0.4467741935483871,0
0.5068494081497192,0.4946107784431136,1
0.8587126135826111,0.872,1
0.5904476046562195,0.5822532402791626,0
0.5852004885673523,0.5822532402791626,0
0.5431270599365234,0.5373134328358212,1
0.5550506114959717,0.5373134328358212,0
0.45540374517440796,0.4467741935483871,1
0.31137651205062866,0.36295681063122925,0
0.4159732162952423,0.4467741935483871,0
0.5761511921882629,0.5822532402791626,1
0.518166720867157,0.4946107784431136,0
0.7691839337348938,0.8159722222222222,1
0.3967878520488739,0.4467741935483871,0
0.939930260181427,0.9757575757575757,1
0.9350000023841858,0.9757575757575757,1
0.46892601251602173,0.47019867549668876,1
0.35802730917930603,0.41509433962264153,0
0.8511013984680176,0.8680555555555556,1
0.6313406825065613,0.5822532402791626,0
0.920380175113678,0.9757575757575757,1
0.403651624917984,0.4467741935483871,1
0.5572896599769592,0.5373134328358212,1
0.8349714875221252,0.8680555555555556,1
0.7241645455360413,0.7052238805970149,0
0.6870999932289124,0.6492307692307693,0
0.4954528212547302,0.4946107784431136,1
0.46006545424461365,0.4467741935483871,0
0.5474924445152283,0.5373134328358212,1
0.28256574273109436,0.36295681063122925,1
0.4691498577594757,0.47019867549668876,1
0.3467146158218384,0.36295681063122925,0
0.8048924207687378,0.8159722222222222,1
0.5342049598693848,0.5373134328358212,1
0.3784758448600769,0.42160278745644597,1
0.31201544404029846,0.36295681063122925,0
0.5371795892715454,0.5373134328358212,1
0.35438212752342224,0.4024390243902439,0
0.3049963414669037,0.36295681063122925,0
0.6279475092887878,0.5822532402791626,1
0.5186143517494202,0.4946107784431136,0
0.5539122223854065,0.5373134328358212,0
0.5102486610412598,0.4946107784431136,0
0.5507580637931824,0.5373134328358212,0
0.44171297550201416,0.4467741935483871,0
0.613217830657959,0.5822532402791626,0
0.6051080226898193,0.5822532402791626,1
0.22421413660049438,0.36295681063122925,0
0.18247392773628235,0.36295681063122925,0
0.22529497742652893,0.36295681063122925,0
0.19444794952869415,0.36295681063122925,0
0.3140283524990082,0.36295681063122925,0
0.6505631804466248,0.6484375,1
0.2271317094564438,0.36295681063122925,0
0.4073028862476349,0.4467741935483871,1
0.46688756346702576,0.4467741935483871,0
0.4973362386226654,0.4946107784431136,1
0.21809932589530945,0.36295681063122925,1
0.2744641602039337,0.36295681063122925,1
0.5471665263175964,0.5373134328358212,1
0.35929590463638306,0.41509433962264153,0
0.27935752272605896,0.36295681063122925,0
0.30038586258888245,0.36295681063122925,0
0.6500264406204224,0.6484375,0
0.4416379928588867,0.4467741935483871,0
0.24382393062114716,0.36295681063122925,0
0.21685145795345306,0.36295681063122925,0
0.881615936756134,0.872,1
0.9102832674980164,0.9757575757575757,1
0.4451279938220978,0.4467741935483871,1
0.7820028066635132,0.8159722222222222,1
0.46670395135879517,0.4467741935483871,0
0.5139325857162476,0.4946107784431136,1
0.5892423987388611,0.5822532402791626,1
0.7591440677642822,0.7515151515151515,1
0.4836566150188446,0.4946107784431136,1
0.6196011900901794,0.5822532402791626,0
0.6233065724372864,0.5822532402791626,0
0.6420217752456665,0.6484375,1
0.4117094576358795,0.4467741935483871,0
0.5187539458274841,0.4946107784431136,0
0.605803370475769,0.5822532402791626,1
0.5085105895996094,0.4946107784431136,0
0.6486777067184448,0.6484375,1
0.41420817375183105,0.4467741935483871,0
0.4761655330657959,0.47019867549668876,0
0.4282144606113434,0.4467741935483871,1
0.2307719886302948,0.36295681063122925,1
0.3957270681858063,0.4467741935483871,0
0.38011786341667175,0.42160278745644597,0
0.5266115665435791,0.4946107784431136,1
0.1608852595090866,0.36295681063122925,0
0.14399249851703644,0.36295681063122925,0
0.1782674789428711,0.36295681063122925,1
0.15665042400360107,0.36295681063122925,0
0.16267913579940796,0.36295681063122925,0
0.6150200963020325,0.5822532402791626,1
0.34992703795433044,0.4024390243902439,0
0.7337705492973328,0.7515151515151515,1
0.16844213008880615,0.36295681063122925,1
0.2756466865539551,0.36295681063122925,0
0.24276520311832428,0.36295681063122925,0
0.8121412992477417,0.8159722222222222,1
0.5082694888114929,0.4946107784431136,1
0.38102784752845764,0.42160278745644597,0
0.3397503197193146,0.36295681063122925,0
0.9837706089019775,1.0,1
0.2716398537158966,0.36295681063122925,0
0.6183549761772156,0.5822532402791626,1
0.5360642075538635,0.5373134328358212,1
0.3761949837207794,0.42160278745644597,0
0.3377579152584076,0.36295681063122925,0
0.6035045385360718,0.5822532402791626,0
0.37249356508255005,0.42160278745644597,1
0.7836556434631348,0.8159722222222222,1
0.9843053221702576,1.0,1
0.8096469044685364,0.8159722222222222,1
0.7394101619720459,0.7515151515151515,1
0.6759611368179321,0.6492307692307693,0
0.8417706489562988,0.8680555555555556,1
0.6917924284934998,0.6804123711340206,1
0.7316216826438904,0.7515151515151515,0
0.5887758731842041,0.5822532402791626,0
0.8095594644546509,0.8159722222222222,0
0.9217410683631897,0.9757575757575757,1
0.7547805309295654,0.7515151515151515,1
0.45125532150268555,0.4467741935483871,1
0.3431455194950104,0.36295681063122925,1
0.4344080984592438,0.4467741935483871,0
0.6347842812538147,0.5822532402791626,0
0.5851761102676392,0.5822532402791626,1
0.37378889322280884,0.42160278745644597,0
0.30456995964050293,0.36295681063122925,1
0.3582949638366699,0.41509433962264153,0
0.6637154221534729,0.6492307692307693,0
0.464913547039032,0.4467741935483871,1
0.3440982699394226,0.36295681063122925,1
0.2503366470336914,0.36295681063122925,0
0.3772893249988556,0.42160278745644597,0
0.3148871064186096,0.36295681063122925,0
0.5816134214401245,0.5822532402791626,0
0.7181123495101929,0.7052238805970149,1
0.6276527643203735,0.5822532402791626,1
0.9345073699951172,0.9757575757575757,1
0.8153747320175171,0.8571428571428571,1
0.3530294895172119,0.4024390243902439,0
0.43215930461883545,0.4467741935483871,0
0.5563286542892456,0.5373134328358212,0
0.4697163999080658,0.47019867549668876,1
0.5750916600227356,0.5822532402791626,0
0.5863218903541565,0.5822532402791626,0
0.6838906407356262,0.6492307692307693,0
0.607341468334198,0.5822532402791626,1
0.2913309633731842,0.36295681063122925,0
0.5469014048576355,0.5373134328358212,0
0.4603436291217804,0.4467741935483871,0
0.6964141130447388,0.6804123711340206,1
0.3482585549354553,0.36295681063122925,0
0.49196675419807434,0.4946107784431136,0
0.7271761894226074,0.7515151515151515,1
0.4503553509712219,0.4467741935483871,1
0.6035309433937073,0.5822532402791626,1
0.3824562132358551,0.4467741935483871,0
0.6052442789077759,0.5822532402791626,1
0.5354525446891785,0.5373134328358212,0
0.6284847855567932,0.5822532402791626,1
0.6324738264083862,0.5822532402791626,0
0.45340681076049805,0.4467741935483871,0
0.6106239557266235,0.5822532402791626,1
0.7006365656852722,0.7052238805970149,1
0.6693455576896667,0.6492307692307693,1
0.5568464398384094,0.5373134328358212,0
0.02253451943397522,0.36295681063122925,0
0.016308490186929703,0.36295681063122925,0
0.04183480143547058,0.36295681063122925,0
0.20727607607841492,0.36295681063122925,0
0.11490520089864731,0.36295681063122925,0
0.4597617983818054,0.4467741935483871,1
0.6622060537338257,0.6492307692307693,1
0.5441138744354248,0.5373134328358212,1
0.8127509951591492,0.8159722222222222,1
0.5400628447532654,0.5373134328358212,0
0.5071136951446533,0.4946107784431136,1
0.44287899136543274,0.4467741935483871,1
0.5573047399520874,0.5373134328358212,1
0.27729570865631104,0.36295681063122925,1
0.4103223979473114,0.4467741935483871,1
0.36282894015312195,0.42160278745644597,1
0.8508195877075195,0.8680555555555556,1
0.48889926075935364,0.4946107784431136,1
0.6719678044319153,0.6492307692307693,1
0.36486804485321045,0.42160278745644597,0
0.41061291098594666,0.4467741935483871,0
0.652881920337677,0.6484375,1
0.4702765643596649,0.47019867549668876,1
0.4746868908405304,0.47019867549668876,0
0.3863414525985718,0.4467741935483871,0
0.6729419827461243,0.6492307692307693,1
0.7623395919799805,0.7515151515151515,1
0.6287108063697815,0.5822532402791626,0
0.22875431180000305,0.36295681063122925,0
0.6600724458694458,0.6492307692307693,1
0.5350755453109741,0.5373134328358212,0
0.5281403064727783,0.4946107784431136,0
0.6458122730255127,0.6484375,1
0.6019596457481384,0.5822532402791626,0
0.44021207094192505,0.4467741935483871,0
0.758143424987793,0.7515151515151515,1
0.3452451527118683,0.36295681063122925,0
0.6441687941551208,0.6484375,1
0.49731606245040894,0.4946107784431136,0
0.446849524974823,0.4467741935483871,0
0.3380969762802124,0.36295681063122925,0
0.7465908527374268,0.7515151515151515,1
0.5211701393127441,0.4946107784431136,0
0.14118769764900208,0.36295681063122925,0
0.20081065595149994,0.36295681063122925,0
0.15385304391384125,0.36295681063122925,0
0.1594180017709732,0.36295681063122925,0
0.11216235160827637,0.36295681063122925,0
0.5793793797492981,0.5822532402791626,0
0.43156036734580994,0.4467741935483871,1
0.7518121004104614,0.7515151515151515,1
0.4709448516368866,0.47019867549668876,1
0.36697879433631897,0.42160278745644597,0
0.669655978679657,0.6492307692307693,1
0.7777479887008667,0.8159722222222222,1
0.5470609068870544,0.5373134328358212,1
0.736814558506012,0.7515151515151515,1
0.6365895867347717,0.5822532402791626,1
0.6678022146224976,0.6492307692307693,1
0.6064536571502686,0.5822532402791626,0
0.675473153591156,0.6492307692307693,1
0.567520797252655,0.5822532402791626,0
0.979708731174469,1.0,1
0.606442391872406,0.5822532402791626,1
0.4841710329055786,0.4946107784431136,0
0.4622102677822113,0.4467741935483871,0
0.6201884150505066,0.5822532402791626,1
0.4298067092895508,0.4467741935483871,1
0.5153630375862122,0.4946107784431136,1
0.34342750906944275,0.36295681063122925,0
0.5587679147720337,0.5373134328358212,0
0.40379276871681213,0.4467741935483871,0
0.4842551648616791,0.4946107784431136,1
0.1811496466398239,0.36295681063122925,1
0.23825159668922424,0.36295681063122925,0
0.3839370608329773,0.4467741935483871,1
0.40834107995033264,0.4467741935483871,0
0.6806772351264954,0.6492307692307693,0
0.618625819683075,0.5822532402791626,1
0.302295446395874,0.36295681063122925,1
0.43554046750068665,0.4467741935483871,0
0.5436920523643494,0.5373134328358212,1
0.5483981370925903,0.5373134328358212,1
0.5083937644958496,0.4946107784431136,1
0.806236982345581,0.8159722222222222,1
0.7883647680282593,0.8159722222222222,1
0.516938328742981,0.4946107784431136,0
0.8410652875900269,0.8680555555555556,1
0.6585971117019653,0.6484375,0
0.48794233798980713,0.4946107784431136,1
0.6459433436393738,0.6484375,1
0.5427442193031311,0.5373134328358212,1
0.6133704781532288,0.5822532402791626,0
0.6127347946166992,0.5822532402791626,1
0.5329737663269043,0.4946107784431136,0
0.7742183804512024,0.8159722222222222,1
0.4405531585216522,0.4467741935483871,0
0.6454283595085144,0.6484375,0
0.3985554575920105,0.4467741935483871,1
0.5340471267700195,0.5,0
0.3756047487258911,0.42160278745644597,0
0.4943464398384094,0.4946107784431136,1
0.3635636270046234,0.42160278745644597,0
0.6374385356903076,0.6,1
0.49590933322906494,0.4946107784431136,0
0.6643560528755188,0.6492307692307693,0
0.41568389534950256,0.4467741935483871,0
0.6671261191368103,0.6492307692307693,0
0.9381055235862732,0.9757575757575757,1
0.5351969599723816,0.5373134328358212,0
0.5942426919937134,0.5822532402791626,0
0.8639780282974243,0.872,1
0.47558844089508057,0.47019867549668876,1
0.3597705066204071,0.41509433962264153,0
0.4603129029273987,0.4467741935483871,1
0.677164614200592,0.6492307692307693,1
0.4871092140674591,0.4946107784431136,0
0.5090451240539551,0.4946107784431136,1
0.538943886756897,0.5373134328358212,1
0.37608346343040466,0.42160278745644597,0
0.3475012481212616,0.36295681063122925,0
0.6485662460327148,0.6484375,1
0.3667698800563812,0.42160278745644597,0
0.7152888774871826,0.7052238805970149,1
0.6209688782691956,0.5822532402791626,1
0.6616292595863342,0.6492307692307693,1
0.8093008995056152,0.8159722222222222,0
0.5569658875465393,0.5373134328358212,1
0.5464522242546082,0.5373134328358212,0
0.981795608997345,1.0,1
0.754291832447052,0.7515151515151515,0
0.711309552192688,0.7052238805970149,0
0.8293094038963318,0.8680555555555556,1
0.4906386435031891,0.4946107784431136,1
0.8801808953285217,0.872,1
0.5687656998634338,0.5822532402791626,1
0.4798836410045624,0.4946107784431136,1
0.7953847646713257,0.8159722222222222,1
0.6383204460144043,0.6,1
0.7196824550628662,0.7052238805970149,0
0.6544246077537537,0.6484375,1
0.44564536213874817,0.4467741935483871,1
0.7286200523376465,0.7515151515151515,1
0.5900901556015015,0.5822532402791626,0
0.5970568656921387,0.5822532402791626,1
0.6123239398002625,0.5822532402791626,0
0.7152878046035767,0.7052238805970149,1
0.9061053395271301,0.9757575757575757,1
0.5463501214981079,0.5373134328358212,0
0.5098626017570496,0.4946107784431136,1
0.5615805387496948,0.5794392523364486,1
0.7655783891677856,0.7515151515151515,1
0.6460660099983215,0.6484375,0
0.7321353554725647,0.7515151515151515,1
0.3565221428871155,0.41509433962264153,1
0.421831339597702,0.4467741935483871,0
0.6694555282592773,0.6492307692307693,1
0.250280499458313,0.36295681063122925,0
0.22130297124385834,0.36295681063122925,0
0.7666054964065552,0.7515151515151515,1
0.5429227352142334,0.5373134328358212,1
0.4568503797054291,0.4467741935483871,0
0.5533776879310608,0.5373134328358212,1
0.5185853242874146,0.4946107784431136,0
0.5131826996803284,0.4946107784431136,0
0.972231388092041,1.0,1
0.7655084133148193,0.7515151515151515,0
0.5454326272010803,0.5373134328358212,0
0.6781898140907288,0.6492307692307693,1
0.6754589676856995,0.6492307692307693,1
0.5352594256401062,0.5373134328358212,0
0.8025251030921936,0.8159722222222222,1
0.8751615285873413,0.872,1
0.3833043873310089,0.4467741935483871,0
0.7190101742744446,0.7052238805970149,1
0.9932963252067566,1.0,1
0.6117596626281738,0.5822532402791626,0
0.6849834322929382,0.6492307692307693,0
0.6735829710960388,0.6492307692307693,1
0.6710189580917358,0.6492307692307693,1
0.5786661505699158,0.5822532402791626,1
0.5473585724830627,0.5373134328358212,0
0.1934737265110016,0.36295681063122925,0
0.2412649393081665,0.36295681063122925,1
0.1775246411561966,0.36295681063122925,0
0.6318877339363098,0.5822532402791626,1
0.7398780584335327,0.7515151515151515,1
0.3585776388645172,0.41509433962264153,1
0.3746543228626251,0.42160278745644597,0
0.4111199676990509,0.4467741935483871,0
0.298044890165329,0.36295681063122925,0
0.4266321063041687,0.4467741935483871,1
0.5193944573402405,0.4946107784431136,0
0.5796585083007812,0.5822532402791626,0
0.401868611574173,0.4467741935483871,0
0.456321120262146,0.4467741935483871,0
0.5819791555404663,0.5822532402791626,0
0.10577303171157837,0.36295681063122925,0
0.1389167606830597,0.36295681063122925,0
0.5030982494354248,0.4946107784431136,1
0.6434614062309265,0.6484375,1
0.47492843866348267,0.47019867549668876,0
0.36486685276031494,0.42160278745644597,1
0.4361688494682312,0.4467741935483871,0
0.48536747694015503,0.4946107784431136,0
0.35474613308906555,0.4024390243902439,1
0.2760448157787323,0.36295681063122925,0
0.44987139105796814,0.4467741935483871,0
0.4530910849571228,0.4467741935483871,1
0.579176664352417,0.5822532402791626,0
0.5743311047554016,0.5822532402791626,0
0.3831116557121277,0.4467741935483871,1
0.38847094774246216,0.4467741935483871,1
0.7512034773826599,0.7515151515151515,1
0.5945540070533752,0.5822532402791626,1
0.8850390315055847,0.872,1
0.4122239351272583,0.4467741935483871,1
0.6625985503196716,0.6492307692307693,1
0.6341919302940369,0.5822532402791626,0
0.4376186728477478,0.4467741935483871,0
0.8014953136444092,0.8159722222222222,1
0.5427675247192383,0.5373134328358212,1
0.6102977395057678,0.5822532402791626,1
0.4224300682544708,0.4467741935483871,0
0.5719062089920044,0.5822532402791626,1
0.3665032386779785,0.42160278745644597,0
0.525134265422821,0.4946107784431136,1
0.600468099117279,0.5822532402791626,1
0.4273349940776825,0.4467741935483871,0
0.3382662832736969,0.36295681063122925,1
0.28289908170700073,0.36295681063122925,0
0.6483002305030823,0.6484375,1
0.39032208919525146,0.4467741935483871,1
0.39196303486824036,0.4467741935483871,0
0.29527547955513,0.36295681063122925,0
0.8681000471115112,0.872,0
0.7539191246032715,0.7515151515151515,1
0.6019472479820251,0.5822532402791626,0
0.8031277060508728,0.8159722222222222,1
0.9218393564224243,0.9757575757575757,1
0.6350787878036499,0.5822532402791626,1
0.7912043929100037,0.8159722222222222,1
0.6939510703086853,0.6804123711340206,1
0.6838858127593994,0.6492307692307693,0
0.6368371844291687,0.5822532402791626,0
0.7073773741722107,0.7052238805970149,1
0.6388242840766907,0.6,0
0.5398457646369934,0.5373134328358212,1
0.30595093965530396,0.36295681063122925,1
0.38395094871520996,0.4467741935483871,0
0.315733402967453,0.36295681063122925,0
0.39392176270484924,0.4467741935483871,0
0.6937005519866943,0.6804123711340206,1
0.4226391613483429,0.4467741935483871,1
0.3052752614021301,0.36295681063122925,0
0.4899059236049652,0.4946107784431136,1
0.31685328483581543,0.36295681063122925,1
0.5415340662002563,0.5373134328358212,0
0.4607687294483185,0.4467741935483871,1
0.46778708696365356,0.4467741935483871,0
0.3402888774871826,0.36295681063122925,1
0.3124145269393921,0.36295681063122925,0
0.7997387647628784,0.8159722222222222,0
0.5045638680458069,0.4946107784431136,0
0.895995557308197,0.9545454545454546,1
0.5829356908798218,0.5822532402791626,1
0.587783932685852,0.5822532402791626,1
0.5026183724403381,0.4946107784431136,1
0.36118099093437195,0.42160278745644597,0
0.6339097023010254,0.5822532402791626,0
0.4224225878715515,0.4467741935483871,1
0.644940972328186,0.6484375,1
0.5327805280685425,0.4946107784431136,0
0.12258265912532806,0.36295681063122925,0
0.07690313458442688,0.36295681063122925,0
0.30984044075012207,0.36295681063122925,0
0.8814735412597656,0.872,0
0.6602658033370972,0.6492307692307693,1
0.4232730567455292,0.4467741935483871,1
0.6630654335021973,0.6492307692307693,1
0.506071150302887,0.4946107784431136,0
0.44001269340515137,0.4467741935483871,1
0.3740018308162689,0.42160278745644597,0
0.7900612950325012,0.8159722222222222,1
0.4316082298755646,0.4467741935483871,1
0.4861624240875244,0.4946107784431136,0
0.26683539152145386,0.36295681063122925,0
0.8278169631958008,0.8680555555555556,1
0.4994155466556549,0.4946107784431136,0
0.13210421800613403,0.36295681063122925,0
0.4180562496185303,0.4467741935483871,0
0.18329091370105743,0.36295681063122925,0
0.5390834808349609,0.5373134328358212,0
0.7986822724342346,0.8159722222222222,1
0.7770345211029053,0.8159722222222222,1
0.4520268738269806,0.4467741935483871,1
0.5874072313308716,0.5822532402791626,1
0.8619585037231445,0.872,1
0.6057602763175964,0.5822532402791626,0
0.4582563638687134,0.4467741935483871,0
0.4532400071620941,0.4467741935483871,1
0.41727733612060547,0.4467741935483871,0
0.6108860373497009,0.5822532402791626,0
0.06011396273970604,0.36295681063122925,0
0.06787601113319397,0.36295681063122925,0
0.3393475413322449,0.36295681063122925,0
0.2502683401107788,0.36295681063122925,0
0.5964815616607666,0.5822532402791626,0
0.7522832751274109,0.7515151515151515,1
0.5720111131668091,0.5822532402791626,1
0.7562494277954102,0.7515151515151515,1
0.5513120889663696,0.5373134328358212,0
0.6857602000236511,0.6492307692307693,1
0.5103703737258911,0.4946107784431136,1
0.5829288363456726,0.5822532402791626,1
0.6021901965141296,0.5822532402791626,1
0.4398202896118164,0.4467741935483871,0
0.5292296409606934,0.4946107784431136,0
0.36171650886535645,0.42160278745644597,0
0.34509626030921936,0.36295681063122925,0
0.606868326663971,0.5822532402791626,1
0.4097571074962616,0.4467741935483871,0
0.4042348861694336,0.4467741935483871,0
0.36648279428482056,0.42160278745644597,0
0.679948091506958,0.6492307692307693,1
0.2079852819442749,0.36295681063122925,1
0.18827325105667114,0.36295681063122925,0
0.6952832341194153,0.6804123711340206,1
0.5372024178504944,0.5373134328358212,0
0.8139681220054626,0.8159722222222222,1
0.45426005125045776,0.4467741935483871,1
0.6083680987358093,0.5822532402791626,0
0.4779161512851715,0.47368421052631576,0
0.4675389528274536,0.4467741935483871,1
0.5119664669036865,0.4946107784431136,1
0.5403798818588257,0.5373134328358212,1
0.5753243565559387,0.5822532402791626,1
0.42376676201820374,0.4467741935483871,1
0.400325745344162,0.4467741935483871,0
0.8694793581962585,0.872,1
0.7111306190490723,0.7052238805970149,1
0.49108850955963135,0.4946107784431136,0
0.33691203594207764,0.36295681063122925,0
0.665715217590332,0.6492307692307693,1
0.4082903563976288,0.4467741935483871,1
0.5321914553642273,0.4946107784431136,1
0.7347663640975952,0.7515151515151515,1
0.3847714364528656,0.4467741935483871,1
0.6931818127632141,0.6804123711340206,1
0.45250245928764343,0.4467741935483871,0
0.4351174235343933,0.4467741935483871,1
0.5407932996749878,0.5373134328358212,1
0.5158834457397461,0.4946107784431136,0
0.5874755382537842,0.5822532402791626,1
0.14986100792884827,0.36295681063122925,0
0.5490094423294067,0.5373134328358212,0
0.4179137945175171,0.4467741935483871,0
0.39865902066230774,0.4467741935483871,1
0.49240896105766296,0.4946107784431136,1
0.33026084303855896,0.36295681063122925,1
0.6152685284614563,0.5822532402791626,0
0.4986109137535095,0.4946107784431136,1
0.28419995307922363,0.36295681063122925,0
0.28269872069358826,0.36295681063122925,0
0.3940584659576416,0.4467741935483871,1
0.545399010181427,0.5373134328358212,0
0.39440032839775085,0.4467741935483871,1
0.476574182510376,0.47019867549668876,0
0.44498735666275024,0.4467741935483871,1
0.22546961903572083,0.36295681063122925,0
0.2594384551048279,0.36295681063122925,0
0.4206324815750122,0.4467741935483871,1
0.3560936450958252,0.4024390243902439,0
0.714507520198822,0.7052238805970149,1
0.6770979166030884,0.6492307692307693,0
0.9864524602890015,1.0,1
0.6180392503738403,0.5822532402791626,1
0.5799205303192139,0.5822532402791626,0
0.601382851600647,0.5822532402791626,1
0.6165409684181213,0.5822532402791626,1
0.6965954899787903,0.6804123711340206,1
0.5321627259254456,0.4946107784431136,0
0.5344948768615723,0.5373134328358212,1
0.6520889401435852,0.6484375,0
0.5109156370162964,0.4946107784431136,0
0.7447487711906433,0.7515151515151515,1
0.3736927807331085,0.42160278745644597,0
0.6261986494064331,0.5822532402791626,0
0.649724006652832,0.6484375,1
0.802980363368988,0.8159722222222222,1
0.5245611071586609,0.4946107784431136,1
0.2510029673576355,0.36295681063122925,0
0.6096684336662292,0.5822532402791626,0
0.4642868638038635,0.4467741935483871,1
0.41375696659088135,0.4467741935483871,0
0.5177232623100281,0.4946107784431136,0
0.3919442892074585,0.4467741935483871,1
0.7787470817565918,0.8159722222222222,1
0.44123825430870056,0.4467741935483871,0
0.8076547980308533,0.8159722222222222,1
0.6037699580192566,0.5822532402791626,0
0.03732694685459137,0.36295681063122925,0
0.04447990283370018,0.36295681063122925,0
0.9297642111778259,0.9757575757575757,1
0.46611788868904114,0.4467741935483871,0
0.554463267326355,0.5373134328358212,1
0.40318790078163147,0.4467741935483871,0
0.4946298599243164,0.4946107784431136,1
0.3136112093925476,0.36295681063122925,0
0.3037979006767273,0.36295681063122925,0
0.4321945607662201,0.4467741935483871,1
0.14513348042964935,0.36295681063122925,0
0.2657882571220398,0.36295681063122925,0
0.4606850743293762,0.4467741935483871,0
0.7301959991455078,0.7515151515151515,0
0.17818070948123932,0.36295681063122925,0
0.27105581760406494,0.36295681063122925,0
0.47486504912376404,0.47019867549668876,0
0.5193821787834167,0.4946107784431136,0
0.6742517948150635,0.6492307692307693,0
0.4472363293170929,0.4467741935483871,0
0.8715897798538208,0.872,1
0.332914263010025,0.36295681063122925,1
0.5045957565307617,0.4946107784431136,1
0.3990369737148285,0.4467741935483871,1
0.22333934903144836,0.36295681063122925,0
0.35282281041145325,0.4024390243902439,0
0.4023617208003998,0.4467741935483871,0
0.3261103332042694,0.36295681063122925,0
0.542832612991333,0.5373134328358212,1
0.7880103588104248,0.8159722222222222,1
0.37043696641921997,0.42160278745644597,1
0.32769885659217834,0.36295681063122925,0
0.3239879906177521,0.36295681063122925,1
0.45798546075820923,0.4467741935483871,1
0.3162090480327606,0.36295681063122925,1
0.2787141799926758,0.36295681063122925,0
0.3314608633518219,0.36295681063122925,0
0.33306393027305603,0.36295681063122925,0
0.691788911819458,0.6804123711340206,1
0.6427911520004272,0.6484375,1
0.3438393771648407,0.36295681063122925,1
0.31911468505859375,0.36295681063122925,0
0.5716410279273987,0.5822532402791626,1
0.4258737862110138,0.4467741935483871,0
0.5105586051940918,0.4946107784431136,0
0.3664669692516327,0.42160278745644597,1
0.5257315039634705,0.4946107784431136,1
0.284949392080307,0.36295681063122925,0
0.32965683937072754,0.36295681063122925,0
0.4601444900035858,0.4467741935483871,0
0.5070312023162842,0.4946107784431136,0
0.4316593110561371,0.4467741935483871,1
0.5900170207023621,0.5822532402791626,0
0.34453657269477844,0.36295681063122925,0
0.18739677965641022,0.36295681063122925,0
0.2613179683685303,0.36295681063122925,0
0.6713542342185974,0.6492307692307693,1
0.6500283479690552,0.6484375,1
0.2734374701976776,0.36295681063122925,0
0.7549757361412048,0.7515151515151515,1
0.3553498685359955,0.4024390243902439,0
0.29944300651550293,0.36295681063122925,0
0.5643145442008972,0.5794392523364486,1
0.4764246940612793,0.47019867549668876,0
0.5493760108947754,0.5373134328358212,0
0.3592657446861267,0.41509433962264153,1
0.31188419461250305,0.36295681063122925,0
0.28770896792411804,0.36295681063122925,1
0.3136434853076935,0.36295681063122925,0
0.7011683583259583,0.7052238805970149,1
0.6679879426956177,0.6492307692307693,1
0.36423465609550476,0.42160278745644597,1
0.3932710289955139,0.4467741935483871,1
0.6655139923095703,0.6492307692307693,1
0.6131685376167297,0.5822532402791626,0
0.6945363879203796,0.6804123711340206,1
0.5454639196395874,0.5373134328358212,1
0.409614235162735,0.4467741935483871,0
0.6616293787956238,0.6492307692307693,0
0.4886435270309448,0.4946107784431136,1
0.6216791272163391,0.5822532402791626,1
0.5219368934631348,0.4946107784431136,0
0.7518082857131958,0.7515151515151515,1
0.38997483253479004,0.4467741935483871,1
0.42899057269096375,0.4467741935483871,1
0.4452366828918457,0.4467741935483871,0
0.2882857918739319,0.36295681063122925,1
0.4740979075431824,0.47019867549668876,1
0.3702828884124756,0.42160278745644597,0
0.5026223063468933,0.4946107784431136,0
0.3706342577934265,0.42160278745644597,1
0.39501187205314636,0.4467741935483871,0
0.5878115892410278,0.5822532402791626,1
0.6137440204620361,0.5822532402791626,1
0.3648248612880707,0.42160278745644597,0
0.5989740490913391,0.5822532402791626,1
0.5193103551864624,0.4946107784431136,0
0.7467237114906311,0.7515151515151515,1
0.3074921667575836,0.36295681063122925,0
0.019530439749360085,0.36295681063122925,0
0.0829562172293663,0.36295681063122925,0
0.7870969176292419,0.8159722222222222,1
0.1383768916130066,0.36295681063122925,1
0.2874261140823364,0.36295681063122925,1
0.24248725175857544,0.36295681063122925,0
0.11915016174316406,0.36295681063122925,0
0.9312731623649597,0.9757575757575757,1
0.6776661276817322,0.6492307692307693,0
0.6397846341133118,0.6,0
0.6383684277534485,0.6,1
0.6129207015037537,0.5822532402791626,0
0.5707166790962219,0.5822532402791626,1
0.4371829926967621,0.4467741935483871,0
0.5161312818527222,0.4946107784431136,0
0.9666240215301514,1.0,1
0.3508830666542053,0.4024390243902439,1
0.4801775813102722,0.4946107784431136,1
0.5816779732704163,0.5822532402791626,1
0.4298263490200043,0.4467741935483871,1
0.5685873031616211,0.5822532402791626,1
0.20719441771507263,0.36295681063122925,0
0.2749272882938385,0.36295681063122925,1
0.2595846652984619,0.36295681063122925,0
0.6502910256385803,0.6484375,1
0.32466474175453186,0.36295681063122925,1
0.4139496982097626,0.4467741935483871,0
0.4268898665904999,0.4467741935483871,0
0.6942331790924072,0.6804123711340206,1
0.44671598076820374,0.4467741935483871,0
0.23993685841560364,0.36295681063122925,0
0.45311203598976135,0.4467741935483871,1
0.5032737851142883,0.4946107784431136,0
0.6636952757835388,0.6492307692307693,0
0.6274817585945129,0.5822532402791626,0
0.16520622372627258,0.36295681063122925,0
0.3567503094673157,0.41509433962264153,1
0.10375618934631348,0.36295681063122925,0
0.12317673861980438,0.36295681063122925,0
0.313473641872406,0.36295681063122925,0
0.49120715260505676,0.4946107784431136,0
0.527961015701294,0.4946107784431136,1
0.3061370551586151,0.36295681063122925,0
0.4794578552246094,0.4946107784431136,1
0.24159851670265198,0.36295681063122925,1
0.5050222873687744,0.4946107784431136,1
0.34599798917770386,0.36295681063122925,1
0.5889787077903748,0.5822532402791626,0
0.40315213799476624,0.4467741935483871,1
0.4773836135864258,0.47368421052631576,1
0.20478567481040955,0.36295681063122925,0
0.42532533407211304,0.4467741935483871,0
0.2351367175579071,0.36295681063122925,0
0.5101438760757446,0.4946107784431136,1
0.32758286595344543,0.36295681063122925,0
0.5684149861335754,0.5822532402791626,1
0.46186092495918274,0.4467741935483871,0
0.561486542224884,0.5794392523364486,0
0.5243378281593323,0.4946107784431136,0
0.42349132895469666,0.4467741935483871,1
0.4149024784564972,0.4467741935483871,0
0.13120242953300476,0.36295681063122925,0
0.09832432866096497,0.36295681063122925,0
0.15071554481983185,0.36295681063122925,0
0.3141605257987976,0.36295681063122925,0
0.20643506944179535,0.36295681063122925,0
0.5223847031593323,0.4946107784431136,0
0.6898031830787659,0.65,0
0.4848971366882324,0.4946107784431136,0
0.8503437638282776,0.8680555555555556,1
0.8385957479476929,0.8680555555555556,1
0.40228092670440674,0.4467741935483871,0
0.45235350728034973,0.4467741935483871,1
0.43282780051231384,0.4467741935483871,1
0.28865426778793335,0.36295681063122925,0
0.32865092158317566,0.36295681063122925,0
0.7501530051231384,0.7515151515151515,1
0.8527957201004028,0.8680555555555556,1
0.7376012802124023,0.7515151515151515,1
0.7416303157806396,0.7515151515151515,1
0.6606705784797668,0.6492307692307693,1
0.8481111526489258,0.8680555555555556,1
0.7112672328948975,0.7052238805970149,1
0.527450442314148,0.4946107784431136,0
0.32411542534828186,0.36295681063122925,0
0.4507358968257904,0.4467741935483871,0
0.6415991187095642,0.6484375,1
0.4857167601585388,0.4946107784431136,1
0.8543688654899597,0.8680555555555556,1
0.643612802028656,0.6484375,1
0.7213577628135681,0.7052238805970149,1
0.6535094380378723,0.6484375,0
0.9576380848884583,1.0,1
0.7753710746765137,0.8159722222222222,1
0.5837329030036926,0.5822532402791626,1
0.5963174104690552,0.5822532402791626,0
0.5581677556037903,0.5373134328358212,1
0.48544251918792725,0.4946107784431136,0
0.4750072956085205,0.47019867549668876,0
0.8915731906890869,0.9545454545454546,1
0.22494278848171234,0.36295681063122925,0
0.37168052792549133,0.42160278745644597,0
0.5348314642906189,0.5373134328358212,1
0.8519439101219177,0.8680555555555556,1
0.48401832580566406,0.4946107784431136,0
0.9151675701141357,0.9757575757575757,1
0.528294563293457,0.4946107784431136,0
0.5685189962387085,0.5822532402791626,0
0.6090590953826904,0.5822532402791626,0
0.324002742767334,0.36295681063122925,0
0.7727099061012268,0.8159722222222222,0
0.46894457936286926,0.47019867549668876,0
0.25804007053375244,0.36295681063122925,1
0.2656042277812958,0.36295681063122925,0
0.266871839761734,0.36295681063122925,0
0.3304027318954468,0.36295681063122925,0
0.5759620070457458,0.5822532402791626,1
0.512401819229126,0.4946107784431136,1
0.34075596928596497,0.36295681063122925,0
0.4175887107849121,0.4467741935483871,0
0.605901300907135,0.5822532402791626,1
0.6114563941955566,0.5822532402791626,0
0.7808582782745361,0.8159722222222222,1
0.684578001499176,0.6492307692307693,0
0.6816269159317017,0.6492307692307693,0
0.4931783080101013,0.4946107784431136,0
0.7209458947181702,0.7052238805970149,1
0.5744315385818481,0.5822532402791626,1
0.4166756272315979,0.4467741935483871,0
0.40890875458717346,0.4467741935483871,1
0.3090819716453552,0.36295681063122925,0
0.9319735169410706,0.9757575757575757,1
0.5963843464851379,0.5822532402791626,0
0.678473949432373,0.6492307692307693,0
0.4205608367919922,0.4467741935483871,0
0.5310590863227844,0.4946107784431136,1
0.294755220413208,0.36295681063122925,0
0.23741935193538666,0.36295681063122925,0
0.17706072330474854,0.36295681063122925,0
0.7343493700027466,0.7515151515151515,1
0.5843831896781921,0.5822532402791626,1
0.06830108165740967,0.36295681063122925,0
0.12750105559825897,0.36295681063122925,0
0.8485963940620422,0.8680555555555556,1
0.6813756227493286,0.6492307692307693,1
0.6837304830551147,0.6492307692307693,1
0.39991915225982666,0.4467741935483871,0
0.6869915127754211,0.6492307692307693,1
0.6004050374031067,0.5822532402791626,1
0.5462993383407593,0.5373134328358212,0
0.4189763069152832,0.4467741935483871,1
0.6023374795913696,0.5822532402791626,1
0.13431662321090698,0.36295681063122925,0
0.4248533844947815,0.4467741935483871,0
0.46596553921699524,0.4467741935483871,0
0.43789973855018616,0.4467741935483871,1
0.3063954710960388,0.36295681063122925,0
0.3843231201171875,0.4467741935483871,0
0.3651234805583954,0.42160278745644597,0
0.6271148920059204,0.5822532402791626,1
0.3088970184326172,0.36295681063122925,0
0.3706600069999695,0.42160278745644597,0
0.3717220425605774,0.42160278745644597,0
0.45988601446151733,0.4467741935483871,0
0.4297071397304535,0.4467741935483871,0
0.6353448629379272,0.5822532402791626,1
0.8605642318725586,0.872,1
0.5991607904434204,0.5822532402791626,1
0.6039609313011169,0.5822532402791626,0
0.5629757642745972,0.5794392523364486,1
0.5498048067092896,0.5373134328358212,0
0.8141872882843018,0.8159722222222222,1
0.49364539980888367,0.4946107784431136,1
0.5562645196914673,0.5373134328358212,1
0.49221062660217285,0.4946107784431136,1
0.3981560468673706,0.4467741935483871,1
0.15645232796669006,0.36295681063122925,0
0.730638861656189,0.7515151515151515,1
0.38187935948371887,0.4467741935483871,1
0.5361295342445374,0.5373134328358212,1
0.3719538450241089,0.42160278745644597,1
0.29410240054130554,0.36295681063122925,1
0.49762842059135437,0.4946107784431136,0
0.312718003988266,0.36295681063122925,0
0.37073659896850586,0.42160278745644597,1
0.2964176833629608,0.36295681063122925,1
0.5831820964813232,0.5822532402791626,1
0.3547174036502838,0.4024390243902439,0
0.36102089285850525,0.42160278745644597,1
0.2660205364227295,0.36295681063122925,0
0.38886192440986633,0.4467741935483871,0
0.5103598833084106,0.4946107784431136,1
0.6041407585144043,0.5822532402791626,0
0.42041653394699097,0.4467741935483871,1
0.3722905218601227,0.42160278745644597,1
0.37928536534309387,0.42160278745644597,1
0.7729923725128174,0.8159722222222222,0
0.864244818687439,0.872,1
0.5222573280334473,0.4946107784431136,1
0.5700940489768982,0.5822532402791626,0
0.6723284721374512,0.6492307692307693,1
0.8947942852973938,0.9545454545454546,1
0.8614054918289185,0.872,1
0.5999380946159363,0.5822532402791626,0
0.48558419942855835,0.4946107784431136,0
0.5374419689178467,0.5373134328358212,1
0.8433362245559692,0.8680555555555556,1
0.4692201018333435,0.47019867549668876,1
0.6272615194320679,0.5822532402791626,1
0.37567630410194397,0.42160278745644597,0
0.5768339037895203,0.5822532402791626,0
0.4883762300014496,0.4946107784431136,0
0.25201791524887085,0.36295681063122925,0
0.7079639434814453,0.7052238805970149,1
0.6431354284286499,0.6484375,0
0.24373528361320496,0.36295681063122925,0
0.38078492879867554,0.42160278745644597,0
0.5240689516067505,0.4946107784431136,1
0.11664585024118423,0.36295681063122925,0
0.24190998077392578,0.36295681063122925,0
0.48219481110572815,0.4946107784431136,1
0.7214257121086121,0.7052238805970149,1
0.7232285141944885,0.7052238805970149,1
0.5232530236244202,0.4946107784431136,0
0.6159600615501404,0.5822532402791626,1
0.5402568578720093,0.5373134328358212,0
0.710453450679779,0.7052238805970149,1
0.6333898901939392,0.5822532402791626,0
0.0524471215903759,0.36295681063122925,0
0.09757744520902634,0.36295681063122925,0
0.4423704147338867,0.4467741935483871,0
0.8965914249420166,0.9545454545454546,1
0.9466803073883057,0.9757575757575757,1
0.7914953231811523,0.8159722222222222,1
0.6820919513702393,0.6492307692307693,0
0.5250069499015808,0.4946107784431136,0
0.7280138731002808,0.7515151515151515,1
0.489708811044693,0.4946107784431136,1
0.5242722034454346,0.4946107784431136,0
0.7650177478790283,0.7515151515151515,0
0.510052502155304,0.4946107784431136,1
0.6064858436584473,0.5822532402791626,0
0.8260907530784607,0.8680555555555556,1
0.4871477484703064,0.4946107784431136,0
0.5151737332344055,0.4946107784431136,1
0.3849659860134125,0.4467741935483871,0
0.7181239128112793,0.7052238805970149,1
0.41217800974845886,0.4467741935483871,0
0.43109655380249023,0.4467741935483871,1
0.3747272491455078,0.42160278745644597,0
0.47280246019363403,0.47019867549668876,1
0.23361873626708984,0.36295681063122925,0
0.4898648262023926,0.4946107784431136,0
0.42153072357177734,0.4467741935483871,0
0.798012912273407,0.8159722222222222,1
0.687381386756897,0.6492307692307693,0
0.7533382177352905,0.7515151515151515,1
0.9039613008499146,0.9757575757575757,1
0.6077320575714111,0.5822532402791626,0
0.6425790190696716,0.6484375,1
0.6561434864997864,0.6484375,0
0.5760163068771362,0.5822532402791626,1
0.5708197355270386,0.5822532402791626,1
0.42967095971107483,0.4467741935483871,0
0.19216929376125336,0.36295681063122925,0
0.7577109932899475,0.7515151515151515,1
0.40893620252609253,0.4467741935483871,1
0.702181339263916,0.7052238805970149,0
0.9490882754325867,0.9757575757575757,1
0.6876159310340881,0.6492307692307693,0
0.40537524223327637,0.4467741935483871,1
0.6019145250320435,0.5822532402791626,1
0.517837643623352,0.4946107784431136,0
0.705920934677124,0.7052238805970149,0
0.5013044476509094,0.4946107784431136,1
0.5869417786598206,0.5822532402791626,1
0.9887765049934387,1.0,1
0.41635802388191223,0.4467741935483871,0
0.3375363349914551,0.36295681063122925,1
0.23788730800151825,0.36295681063122925,0
0.5914417505264282,0.5822532402791626,1
0.3615111708641052,0.42160278745644597,1
0.812997579574585,0.8159722222222222,1
0.28765884041786194,0.36295681063122925,1
0.41933995485305786,0.4467741935483871,1
0.3602141737937927,0.41509433962264153,1
0.3839421272277832,0.4467741935483871,1
0.5460992455482483,0.5373134328358212,0
0.609551191329956,0.5822532402791626,1
0.3665923774242401,0.42160278745644597,1
0.2705953121185303,0.36295681063122925,1
0.24375750124454498,0.36295681063122925,0
0.5704525113105774,0.5822532402791626,1
0.9426376819610596,0.9757575757575757,1
0.5132906436920166,0.4946107784431136,1
0.7627395391464233,0.7515151515151515,1
0.46278461813926697,0.4467741935483871,0
0.6582114100456238,0.6484375,1
0.8326788544654846,0.8680555555555556,1
0.5977743864059448,0.5822532402791626,1
0.495938777923584,0.4946107784431136,1
0.40422046184539795,0.4467741935483871,1
0.6447412371635437,0.6484375,1
0.6244420409202576,0.5822532402791626,1
0.30126240849494934,0.36295681063122925,0
0.31759345531463623,0.36295681063122925,1
0.6475361585617065,0.6484375,1
0.4846693277359009,0.4946107784431136,1
0.4738568365573883,0.47019867549668876,1
0.5487500429153442,0.5373134328358212,0
0.3739049732685089,0.42160278745644597,0
0.5525670647621155,0.5373134328358212,0
0.15983162820339203,0.36295681063122925,0
0.28127020597457886,0.36295681063122925,1
0.0820472240447998,0.36295681063122925,0
0.5472005605697632,0.5373134328358212,0
0.7830628752708435,0.8159722222222222,1
0.5188497304916382,0.4946107784431136,0
0.4885367155075073,0.4946107784431136,1
0.7308298349380493,0.7515151515151515,1
0.7435418963432312,0.7515151515151515,1
0.5724026560783386,0.5822532402791626,1
0.25458553433418274,0.36295681063122925,0
0.7446214556694031,0.7515151515151515,0
0.6158647537231445,0.5822532402791626,1
0.523981511592865,0.4946107784431136,0
0.7245314717292786,0.7052238805970149,1
0.36563342809677124,0.42160278745644597,0
0.5301620364189148,0.4946107784431136,0
0.6389758586883545,0.6,0
0.49831423163414,0.4946107784431136,1
0.8094156980514526,0.8159722222222222,1
0.4301600456237793,0.4467741935483871,1
0.5997821092605591,0.5822532402791626,1
0.9231581687927246,0.9757575757575757,1
0.28111445903778076,0.36295681063122925,1
0.6763997673988342,0.6492307692307693,1
0.31601160764694214,0.36295681063122925,1
0.25454825162887573,0.36295681063122925,0
0.2170487493276596,0.36295681063122925,1
0.3794231414794922,0.42160278745644597,1
0.4967447519302368,0.4946107784431136,1
0.3410552144050598,0.36295681063122925,1
0.07692389190196991,0.36295681063122925,0
0.6202777624130249,0.5822532402791626,0
0.5212214589118958,0.4946107784431136,1
0.5325829982757568,0.4946107784431136,1
0.20026060938835144,0.36295681063122925,0
0.2523440718650818,0.36295681063122925,0
0.3698745369911194,0.42160278745644597,0
0.3805060386657715,0.42160278745644597,0
0.395763099193573,0.4467741935483871,0
0.5683728456497192,0.5822532402791626,1
0.8263443112373352,0.8680555555555556,1
0.45851314067840576,0.4467741935483871,1
0.6119663119316101,0.5822532402791626,1
0.40652936697006226,0.4467741935483871,0
0.5412286520004272,0.5373134328358212,1
0.4229556620121002,0.4467741935483871,0
0.5543465614318848,0.5373134328358212,0
0.6950417757034302,0.6804123711340206,1
0.690317690372467,0.6804123711340206,1
0.3347187042236328,0.36295681063122925,0
0.9835767149925232,1.0,1
0.4434603750705719,0.4467741935483871,1
0.8408582806587219,0.8680555555555556,1
0.23328594863414764,0.36295681063122925,0
0.4196704626083374,0.4467741935483871,1
0.47666803002357483,0.47019867549668876,1
0.11671633273363113,0.36295681063122925,0
0.38084861636161804,0.42160278745644597,0
0.7244948148727417,0.7052238805970149,1
0.3182435929775238,0.36295681063122925,1
0.25770166516304016,0.36295681063122925,0
0.07423646748065948,0.36295681063122925,0
0.47549447417259216,0.47019867549668876,0
0.6034493446350098,0.5822532402791626,0
0.26521262526512146,0.36295681063122925,0
0.32674017548561096,0.36295681063122925,0
0.5062131285667419,0.4946107784431136,1
0.415271133184433,0.4467741935483871,0
0.46307167410850525,0.4467741935483871,0
0.9310974478721619,0.9757575757575757,1
0.8113387823104858,0.8159722222222222,1
0.6888554096221924,0.65,1
0.7042637467384338,0.7052238805970149,1
0.6311607360839844,0.5822532402791626,1
0.7465928196907043,0.7515151515151515,1
0.7668544054031372,0.7515151515151515,1
0.49274736642837524,0.4946107784431136,0
0.6886000633239746,0.65,1
0.5279198884963989,0.4946107784431136,0
0.617655336856842,0.5822532402791626,0
0.8210993409156799,0.8571428571428571,1
0.3348418176174164,0.36295681063122925,0
0.6081774234771729,0.5822532402791626,0
0.530012309551239,0.4946107784431136,0
0.422215074300766,0.4467741935483871,0
0.6558468341827393,0.6484375,0
0.6651760339736938,0.6492307692307693,1
0.6449954509735107,0.6484375,1
0.6573504209518433,0.6484375,1
0.7129997611045837,0.7052238805970149,0
0.6308979392051697,0.5822532402791626,1
0.5774431824684143,0.5822532402791626,1
0.6127380132675171,0.5822532402791626,0
0.6151471734046936,0.5822532402791626,0
0.7069512605667114,0.7052238805970149,1
0.5252578854560852,0.4946107784431136,0
0.8935918807983398,0.9545454545454546,1
0.5019267201423645,0.4946107784431136,1
0.9334002733230591,0.9757575757575757,1
0.6240317821502686,0.5822532402791626,0
0.6645427942276001,0.6492307692307693,0
0.9209574460983276,0.9757575757575757,1
0.307430237531662,0.36295681063122925,0
0.3648797571659088,0.42160278745644597,1
0.2740764021873474,0.36295681063122925,0
0.47158941626548767,0.47019867549668876,0
0.435695618391037,0.4467741935483871,0
0.5561373829841614,0.5373134328358212,0
0.8057359457015991,0.8159722222222222,1
0.8756571412086487,0.872,0
0.38145682215690613,0.4467741935483871,1
0.6122620105743408,0.5822532402791626,0
0.6410390138626099,0.6484375,1
0.5032278299331665,0.4946107784431136,0
0.5342317223548889,0.5373134328358212,0
0.1354636251926422,0.36295681063122925,0
0.31973904371261597,0.36295681063122925,0
0.873759925365448,0.872,1
0.4215072989463806,0.4467741935483871,0
0.9186005592346191,0.9757575757575757,1
0.4927852153778076,0.4946107784431136,0
0.920534074306488,0.9757575757575757,1
0.4405193030834198,0.4467741935483871,1
0.3863690197467804,0.4467741935483871,1
0.4220941662788391,0.4467741935483871,0
0.3897658586502075,0.4467741935483871,1
0.5593630075454712,0.5373134328358212,0
0.24878782033920288,0.36295681063122925,0
0.22315162420272827,0.36295681063122925,0
0.3074343800544739,0.36295681063122925,0
0.41212961077690125,0.4467741935483871,0
0.4256157875061035,0.4467741935483871,1
0.4355376362800598,0.4467741935483871,1
0.4842830002307892,0.4946107784431136,1
0.4637802243232727,0.4467741935483871,1
0.22371086478233337,0.36295681063122925,0
0.5845731496810913,0.5822532402791626,1
0.1917135864496231,0.36295681063122925,1
0.3701295256614685,0.42160278745644597,0
0.5584737658500671,0.5373134328358212,1
0.19184423983097076,0.36295681063122925,0
0.38933640718460083,0.4467741935483871,1
0.48335564136505127,0.4946107784431136,1
0.4974934458732605,0.4946107784431136,0
0.3311733901500702,0.36295681063122925,0
0.439318984746933,0.4467741935483871,1
0.35804763436317444,0.41509433962264153,0
0.3741990923881531,0.42160278745644597,1
0.4829925000667572,0.4946107784431136,1
0.5757679343223572,0.5822532402791626,1
0.5049493312835693,0.4946107784431136,1
0.4678230583667755,0.4467741935483871,0
0.6061276197433472,0.5822532402791626,1
0.5307988524436951,0.4946107784431136,1
0.4487740397453308,0.4467741935483871,0
0.3853374421596527,0.4467741935483871,1
0.24057412147521973,0.36295681063122925,0
0.18432055413722992,0.36295681063122925,0
0.24624547362327576,0.36295681063122925,1
0.7239177227020264,0.7052238805970149,1
0.4805211126804352,0.4946107784431136,0
0.7831229567527771,0.8159722222222222,1
0.3447120785713196,0.36295681063122925,0
0.15853354334831238,0.36295681063122925,1
0.20266534388065338,0.36295681063122925,1
0.20422227680683136,0.36295681063122925,1
0.3880901634693146,0.4467741935483871,1
0.2045099139213562,0.36295681063122925,0
0.1974850445985794,0.36295681063122925,0
0.6834719777107239,0.6492307692307693,1
0.7082850337028503,0.7052238805970149,1
0.8156595230102539,0.8571428571428571,1
0.6908890604972839,0.6804123711340206,0
0.7515205144882202,0.7515151515151515,1
0.5982607007026672,0.5822532402791626,1
0.6305335164070129,0.5822532402791626,0
0.8797716498374939,0.872,1
0.6215893626213074,0.5822532402791626,1
0.8059843182563782,0.8159722222222222,0
0.7109901905059814,0.7052238805970149,1
0.7538991570472717,0.7515151515151515,0
0.7487742304801941,0.7515151515151515,1
0.588178277015686,0.5822532402791626,0
0.6189799308776855,0.5822532402791626,1
0.5865637063980103,0.5822532402791626,0
0.9101831912994385,0.9757575757575757,1
0.7821352481842041,0.8159722222222222,0
0.5912748575210571,0.5822532402791626,0
0.9088781476020813,0.9757575757575757,1
0.6054388880729675,0.5822532402791626,0
0.5507171154022217,0.5373134328358212,0
0.09813545644283295,0.36295681063122925,0
0.07849301397800446,0.36295681063122925,0
0.24866433441638947,0.36295681063122925,0
0.4669274389743805,0.4467741935483871,1
0.2868524193763733,0.36295681063122925,0
0.7407755851745605,0.7515151515151515,0
0.465343713760376,0.4467741935483871,0
0.6077090501785278,0.5822532402791626,1
0.6840095520019531,0.6492307692307693,1
0.5446622371673584,0.5373134328358212,1
0.7489691376686096,0.7515151515151515,1
0.5994857549667358,0.5822532402791626,1
0.8085561394691467,0.8159722222222222,0
0.6528736352920532,0.6484375,0
0.9574405550956726,1.0,1
0.6958599090576172,0.6804123711340206,0
0.9626043438911438,1.0,1
0.7476822137832642,0.7515151515151515,0
0.7092564105987549,0.7052238805970149,1
0.5429535508155823,0.5373134328358212,0
0.5658315420150757,0.5794392523364486,1
0.5732185244560242,0.5822532402791626,1
0.446176677942276,0.4467741935483871,1
0.48247358202934265,0.4946107784431136,0
0.47081369161605835,0.47019867549668876,0
0.6280905604362488,0.5822532402791626,1
0.47002097964286804,0.47019867549668876,1
0.5392205119132996,0.5373134328358212,0
0.3511849045753479,0.4024390243902439,1
0.3315230906009674,0.36295681063122925,1
0.4807395040988922,0.4946107784431136,1
0.7070819139480591,0.7052238805970149,1
0.7393456697463989,0.7515151515151515,0
0.5636240839958191,0.5794392523364486,0
0.682700514793396,0.6492307692307693,1
0.527056872844696,0.4946107784431136,0
0.6220619082450867,0.5822532402791626,1
0.5063413381576538,0.4946107784431136,0
0.8684356212615967,0.872,1
0.44022122025489807,0.4467741935483871,0
0.27072426676750183,0.36295681063122925,0
0.5418745875358582,0.5373134328358212,0
0.7600461840629578,0.7515151515151515,1
0.3173336684703827,0.36295681063122925,0
0.7234737277030945,0.7052238805970149,1
0.7530829310417175,0.7515151515151515,0
0.6566079258918762,0.6484375,0
0.31901106238365173,0.36295681063122925,1
0.32785147428512573,0.36295681063122925,0
0.4952978491783142,0.4946107784431136,1
0.447234183549881,0.4467741935483871,0
0.3452708423137665,0.36295681063122925,1
0.2531834840774536,0.36295681063122925,0
0.2020379602909088,0.36295681063122925,0
0.4480987787246704,0.4467741935483871,1
0.40666747093200684,0.4467741935483871,1
0.496870219707489,0.4946107784431136,0
0.36115849018096924,0.42160278745644597,0
0.5453023314476013,0.5373134328358212,1
0.3721858561038971,0.42160278745644597,0
0.5435474514961243,0.5373134328358212,1
0.9097176194190979,0.9757575757575757,1
0.39991116523742676,0.4467741935483871,0
0.5841543078422546,0.5822532402791626,1
0.6493263244628906,0.6484375,0
0.45821911096572876,0.4467741935483871,1
0.4615466594696045,0.4467741935483871,0
0.35092851519584656,0.4024390243902439,1
0.38960403203964233,0.4467741935483871,1
0.5302740931510925,0.4946107784431136,1
0.31359589099884033,0.36295681063122925,0
0.8933395147323608,0.9545454545454546,1
0.24895527958869934,0.36295681063122925,0
0.3202359676361084,0.36295681063122925,1
0.16098067164421082,0.36295681063122925,0
0.15217362344264984,0.36295681063122925,0
0.56033855676651,0.5794392523364486,0
0.9704524278640747,1.0,1
0.492509663105011,0.4946107784431136,0
0.3291861414909363,0.36295681063122925,0
0.13683322072029114,0.36295681063122925,0
0.4970978796482086,0.4946107784431136,1
0.7939146757125854,0.8159722222222222,1
0.28981253504753113,0.36295681063122925,1
0.36945950984954834,0.42160278745644597,0
0.30281221866607666,0.36295681063122925,1
0.2626234292984009,0.36295681063122925,1
0.3773100674152374,0.42160278745644597,1
0.23865878582000732,0.36295681063122925,1
0.37561163306236267,0.42160278745644597,1
0.3768532872200012,0.42160278745644597,0
0.2873358428478241,0.36295681063122925,1
0.45332011580467224,0.4467741935483871,0
0.6918371915817261,0.6804123711340206,0
0.34019431471824646,0.36295681063122925,0
0.2606573700904846,0.36295681063122925,0
0.23870941996574402,0.36295681063122925,0
0.21636004745960236,0.36295681063122925,0
0.7753491401672363,0.8159722222222222,1
0.490102082490921,0.4946107784431136,1
0.6830702424049377,0.6492307692307693,0
0.43530574440956116,0.4467741935483871,1
0.4788654148578644,0.4946107784431136,1
0.41901254653930664,0.4467741935483871,0
0.5280050039291382,0.4946107784431136,0
0.3609607219696045,0.41509433962264153,0
0.36167004704475403,0.42160278745644597,1
0.25934311747550964,0.36295681063122925,0
0.25864747166633606,0.36295681063122925,0
0.31074073910713196,0.36295681063122925,1
0.9296805262565613,0.9757575757575757,1
0.35338065028190613,0.4024390243902439,0
0.43344050645828247,0.4467741935483871,0
0.5498530864715576,0.5373134328358212,1
0.8230974674224854,0.8571428571428571,1
0.5919851064682007,0.5822532402791626,0
0.604612410068512,0.5822532402791626,0
0.5861877202987671,0.5822532402791626,1
0.6425933241844177,0.6484375,1
0.656750500202179,0.6484375,1
0.5710912346839905,0.5822532402791626,1
0.532883882522583,0.4946107784431136,1
0.4030765891075134,0.4467741935483871,1
0.6188029646873474,0.5822532402791626,1
0.5203919410705566,0.4946107784431136,1
0.6526011228561401,0.6484375,1
0.2384362816810608,0.36295681063122925,0
0.5329373478889465,0.4946107784431136,1
0.648068904876709,0.6484375,1
0.37504878640174866,0.42160278745644597,0
0.15005257725715637,0.36295681063122925,0
0.5478261709213257,0.5373134328358212,1
0.6746265292167664,0.6492307692307693,1
0.7154322862625122,0.7052238805970149,1
0.7208939790725708,0.7052238805970149,0
0.37337949872016907,0.42160278745644597,1
0.29718732833862305,0.36295681063122925,1
0.16809768974781036,0.36295681063122925,0
0.3006531596183777,0.36295681063122925,0
0.25542300939559937,0.36295681063122925,0
0.679151177406311,0.6492307692307693,1
0.7492003440856934,0.7515151515151515,0
0.13711369037628174,0.36295681063122925,0
0.14005735516548157,0.36295681063122925,0
0.4298068881034851,0.4467741935483871,0
0.44635677337646484,0.4467741935483871,0
0.14989835023880005,0.36295681063122925,0
0.09514489769935608,0.36295681063122925,0
0.8412206768989563,0.8680555555555556,1
0.8363637328147888,0.8680555555555556,1
0.809698760509491,0.8159722222222222,1
0.8950458765029907,0.9545454545454546,1
0.611176073551178,0.5822532402791626,0
0.5097833275794983,0.4946107784431136,0
0.2501518130302429,0.36295681063122925,0
0.1282801330089569,0.36295681063122925,1
0.17181117832660675,0.36295681063122925,0
0.5893051624298096,0.5822532402791626,1
0.36393481492996216,0.42160278745644597,1
0.6518734693527222,0.6484375,0
0.40813755989074707,0.4467741935483871,1
0.6671481728553772,0.6492307692307693,1
0.29208680987358093,0.36295681063122925,0
0.28207436203956604,0.36295681063122925,0
0.42921820282936096,0.4467741935483871,1
0.3628786504268646,0.42160278745644597,1
0.2822889983654022,0.36295681063122925,0
0.3294980525970459,0.36295681063122925,0
0.35655930638313293,0.41509433962264153,1
0.2823682129383087,0.36295681063122925,0
0.33316680788993835,0.36295681063122925,1
0.29898205399513245,0.36295681063122925,0
0.32661232352256775,0.36295681063122925,0
0.5536410808563232,0.5373134328358212,1
0.7102389335632324,0.7052238805970149,1
0.2729743719100952,0.36295681063122925,0
0.46551042795181274,0.4467741935483871,0
0.4609091877937317,0.4467741935483871,0
0.28027215600013733,0.36295681063122925,0
0.7646223902702332,0.7515151515151515,0
0.2357429713010788,0.36295681063122925,0
0.5609445571899414,0.5794392523364486,0
0.4577169716358185,0.4467741935483871,1
0.2961138188838959,0.36295681063122925,0
0.6149723529815674,0.5822532402791626,0
0.5896267294883728,0.5822532402791626,0
0.3245905041694641,0.36295681063122925,1
0.5627542734146118,0.5794392523364486,1
0.4454433023929596,0.4467741935483871,0
0.3047061562538147,0.36295681063122925,0
0.1960526555776596,0.36295681063122925,0
0.2412504404783249,0.36295681063122925,0
0.48375725746154785,0.4946107784431136,1
0.27541688084602356,0.36295681063122925,0
0.39381471276283264,0.4467741935483871,1
0.42887842655181885,0.4467741935483871,1
0.565565824508667,0.5794392523364486,1
0.32787540555000305,0.36295681063122925,1
0.47515279054641724,0.47019867549668876,1
0.6820216774940491,0.6492307692307693,1
0.46787795424461365,0.4467741935483871,0
0.20273640751838684,0.36295681063122925,0
0.8493679165840149,0.8680555555555556,1
0.6003409624099731,0.5822532402791626,1
0.6300396919250488,0.5822532402791626,1
0.6529778838157654,0.6484375,0
0.6253438591957092,0.5822532402791626,0
0.6174266338348389,0.5822532402791626,1
0.5484032034873962,0.5373134328358212,1
0.4506834149360657,0.4467741935483871,1
0.370392769575119,0.42160278745644597,0
0.28455790877342224,0.36295681063122925,1
0.40614041686058044,0.4467741935483871,0
0.15528112649917603,0.36295681063122925,0
0.3767777979373932,0.42160278745644597,0
0.28465011715888977,0.36295681063122925,0
0.42624762654304504,0.4467741935483871,0
0.7952279448509216,0.8159722222222222,1
0.5900259017944336,0.5822532402791626,0
0.4840618669986725,0.4946107784431136,1
0.5469953417778015,0.5373134328358212,1
0.5688381791114807,0.5822532402791626,0
0.34412238001823425,0.36295681063122925,0
0.3414858281612396,0.36295681063122925,0
0.8344789743423462,0.8680555555555556,1
0.7255810499191284,0.7052238805970149,0
0.6593270897865295,0.6484375,1
0.7951929569244385,0.8159722222222222,1
0.7939359545707703,0.8159722222222222,1
0.8202667236328125,0.8571428571428571,1
0.7002161741256714,0.7052238805970149,1
0.7883138060569763,0.8159722222222222,0
0.7515612244606018,0.7515151515151515,1
0.6705182790756226,0.6492307692307693,1
0.6250576972961426,0.5822532402791626,1
0.7672995328903198,0.7515151515151515,0
0.6740875244140625,0.6492307692307693,0
0.07809440046548843,0.36295681063122925,1
0.05579029768705368,0.36295681063122925,0
0.016814246773719788,0.36295681063122925,0
0.39529338479042053,0.4467741935483871,0
0.669711709022522,0.6492307692307693,0
0.5522584915161133,0.5373134328358212,1
0.46392524242401123,0.4467741935483871,1
0.515435516834259,0.4946107784431136,1
0.711268424987793,0.7052238805970149,0
0.6539974212646484,0.6484375,1
0.2913806736469269,0.36295681063122925,1
0.43787527084350586,0.4467741935483871,1
0.5538267493247986,0.5373134328358212,0
0.5403640866279602,0.5373134328358212,1
0.18023769557476044,0.36295681063122925,0
0.15161599218845367,0.36295681063122925,0
0.49831271171569824,0.4946107784431136,1
0.5285179018974304,0.4946107784431136,1
0.7256272435188293,0.7052238805970149,0
0.5122213959693909,0.4946107784431136,1
0.3133297562599182,0.36295681063122925,0
0.4159298539161682,0.4467741935483871,1
0.34220215678215027,0.36295681063122925,0
0.6593774557113647,0.6484375,1
0.4691839814186096,0.47019867549668876,1
0.5255270600318909,0.4946107784431136,0
0.634649395942688,0.5822532402791626,1
0.33107316493988037,0.36295681063122925,0
0.5342508554458618,0.5373134328358212,1
0.39419928193092346,0.4467741935483871,0
0.36845359206199646,0.42160278745644597,1
0.4363901913166046,0.4467741935483871,0
0.2983159124851227,0.36295681063122925,1
0.26513025164604187,0.36295681063122925,0
0.2838115990161896,0.36295681063122925,0
0.22348567843437195,0.36295681063122925,0
0.5437465906143188,0.5373134328358212,1
0.41839078068733215,0.4467741935483871,0
0.3112940490245819,0.36295681063122925,0
0.19808468222618103,0.36295681063122925,0
0.15417341887950897,0.36295681063122925,0
0.5017679929733276,0.4946107784431136,1
0.5505762100219727,0.5373134328358212,0
0.7164797782897949,0.7052238805970149,1
0.7939969301223755,0.8159722222222222,1
0.2849065065383911,0.36295681063122925,1
0.3415289521217346,0.36295681063122925,0
0.6559927463531494,0.6484375,1
0.5361164808273315,0.5373134328358212,1
0.5318357348442078,0.4946107784431136,1
0.35660094022750854,0.41509433962264153,0
0.5027858018875122,0.4946107784431136,0
0.30772462487220764,0.36295681063122925,1
0.07141853123903275,0.36295681063122925,0
0.1379639059305191,0.36295681063122925,1
0.0868464857339859,0.36295681063122925,0
0.05389750003814697,0.36295681063122925,1
0.2152310162782669,0.36295681063122925,0
0.08470167964696884,0.36295681063122925,1
0.18551863729953766,0.36295681063122925,1
0.1020086407661438,0.36295681063122925,0
0.24241356551647186,0.36295681063122925,0
0.27755436301231384,0.36295681063122925,1
0.3087417483329773,0.36295681063122925,0
0.2724645435810089,0.36295681063122925,1
0.2066175490617752,0.36295681063122925,1
0.22218403220176697,0.36295681063122925,0
0.13467362523078918,0.36295681063122925,0
0.3383174538612366,0.36295681063122925,1
0.3871329724788666,0.4467741935483871,0
0.31899914145469666,0.36295681063122925,0
0.294751912355423,0.36295681063122925,0
0.2863779067993164,0.36295681063122925,1
0.3056907057762146,0.36295681063122925,0
0.2397671341896057,0.36295681063122925,1
0.12218992412090302,0.36295681063122925,0
0.7486085295677185,0.7515151515151515,1
0.6229353547096252,0.5822532402791626,1
0.10372929275035858,0.36295681063122925,0
0.12169025838375092,0.36295681063122925,0
0.2147953063249588,0.36295681063122925,0
0.12441913783550262,0.36295681063122925,0
0.7903662919998169,0.8159722222222222,1
0.9627394676208496,1.0,1
0.4533725082874298,0.4467741935483871,1
0.6635944843292236,0.6492307692307693,1
0.8219389915466309,0.8571428571428571,1
0.5745200514793396,0.5822532402791626,0
0.4803261458873749,0.4946107784431136,0
0.3302820324897766,0.36295681063122925,0
0.7851195335388184,0.8159722222222222,1
0.5408827066421509,0.5373134328358212,0
0.5517255663871765,0.5373134328358212,1
0.41450566053390503,0.4467741935483871,1
0.3634015917778015,0.42160278745644597,0
0.7574610114097595,0.7515151515151515,0
0.518354058265686,0.4946107784431136,1
0.6389849185943604,0.6,1
0.5808867812156677,0.5822532402791626,1
0.7770856618881226,0.8159722222222222,1
0.46664467453956604,0.4467741935483871,1
0.6339124441146851,0.5822532402791626,1
0.5499223470687866,0.5373134328358212,0
0.5026826858520508,0.4946107784431136,1
0.8365656733512878,0.8680555555555556,1
0.7953932881355286,0.8159722222222222,1
0.6334652900695801,0.5822532402791626,1
0.6811287999153137,0.6492307692307693,1
0.19253087043762207,0.36295681063122925,0
0.7220268845558167,0.7052238805970149,0
0.8166980147361755,0.8571428571428571,1
0.5529005527496338,0.5373134328358212,1
0.5444244742393494,0.5373134328358212,0
0.7294084429740906,0.7515151515151515,1
0.6820264458656311,0.6492307692307693,0
0.8845596313476562,0.872,1
0.6803455948829651,0.6492307692307693,1
0.5083147287368774,0.4946107784431136,1
0.49393588304519653,0.4946107784431136,1
0.6903812885284424,0.6804123711340206,1
0.4926711916923523,0.4946107784431136,0
0.6009935736656189,0.5822532402791626,1
0.6742148399353027,0.6492307692307693,1
0.3044587969779968,0.36295681063122925,1
0.410991907119751,0.4467741935483871,0
0.8665869235992432,0.872,1
0.8809489011764526,0.872,1
0.6706950664520264,0.6492307692307693,0
0.471765398979187,0.47019867549668876,0
0.5308677554130554,0.4946107784431136,0
0.39258429408073425,0.4467741935483871,0
0.28516483306884766,0.36295681063122925,1
0.29174986481666565,0.36295681063122925,1
0.8230471014976501,0.8571428571428571,1
0.18763458728790283,0.36295681063122925,0
0.8738706111907959,0.872,0
0.36928337812423706,0.42160278745644597,0
0.43042394518852234,0.4467741935483871,0
0.46759191155433655,0.4467741935483871,0
0.4307081401348114,0.4467741935483871,1
0.28683435916900635,0.36295681063122925,0
0.533940315246582,0.5,1
0.26601195335388184,0.36295681063122925,0
0.42621052265167236,0.4467741935483871,0
0.5127488374710083,0.4946107784431136,1
0.30482053756713867,0.36295681063122925,0
0.4308616816997528,0.4467741935483871,1
0.4700605273246765,0.47019867549668876,0
0.769769012928009,0.8159722222222222,1
0.22032782435417175,0.36295681063122925,0
0.5644795894622803,0.5794392523364486,0
0.8660880327224731,0.872,1
0.5704994797706604,0.5822532402791626,1
0.4427717924118042,0.4467741935483871,1
0.6326327919960022,0.5822532402791626,1
0.5625385642051697,0.5794392523364486,0
0.6084020137786865,0.5822532402791626,1
0.45964014530181885,0.4467741935483871,0
0.5495638847351074,0.5373134328358212,1
0.52437824010849,0.4946107784431136,0
0.014908415265381336,0.36295681063122925,0
0.040576204657554626,0.36295681063122925,0
0.5470747351646423,0.5373134328358212,1
0.7564252614974976,0.7515151515151515,1
0.47398242354393005,0.47019867549668876,1
0.6735888719558716,0.6492307692307693,1
0.4471096992492676,0.4467741935483871,0
0.30293917655944824,0.36295681063122925,0
0.2668330669403076,0.36295681063122925,0
0.3205912411212921,0.36295681063122925,0
0.4418935775756836,0.4467741935483871,1
0.39185625314712524,0.4467741935483871,0
0.39269179105758667,0.4467741935483871,0
0.2357093244791031,0.36295681063122925,0
0.4308422803878784,0.4467741935483871,0
0.42294323444366455,0.4467741935483871,0
0.5424695611000061,0.5373134328358212,0
0.8246444463729858,0.8571428571428571,1
0.6094464063644409,0.5822532402791626,1
0.38108426332473755,0.4467741935483871,1
0.8273743391036987,0.8680555555555556,1
0.9410879611968994,0.9757575757575757,1
0.6564017534255981,0.6484375,0
0.865655243396759,0.872,1
0.7252395749092102,0.7052238805970149,0
0.97479647397995,1.0,1
0.8492257595062256,0.8680555555555556,1
0.6628779172897339,0.6492307692307693,1
0.351869136095047,0.4024390243902439,0
0.4386015832424164,0.4467741935483871,1
0.4831622540950775,0.4946107784431136,1
0.5134288668632507,0.4946107784431136,1
0.547798216342926,0.5373134328358212,0
0.9658592343330383,1.0,1
0.3065263628959656,0.36295681063122925,0
0.5065751075744629,0.4946107784431136,0
0.29254916310310364,0.36295681063122925,0
0.7990054488182068,0.8159722222222222,0
0.5135310292243958,0.4946107784431136,1
0.3829466998577118,0.4467741935483871,1
0.600626528263092,0.5822532402791626,1
0.2957249879837036,0.36295681063122925,0
0.34670883417129517,0.36295681063122925,0
0.578184962272644,0.5822532402791626,1
0.6747605800628662,0.6492307692307693,1
0.5863290429115295,0.5822532402791626,1
0.39858290553092957,0.4467741935483871,1
0.5966710448265076,0.5822532402791626,0
0.6410205364227295,0.6484375,1
0.4615919291973114,0.4467741935483871,0
0.43892526626586914,0.4467741935483871,1
0.5103867650032043,0.4946107784431136,1
0.6214719414710999,0.5822532402791626,0
0.2699529826641083,0.36295681063122925,0
0.5437601208686829,0.5373134328358212,0
0.3709518313407898,0.42160278745644597,0
0.24355448782444,0.36295681063122925,0
0.9027990102767944,0.9757575757575757,1
0.26288431882858276,0.36295681063122925,0
0.18478713929653168,0.36295681063122925,0
0.3321894109249115,0.36295681063122925,0
0.4279261827468872,0.4467741935483871,0
0.6044097542762756,0.5822532402791626,1
0.636338472366333,0.5822532402791626,0
0.7560935616493225,0.7515151515151515,1
0.41547173261642456,0.4467741935483871,0
0.6005765199661255,0.5822532402791626,1
0.7885530591011047,0.8159722222222222,1
0.3909243643283844,0.4467741935483871,0
0.3714112341403961,0.42160278745644597,0
0.3528769016265869,0.4024390243902439,0
0.4557268023490906,0.4467741935483871,1
0.5282008051872253,0.4946107784431136,0
0.6681736707687378,0.6492307692307693,1
0.6930717825889587,0.6804123711340206,0
0.6383487582206726,0.6,0
0.4960329234600067,0.4946107784431136,1
0.6446196436882019,0.6484375,1
0.4302453100681305,0.4467741935483871,0
0.5430064797401428,0.5373134328358212,1
0.5451251268386841,0.5373134328358212,1
0.43580344319343567,0.4467741935483871,0
0.5870013236999512,0.5822532402791626,1
0.5444270968437195,0.5373134328358212,0
0.6200587153434753,0.5822532402791626,1
0.3486037850379944,0.36295681063122925,0
0.6403765082359314,0.6484375,1
0.7089011073112488,0.7052238805970149,0
0.5221569538116455,0.4946107784431136,0
0.5905425548553467,0.5822532402791626,0
0.23531027138233185,0.36295681063122925,0
0.45955002307891846,0.4467741935483871,0
0.5226331949234009,0.4946107784431136,0
0.7675837874412537,0.7515151515151515,1
0.31884899735450745,0.36295681063122925,1
0.4253632724285126,0.4467741935483871,0
0.8179227709770203,0.8571428571428571,1
0.5192345380783081,0.4946107784431136,1
0.5965279340744019,0.5822532402791626,1
0.5442492961883545,0.5373134328358212,1
0.4708706736564636,0.47019867549668876,1
0.36315855383872986,0.42160278745644597,1
0.3848244845867157,0.4467741935483871,1
0.44175323843955994,0.4467741935483871,0
0.2456580400466919,0.36295681063122925,0
0.41330090165138245,0.4467741935483871,1
0.28361478447914124,0.36295681063122925,0
0.9259116649627686,0.9757575757575757,1
0.3444490134716034,0.36295681063122925,0
0.4035685360431671,0.4467741935483871,1
0.3974074423313141,0.4467741935483871,0
0.2152058333158493,0.36295681063122925,0
0.3413744568824768,0.36295681063122925,1
0.4029688537120819,0.4467741935483871,1
0.26867637038230896,0.36295681063122925,0
0.5163543820381165,0.4946107784431136,0
0.40279000997543335,0.4467741935483871,1
0.23291386663913727,0.36295681063122925,0
0.5520145297050476,0.5373134328358212,0
0.5092999935150146,0.4946107784431136,0
0.8130891919136047,0.8159722222222222,1
0.5088338255882263,0.4946107784431136,0
0.35837480425834656,0.41509433962264153,0
0.19255638122558594,0.36295681063122925,0
0.556310772895813,0.5373134328358212,1
0.2851478159427643,0.36295681063122925,0
0.5207901000976562,0.4946107784431136,0
0.22092986106872559,0.36295681063122925,0
0.5598454475402832,0.5794392523364486,1
0.21033445000648499,0.36295681063122925,0
0.20277777314186096,0.36295681063122925,1
0.500911295413971,0.4946107784431136,0
0.6175767779350281,0.5822532402791626,1
0.4390740394592285,0.4467741935483871,0
0.8708551526069641,0.872,1
0.3605056405067444,0.41509433962264153,0
0.5008180737495422,0.4946107784431136,0
0.9572415351867676,1.0,1
0.4136982262134552,0.4467741935483871,0
0.9320936799049377,0.9757575757575757,1
0.6143408417701721,0.5822532402791626,0
0.7135335206985474,0.7052238805970149,1
0.769673764705658,0.8159722222222222,1
0.5451791882514954,0.5373134328358212,1
0.49172601103782654,0.4946107784431136,0
0.8248242139816284,0.8571428571428571,1
0.6252408027648926,0.5822532402791626,1
0.3549380302429199,0.4024390243902439,0
0.8812996745109558,0.872,1
0.40136411786079407,0.4467741935483871,0
0.607161283493042,0.5822532402791626,0
0.7305709719657898,0.7515151515151515,1
0.5386940836906433,0.5373134328358212,0
0.635652482509613,0.5822532402791626,0
0.8292058706283569,0.8680555555555556,1
0.6500232815742493,0.6484375,0
0.5003201365470886,0.4946107784431136,0
0.4665183424949646,0.4467741935483871,0
0.27919653058052063,0.36295681063122925,0
0.1754682958126068,0.36295681063122925,0
0.12894682586193085,0.36295681063122925,0
0.6428118944168091,0.6484375,1
0.5095629692077637,0.4946107784431136,1
0.8817970156669617,0.872,1
0.3595552444458008,0.41509433962264153,1
0.27135759592056274,0.36295681063122925,0
0.3483591079711914,0.36295681063122925,0
0.322130411863327,0.36295681063122925,0
0.39576801657676697,0.4467741935483871,0
0.7613349556922913,0.7515151515151515,1
0.4080568253993988,0.4467741935483871,1
0.26106777787208557,0.36295681063122925,0
0.4489704966545105,0.4467741935483871,0
0.18207165598869324,0.36295681063122925,0
0.7536656856536865,0.7515151515151515,1
0.40959081053733826,0.4467741935483871,1
0.7411234974861145,0.7515151515151515,1
0.6292701959609985,0.5822532402791626,0
0.33698391914367676,0.36295681063122925,1
0.46284016966819763,0.4467741935483871,0
0.3192124366760254,0.36295681063122925,0
0.5936306118965149,0.5822532402791626,1
0.4289226233959198,0.4467741935483871,1
0.40249013900756836,0.4467741935483871,1
0.061392251402139664,0.36295681063122925,0
0.13771386444568634,0.36295681063122925,0
0.24232922494411469,0.36295681063122925,0
0.31430667638778687,0.36295681063122925,1
0.4917997121810913,0.4946107784431136,1
0.6108002066612244,0.5822532402791626,1
0.38703471422195435,0.4467741935483871,0
0.3913489878177643,0.4467741935483871,1
0.3518708348274231,0.4024390243902439,0
0.19424991309642792,0.36295681063122925,1
0.3771477937698364,0.42160278745644597,0
0.5921263694763184,0.5822532402791626,0
0.6311917901039124,0.5822532402791626,0
0.28878575563430786,0.36295681063122925,0
0.4348048269748688,0.4467741935483871,1
0.5308833718299866,0.4946107784431136,0
0.43042439222335815,0.4467741935483871,1
0.30730584263801575,0.36295681063122925,0
0.48547253012657166,0.4946107784431136,0
0.4457530975341797,0.4467741935483871,0
0.8209370374679565,0.8571428571428571,1
0.5490784049034119,0.5373134328358212,1
0.6367350816726685,0.5822532402791626,0
0.8494751453399658,0.8680555555555556,1
0.7227892875671387,0.7052238805970149,1
0.5246806144714355,0.4946107784431136,1
0.43882670998573303,0.4467741935483871,0
0.5952773690223694,0.5822532402791626,1
0.5859450101852417,0.5822532402791626,0
0.5677931308746338,0.5822532402791626,1
0.9520636200904846,0.9757575757575757,1
0.41510331630706787,0.4467741935483871,1
0.9441424012184143,0.9757575757575757,1
0.7719494700431824,0.8159722222222222,0
0.31371021270751953,0.36295681063122925,1
0.555112898349762,0.5373134328358212,0
0.5585017204284668,0.5373134328358212,0
0.6859148144721985,0.6492307692307693,0
0.4840351939201355,0.4946107784431136,1
0.8648334741592407,0.872,1
0.8394678235054016,0.8680555555555556,1
0.5459139943122864,0.5373134328358212,0
0.6102367043495178,0.5822532402791626,0
0.7308019995689392,0.7515151515151515,1
0.5180105566978455,0.4946107784431136,0
0.6308707594871521,0.5822532402791626,1
0.4188765585422516,0.4467741935483871,0
0.72602778673172,0.7052238805970149,1
0.258697509765625,0.36295681063122925,1
0.7108363509178162,0.7052238805970149,1
0.4033132791519165,0.4467741935483871,1
0.4392491579055786,0.4467741935483871,1
0.44567304849624634,0.4467741935483871,1
0.20977267622947693,0.36295681063122925,0
0.33715805411338806,0.36295681063122925,1
0.4984391927719116,0.4946107784431136,1
0.46024298667907715,0.4467741935483871,0
0.3604743182659149,0.41509433962264153,0
0.3250136375427246,0.36295681063122925,0
0.7883617877960205,0.8159722222222222,1
0.6316922903060913,0.5822532402791626,0
0.8353226780891418,0.8680555555555556,1
0.8210521936416626,0.8571428571428571,1
0.6610276699066162,0.6492307692307693,0
0.7336801886558533,0.7515151515151515,1
0.746509313583374,0.7515151515151515,1
0.7545243501663208,0.7515151515151515,1
0.5208564400672913,0.4946107784431136,1
0.600037157535553,0.5822532402791626,0
0.692751944065094,0.6804123711340206,1
0.7336938977241516,0.7515151515151515,0
0.620269238948822,0.5822532402791626,0
0.9114920496940613,0.9757575757575757,1
0.5767771601676941,0.5822532402791626,1
0.2804414629936218,0.36295681063122925,1
0.3474499583244324,0.36295681063122925,1
0.4222157597541809,0.4467741935483871,1
0.30743852257728577,0.36295681063122925,0
0.6365036368370056,0.5822532402791626,0
0.33732566237449646,0.36295681063122925,1
0.3542872965335846,0.4024390243902439,0
0.3508738577365875,0.4024390243902439,0
0.312183141708374,0.36295681063122925,0
0.47290781140327454,0.47019867549668876,0
0.6632057428359985,0.6492307692307693,0
0.623571515083313,0.5822532402791626,0
0.27814656496047974,0.36295681063122925,0
0.5563526749610901,0.5373134328358212,0
0.9461910128593445,0.9757575757575757,1
0.03555483743548393,0.36295681063122925,0
0.06700493395328522,0.36295681063122925,0
0.4912587106227875,0.4946107784431136,0
0.7190019488334656,0.7052238805970149,1
0.4141412675380707,0.4467741935483871,1
0.45245030522346497,0.4467741935483871,0
0.47176340222358704,0.47019867549668876,1
0.3807885944843292,0.42160278745644597,1
0.2824391722679138,0.36295681063122925,1
0.2682167887687683,0.36295681063122925,0
0.486407607793808,0.4946107784431136,1
0.11335981637239456,0.36295681063122925,0
0.0878312736749649,0.36295681063122925,0
0.16761437058448792,0.36295681063122925,0
0.07533936202526093,0.36295681063122925,1
0.835006594657898,0.8680555555555556,1
0.8650748133659363,0.872,1
0.8967646956443787,0.9545454545454546,1
0.8301217555999756,0.8680555555555556,0
0.7173995971679688,0.7052238805970149,1
0.6470086574554443,0.6484375,1
0.7749224305152893,0.8159722222222222,1
0.8127776384353638,0.8159722222222222,0
0.6055777072906494,0.5822532402791626,0
0.3810487985610962,0.4467741935483871,1
0.44209039211273193,0.4467741935483871,0
0.4180886745452881,0.4467741935483871,0
0.5080813765525818,0.4946107784431136,0
0.45077088475227356,0.4467741935483871,1
0.9123848080635071,0.9757575757575757,1
0.3726780116558075,0.42160278745644597,1
0.36790189146995544,0.42160278745644597,1
0.3424646854400635,0.36295681063122925,0
0.21492382884025574,0.36295681063122925,0
0.06032270938158035,0.36295681063122925,0
0.016193388029932976,0.36295681063122925,0
0.26928943395614624,0.36295681063122925,1
0.31267815828323364,0.36295681063122925,0
0.24753262102603912,0.36295681063122925,0
0.26685965061187744,0.36295681063122925,1
0.3881783187389374,0.4467741935483871,0
0.33340030908584595,0.36295681063122925,0
0.35168489813804626,0.4024390243902439,0
0.5045139789581299,0.4946107784431136,1
0.429931640625,0.4467741935483871,0
0.24332663416862488,0.36295681063122925,0
0.6194371581077576,0.5822532402791626,1
0.4951314926147461,0.4946107784431136,1
0.29287970066070557,0.36295681063122925,0
0.15473832190036774,0.36295681063122925,0
0.8392043113708496,0.8680555555555556,1
0.34121790528297424,0.36295681063122925,0
0.29268157482147217,0.36295681063122925,1
0.4700675904750824,0.47019867549668876,0
0.2786515951156616,0.36295681063122925,0
0.6484180688858032,0.6484375,1
0.9477648735046387,0.9757575757575757,1
0.5569584369659424,0.5373134328358212,0
0.6928357481956482,0.6804123711340206,1
0.783974289894104,0.8159722222222222,1
0.5348796248435974,0.5373134328358212,0
0.5520123839378357,0.5373134328358212,0
0.9469902515411377,0.9757575757575757,1
0.5859096646308899,0.5822532402791626,1
0.6325310468673706,0.5822532402791626,1
0.4651780426502228,0.4467741935483871,0
0.13862480223178864,0.36295681063122925,0
0.06605862826108932,0.36295681063122925,0
0.0705406442284584,0.36295681063122925,0
0.03280376270413399,0.36295681063122925,0
0.13173429667949677,0.36295681063122925,0
0.7125648856163025,0.7052238805970149,0
0.44986483454704285,0.4467741935483871,1
0.06961510330438614,0.36295681063122925,0
0.12304052710533142,0.36295681063122925,1
0.11554145067930222,0.36295681063122925,1
0.1057397797703743,0.36295681063122925,0
0.19320684671401978,0.36295681063122925,0
0.6875090599060059,0.6492307692307693,0
0.43402403593063354,0.4467741935483871,1
0.4654649794101715,0.4467741935483871,1
0.29951921105384827,0.36295681063122925,0
0.21824030578136444,0.36295681063122925,0
0.16609595715999603,0.36295681063122925,0
0.7196012139320374,0.7052238805970149,1
0.9167706370353699,0.9757575757575757,1
0.44756993651390076,0.4467741935483871,0
0.7602835893630981,0.7515151515151515,0
0.788951575756073,0.8159722222222222,1
0.5515391230583191,0.5373134328358212,1
0.5134745240211487,0.4946107784431136,0
0.4712517261505127,0.47019867549668876,0
0.7776632905006409,0.8159722222222222,1
0.5176973342895508,0.4946107784431136,0
0.7887814044952393,0.8159722222222222,0
0.8859119415283203,0.872,1
0.5451270937919617,0.5373134328358212,0
0.4118883013725281,0.4467741935483871,1
0.3568318784236908,0.41509433962264153,0
0.5188392400741577,0.4946107784431136,0
0.5014846920967102,0.4946107784431136,1
0.5827599763870239,0.5822532402791626,1
0.3112001419067383,0.36295681063122925,1
0.4687894284725189,0.47019867549668876,0
0.29946762323379517,0.36295681063122925,0
0.5423520803451538,0.5373134328358212,0
0.1694355309009552,0.36295681063122925,1
0.47459033131599426,0.47019867549668876,1
0.9191007018089294,0.9757575757575757,1
0.2890254557132721,0.36295681063122925,0
0.36554989218711853,0.42160278745644597,1
0.37224334478378296,0.42160278745644597,0
0.956364095211029,1.0,1
0.8257392048835754,0.8680555555555556,1
0.6921640634536743,0.6804123711340206,1
0.6668907999992371,0.6492307692307693,1
0.39429977536201477,0.4467741935483871,1
0.8664142489433289,0.872,1
0.40988168120384216,0.4467741935483871,0
0.8418005108833313,0.8680555555555556,1
0.7780932188034058,0.8159722222222222,1
0.9853602051734924,1.0,1
0.7590321898460388,0.7515151515151515,1
0.7303797602653503,0.7515151515151515,1
0.7327615022659302,0.7515151515151515,1
0.573859691619873,0.5822532402791626,1
0.47023940086364746,0.47019867549668876,1
0.48414847254753113,0.4946107784431136,1
0.5244738459587097,0.4946107784431136,0
0.46191513538360596,0.4467741935483871,1
0.8497915267944336,0.8680555555555556,1
0.6357896327972412,0.5822532402791626,0
0.4905683994293213,0.4946107784431136,1
0.3723756670951843,0.42160278745644597,0
0.7178536057472229,0.7052238805970149,1
0.5978292226791382,0.5822532402791626,1
0.5798736214637756,0.5822532402791626,0
0.6252605319023132,0.5822532402791626,1
0.46767207980155945,0.4467741935483871,0
0.3954610228538513,0.4467741935483871,0
0.4526021480560303,0.4467741935483871,0
0.8582742810249329,0.872,1
0.5830827355384827,0.5822532402791626,0
0.5227011442184448,0.4946107784431136,0
0.0973348543047905,0.36295681063122925,1
0.33600887656211853,0.36295681063122925,0
0.025507019832730293,0.36295681063122925,0
0.2752656638622284,0.36295681063122925,0
0.32922881841659546,0.36295681063122925,0
0.9428568482398987,0.9757575757575757,1
0.8171682357788086,0.8571428571428571,1
0.6651185154914856,0.6492307692307693,1
0.7324147820472717,0.7515151515151515,0
0.6162427663803101,0.5822532402791626,1
0.7844114303588867,0.8159722222222222,1
0.6478509306907654,0.6484375,0
0.7774562239646912,0.8159722222222222,1
0.6964074373245239,0.6804123711340206,1
0.3448764681816101,0.36295681063122925,1
0.489094078540802,0.4946107784431136,1
0.7778715491294861,0.8159722222222222,0
0.42780250310897827,0.4467741935483871,0
0.761938750743866,0.7515151515151515,1
0.4929574131965637,0.4946107784431136,0
0.6218000054359436,0.5822532402791626,1
0.5663895606994629,0.5822532402791626,1
0.262236088514328,0.36295681063122925,0
0.4984380602836609,0.4946107784431136,0
0.462944895029068,0.4467741935483871,0
0.45172056555747986,0.4467741935483871,1
0.560168445110321,0.5794392523364486,0
0.7256200909614563,0.7052238805970149,0
0.777915894985199,0.8159722222222222,1
0.7912510633468628,0.8159722222222222,1
0.5102259516716003,0.4946107784431136,1
0.5340609550476074,0.5,0
0.39309147000312805,0.4467741935483871,0
0.7012507319450378,0.7052238805970149,1
0.6524829864501953,0.6484375,1
0.16401873528957367,0.36295681063122925,0
0.4658508002758026,0.4467741935483871,0
0.4706723093986511,0.47019867549668876,0
0.4466340243816376,0.4467741935483871,1
0.46535277366638184,0.4467741935483871,1
0.2332000732421875,0.36295681063122925,0
0.3070280849933624,0.36295681063122925,0
0.7126791477203369,0.7052238805970149,1
0.46888700127601624,0.47019867549668876,0
0.35105571150779724,0.4024390243902439,1
0.671534538269043,0.6492307692307693,1
0.2859587073326111,0.36295681063122925,1
0.5418498516082764,0.5373134328358212,1
0.3775409460067749,0.42160278745644597,1
0.2964797914028168,0.36295681063122925,1
0.328859806060791,0.36295681063122925,0
0.3120498061180115,0.36295681063122925,1
0.3603510558605194,0.41509433962264153,0
0.36041882634162903,0.41509433962264153,0
0.22770334780216217,0.36295681063122925,1
0.23066729307174683,0.36295681063122925,1
0.18962924182415009,0.36295681063122925,0
0.30949676036834717,0.36295681063122925,1
0.5681211948394775,0.5822532402791626,1
0.30076953768730164,0.36295681063122925,0
0.5135940313339233,0.4946107784431136,1
0.16459153592586517,0.36295681063122925,0
0.5063326358795166,0.4946107784431136,1
0.405644029378891,0.4467741935483871,0
0.47773805260658264,0.47368421052631576,0
0.7595624923706055,0.7515151515151515,0
0.5929767489433289,0.5822532402791626,0
0.4531409740447998,0.4467741935483871,0
0.687169075012207,0.6492307692307693,0
0.10914149135351181,0.36295681063122925,0
0.05692014843225479,0.36295681063122925,0
0.048276565968990326,0.36295681063122925,0
0.02531592920422554,0.36295681063122925,0
0.5717654824256897,0.5822532402791626,0
0.6609222888946533,0.6492307692307693,0
0.6649250388145447,0.6492307692307693,0
0.692439615726471,0.6804123711340206,0
0.36698484420776367,0.42160278745644597,0
0.3931855857372284,0.4467741935483871,0
0.44645723700523376,0.4467741935483871,0
0.5273492336273193,0.4946107784431136,1
0.6138597130775452,0.5822532402791626,1
0.7491060495376587,0.7515151515151515,1
0.4697374105453491,0.47019867549668876,0
0.5842779874801636,0.5822532402791626,1
0.6141746640205383,0.5822532402791626,1
0.35493385791778564,0.4024390243902439,0
0.6980581283569336,0.6804123711340206,0
0.6898708939552307,0.65,0
0.9815794229507446,1.0,1
0.7275413274765015,0.7515151515151515,1
0.8641207814216614,0.872,1
0.6327457427978516,0.5822532402791626,0
0.672859251499176,0.6492307692307693,1
0.7920008897781372,0.8159722222222222,1
0.5792275667190552,0.5822532402791626,0
0.6216599941253662,0.5822532402791626,0
0.7903472185134888,0.8159722222222222,1
0.6610291600227356,0.6492307692307693,0
0.6399180889129639,0.6,1
0.7460484504699707,0.7515151515151515,1
0.4224035441875458,0.4467741935483871,1
0.6533365845680237,0.6484375,1
0.47142574191093445,0.47019867549668876,0
0.8142755627632141,0.8159722222222222,1
0.619559645652771,0.5822532402791626,1
0.6030626893043518,0.5822532402791626,1
0.4309501349925995,0.4467741935483871,0
0.6503345370292664,0.6484375,1
0.467454731464386,0.4467741935483871,1
0.514683723449707,0.4946107784431136,1
0.4505123198032379,0.4467741935483871,1
0.44609540700912476,0.4467741935483871,1
0.42858901619911194,0.4467741935483871,1
0.41248083114624023,0.4467741935483871,0
0.36481720209121704,0.42160278745644597,1
0.5395414233207703,0.5373134328358212,1
0.24154584109783173,0.36295681063122925,0
0.273365318775177,0.36295681063122925,1
0.19417884945869446,0.36295681063122925,0
0.36600521206855774,0.42160278745644597,1
0.026484498754143715,0.36295681063122925,0
0.07970548421144485,0.36295681063122925,0
0.767734169960022,0.7515151515151515,0
0.7745874524116516,0.8159722222222222,1
0.6635972261428833,0.6492307692307693,1
0.8723095059394836,0.872,1
0.4918690323829651,0.4946107784431136,0
0.29819852113723755,0.36295681063122925,0
0.48796600103378296,0.4946107784431136,0
0.5544341802597046,0.5373134328358212,0
0.7234470248222351,0.7052238805970149,0
0.8367334604263306,0.8680555555555556,1
0.6117384433746338,0.5822532402791626,1
0.9147529006004333,0.9757575757575757,1
0.8470807671546936,0.8680555555555556,1
0.6352094411849976,0.5822532402791626,0
0.7022616863250732,0.7052238805970149,1
0.5566281080245972,0.5373134328358212,1
0.7521864771842957,0.7515151515151515,1
0.5535773038864136,0.5373134328358212,1
0.7373263835906982,0.7515151515151515,0
0.7068578600883484,0.7052238805970149,1
0.5341644883155823,0.5373134328358212,1
0.6706113815307617,0.6492307692307693,1
0.6575677990913391,0.6484375,1
0.5504853129386902,0.5373134328358212,0
0.5829393267631531,0.5822532402791626,1
0.47019147872924805,0.47019867549668876,0
0.7793697714805603,0.8159722222222222,1
0.4959866404533386,0.4946107784431136,0
0.9166129231452942,0.9757575757575757,1
0.5167348384857178,0.4946107784431136,0
0.7282506823539734,0.7515151515151515,1
0.7433183789253235,0.7515151515151515,1
0.4930448532104492,0.4946107784431136,1
0.5569860935211182,0.5373134328358212,1
0.4665815830230713,0.4467741935483871,1
0.271017462015152,0.36295681063122925,0
0.18131722509860992,0.36295681063122925,0
0.24169336259365082,0.36295681063122925,0
0.7466938495635986,0.7515151515151515,1
0.4164752662181854,0.4467741935483871,0
0.7597226500511169,0.7515151515151515,1
0.6578719615936279,0.6484375,1
0.3735576570034027,0.42160278745644597,0
0.2735677659511566,0.36295681063122925,0
0.5867227911949158,0.5822532402791626,0
0.512866735458374,0.4946107784431136,0
0.4776136875152588,0.47368421052631576,1
0.5550417304039001,0.5373134328358212,0
0.865173876285553,0.872,1
0.7146564722061157,0.7052238805970149,0
0.5261744856834412,0.4946107784431136,1
0.6412961483001709,0.6484375,1
0.7050032019615173,0.7052238805970149,1
0.49186915159225464,0.4946107784431136,1
0.5409998297691345,0.5373134328358212,1
0.4057560861110687,0.4467741935483871,1
0.6660757660865784,0.6492307692307693,1
0.40988290309906006,0.4467741935483871,1
0.26417869329452515,0.36295681063122925,0
0.44501975178718567,0.4467741935483871,0
0.3025454580783844,0.36295681063122925,0
0.3496517837047577,0.4024390243902439,1
0.7499957084655762,0.7515151515151515,0
0.6092291474342346,0.5822532402791626,1
0.6995164752006531,0.7052238805970149,1
0.41081398725509644,0.4467741935483871,0
0.3500915467739105,0.4024390243902439,1
0.45587560534477234,0.4467741935483871,0
0.3279810845851898,0.36295681063122925,0
0.6718120574951172,0.6492307692307693,1
0.4489978849887848,0.4467741935483871,1
0.48393529653549194,0.4946107784431136,0
0.6226874589920044,0.5822532402791626,1
0.31757083535194397,0.36295681063122925,0
0.45345380902290344,0.4467741935483871,0
0.3808981478214264,0.42160278745644597,0
0.4921879768371582,0.4946107784431136,0
0.6510631442070007,0.6484375,0
0.38125669956207275,0.4467741935483871,1
0.21502675116062164,0.36295681063122925,0
0.3748437762260437,0.42160278745644597,1
0.275444358587265,0.36295681063122925,0
0.011872694827616215,0.36295681063122925,0
0.01575455069541931,0.36295681063122925,0
0.5546192526817322,0.5373134328358212,1
0.6421598196029663,0.6484375,0
0.9270950555801392,0.9757575757575757,1
0.5458875298500061,0.5373134328358212,0
0.6932393312454224,0.6804123711340206,1
0.5116230249404907,0.4946107784431136,1
0.31979650259017944,0.36295681063122925,1
0.6018701791763306,0.5822532402791626,1
0.44514745473861694,0.4467741935483871,1
0.49141746759414673,0.4946107784431136,0
0.36259225010871887,0.42160278745644597,0
0.6170207858085632,0.5822532402791626,1
0.47606131434440613,0.47019867549668876,0
0.5807309746742249,0.5822532402791626,0
0.459494948387146,0.4467741935483871,0
0.41471394896507263,0.4467741935483871,0
0.5341382622718811,0.5,1
0.4155304729938507,0.4467741935483871,0
0.9261775016784668,0.9757575757575757,1
0.8436204791069031,0.8680555555555556,0
0.5653876066207886,0.5794392523364486,1
0.6836926341056824,0.6492307692307693,0
0.9917963743209839,1.0,1
0.49268704652786255,0.4946107784431136,0
0.5531005263328552,0.5373134328358212,1
0.3400588929653168,0.36295681063122925,0
0.36012938618659973,0.41509433962264153,0
0.9617689251899719,1.0,1
0.3528722822666168,0.4024390243902439,0
0.7432515621185303,0.7515151515151515,1
0.8864027261734009,0.872,1
0.5212650299072266,0.4946107784431136,0
0.5714221596717834,0.5822532402791626,1
0.42925024032592773,0.4467741935483871,0
0.5696524977684021,0.5822532402791626,1
0.6198097467422485,0.5822532402791626,0
0.6471973657608032,0.6484375,0
0.5973827242851257,0.5822532402791626,0
0.120965376496315,0.36295681063122925,0
0.14920498430728912,0.36295681063122925,0
0.7485422492027283,0.7515151515151515,1
0.5492680668830872,0.5373134328358212,1
0.6963090300559998,0.6804123711340206,1
0.5906800627708435,0.5822532402791626,1
0.6444348096847534,0.6484375,1
0.49838921427726746,0.4946107784431136,0
0.467913955450058,0.47019867549668876,1
0.2573659121990204,0.36295681063122925,0
0.3961697220802307,0.4467741935483871,0
0.950604259967804,0.9757575757575757,1
0.6789568066596985,0.6492307692307693,1
0.748566746711731,0.7515151515151515,0
0.8287078142166138,0.8680555555555556,1
0.05225721746683121,0.36295681063122925,0
0.04150010272860527,0.36295681063122925,0
0.5964924693107605,0.5822532402791626,1
0.9410147070884705,0.9757575757575757,1
0.4100600481033325,0.4467741935483871,0
0.6453264951705933,0.6484375,1
0.6758076548576355,0.6492307692307693,1
0.5100435018539429,0.4946107784431136,0
0.4337235391139984,0.4467741935483871,0
0.35922151803970337,0.41509433962264153,0
0.4946700632572174,0.4946107784431136,0
0.5381724834442139,0.5373134328358212,1
0.5417293906211853,0.5373134328358212,1
0.5420793294906616,0.5373134328358212,0
0.6607491970062256,0.6492307692307693,1
0.25318846106529236,0.36295681063122925,0
0.31001293659210205,0.36295681063122925,0
0.0771864652633667,0.36295681063122925,0
0.24195988476276398,0.36295681063122925,0
0.038059938699007034,0.36295681063122925,0
0.3200025260448456,0.36295681063122925,1
0.34923046827316284,0.36295681063122925,0
0.7070825099945068,0.7052238805970149,0
0.37680378556251526,0.42160278745644597,1
0.9723802804946899,1.0,1
0.8158292770385742,0.8571428571428571,1
0.6289895176887512,0.5822532402791626,1
0.43094611167907715,0.4467741935483871,0
0.8761358261108398,0.872,1
0.2676492929458618,0.36295681063122925,0
0.6385058164596558,0.6,0
0.648790717124939,0.6484375,0
0.6977043747901917,0.6804123711340206,0
0.6111897826194763,0.5822532402791626,1
0.6634102463722229,0.6492307692307693,1
0.4552004635334015,0.4467741935483871,0
0.8636676073074341,0.872,0
0.3741532266139984,0.42160278745644597,1
0.8943543434143066,0.9545454545454546,1
0.6498693227767944,0.6484375,0
0.56407630443573,0.5794392523364486,1
0.2676202058792114,0.36295681063122925,0
0.18636618554592133,0.36295681063122925,0
0.308732807636261,0.36295681063122925,0
0.5445194244384766,0.5373134328358212,1
0.6550713777542114,0.6484375,1
0.36968493461608887,0.42160278745644597,1
0.7783365845680237,0.8159722222222222,1
0.25701451301574707,0.36295681063122925,0
0.7838097810745239,0.8159722222222222,0
0.8380154371261597,0.8680555555555556,1
0.3904908001422882,0.4467741935483871,1
0.4718416631221771,0.47019867549668876,1
0.47171226143836975,0.47019867549668876,1
0.46916520595550537,0.47019867549668876,1
0.3760819137096405,0.42160278745644597,0
0.336539089679718,0.36295681063122925,0
0.4851192235946655,0.4946107784431136,1
0.3532283902168274,0.4024390243902439,0
0.4466880261898041,0.4467741935483871,1
0.48428618907928467,0.4946107784431136,0
0.3061646521091461,0.36295681063122925,0
0.4536691904067993,0.4467741935483871,1
0.5191611647605896,0.4946107784431136,0
0.9011499285697937,0.9757575757575757,1
0.8967448472976685,0.9545454545454546,1
0.43051478266716003,0.4467741935483871,0
0.7527803778648376,0.7515151515151515,1
0.6617104411125183,0.6492307692307693,1
0.5484656691551208,0.5373134328358212,1
0.42913001775741577,0.4467741935483871,1
0.540849506855011,0.5373134328358212,1
0.6121861338615417,0.5822532402791626,1
0.22798657417297363,0.36295681063122925,0
0.3419766426086426,0.36295681063122925,0
0.5827006697654724,0.5822532402791626,1
0.4029153883457184,0.4467741935483871,0
0.6798703074455261,0.6492307692307693,1
0.5196889042854309,0.4946107784431136,0
0.6844110488891602,0.6492307692307693,1
0.4224243760108948,0.4467741935483871,1
0.554252028465271,0.5373134328358212,0
0.4752641022205353,0.47019867549668876,0
0.5362978577613831,0.5373134328358212,1
0.4561624228954315,0.4467741935483871,0
0.479640930891037,0.4946107784431136,0
0.3198099136352539,0.36295681063122925,1
0.5592271089553833,0.5373134328358212,0
0.3645245432853699,0.42160278745644597,0
0.2721328139305115,0.36295681063122925,0
0.4375579059123993,0.4467741935483871,1
0.4513290822505951,0.4467741935483871,0
0.4408354163169861,0.4467741935483871,1
0.2802627384662628,0.36295681063122925,1
0.4148757755756378,0.4467741935483871,1
0.2845534384250641,0.36295681063122925,0
0.38874056935310364,0.4467741935483871,0
0.5345063805580139,0.5373134328358212,0
0.3999156355857849,0.4467741935483871,1
0.5619925856590271,0.5794392523364486,0
0.8855069875717163,0.872,1
0.7225754857063293,0.7052238805970149,1
0.4829292297363281,0.4946107784431136,1
0.6138501763343811,0.5822532402791626,1
0.4689304232597351,0.47019867549668876,0
0.6885620355606079,0.65,0
0.9607293009757996,1.0,1
0.6136544346809387,0.5822532402791626,1
0.45873481035232544,0.4467741935483871,1
0.6527849435806274,0.6484375,1
0.8684530854225159,0.872,0
0.39036375284194946,0.4467741935483871,1
0.5458577275276184,0.5373134328358212,1
0.6272534728050232,0.5822532402791626,1
0.5211807489395142,0.4946107784431136,1
0.10205068439245224,0.36295681063122925,0
0.5231912732124329,0.4946107784431136,0
0.8615850806236267,0.872,1
0.5905198454856873,0.5822532402791626,1
0.78598552942276,0.8159722222222222,1
0.9483163356781006,0.9757575757575757,1
0.5051514506340027,0.4946107784431136,0
0.6348813772201538,0.5822532402791626,1
0.6397630572319031,0.6,0
0.37502557039260864,0.42160278745644597,0
0.6839852929115295,0.6492307692307693,1
0.7212891578674316,0.7052238805970149,1
0.8693485260009766,0.872,1
0.9010761380195618,0.9757575757575757,1
0.47714748978614807,0.47368421052631576,0
0.7613881826400757,0.7515151515151515,1
0.5663323998451233,0.5794392523364486,0
0.5561482310295105,0.5373134328358212,0
0.55703204870224,0.5373134328358212,1
0.9752964973449707,1.0,1
0.7376570701599121,0.7515151515151515,0
0.5653550624847412,0.5794392523364486,1
0.5336001515388489,0.5,1
0.1728605329990387,0.36295681063122925,0
0.7296227216720581,0.7515151515151515,1
0.48683324456214905,0.4946107784431136,1
0.5892471075057983,0.5822532402791626,0
0.5353455543518066,0.5373134328358212,1
0.36050945520401,0.41509433962264153,0
0.2780560851097107,0.36295681063122925,0
0.22445090115070343,0.36295681063122925,0
0.2938832640647888,0.36295681063122925,1
0.18481479585170746,0.36295681063122925,0
0.2937360107898712,0.36295681063122925,0
0.9008036851882935,0.9757575757575757,1
0.5592342615127563,0.5373134328358212,1
0.6964888572692871,0.6804123711340206,1
0.5547168254852295,0.5373134328358212,1
0.6764103770256042,0.6492307692307693,0
0.4763135313987732,0.47019867549668876,1
0.43665605783462524,0.4467741935483871,0
0.5044515132904053,0.4946107784431136,0
0.3040049970149994,0.36295681063122925,0
0.1671593189239502,0.36295681063122925,0
0.11480945348739624,0.36295681063122925,0
0.7705429196357727,0.8159722222222222,1
0.6706336140632629,0.6492307692307693,0
0.345820814371109,0.36295681063122925,1
0.2759435772895813,0.36295681063122925,0
0.9116201996803284,0.9757575757575757,1
0.5787535309791565,0.5822532402791626,0
0.9927018880844116,1.0,1
0.674358069896698,0.6492307692307693,0
0.9185556173324585,0.9757575757575757,1
0.3057737350463867,0.36295681063122925,0
0.602594792842865,0.5822532402791626,1
0.5000787973403931,0.4946107784431136,1
0.39827218651771545,0.4467741935483871,1
0.568512499332428,0.5822532402791626,1
0.5916817784309387,0.5822532402791626,0
0.46533671021461487,0.4467741935483871,0
0.39999088644981384,0.4467741935483871,1
0.3323555290699005,0.36295681063122925,0
0.4358048141002655,0.4467741935483871,1
0.5663016438484192,0.5794392523364486,0
0.5426797270774841,0.5373134328358212,0
0.47081664204597473,0.47019867549668876,0
0.5172116756439209,0.4946107784431136,1
0.41656070947647095,0.4467741935483871,1
0.4009056091308594,0.4467741935483871,0
0.3586876392364502,0.41509433962264153,1
0.37095966935157776,0.42160278745644597,0
0.46582576632499695,0.4467741935483871,0
0.9094623923301697,0.9757575757575757,1
0.6714808940887451,0.6492307692307693,1
0.1384705901145935,0.36295681063122925,1
0.3492262661457062,0.36295681063122925,0
0.6687267422676086,0.6492307692307693,0
0.8488615155220032,0.8680555555555556,1
0.6312285661697388,0.5822532402791626,0
0.5452379584312439,0.5373134328358212,0
0.6432020664215088,0.6484375,0
0.4013887643814087,0.4467741935483871,1
0.5651757121086121,0.5794392523364486,0
0.7405589818954468,0.7515151515151515,1
0.5001943707466125,0.4946107784431136,0
0.5044031143188477,0.4946107784431136,0
0.5630383491516113,0.5794392523364486,0
0.5464546084403992,0.5373134328358212,1
0.044844359159469604,0.36295681063122925,0
0.08179152756929398,0.36295681063122925,0
0.5974074006080627,0.5822532402791626,1
0.4081399142742157,0.4467741935483871,0
0.9225307106971741,0.9757575757575757,0
0.5719895958900452,0.5822532402791626,0
0.5473815202713013,0.5373134328358212,0
0.6488037109375,0.6484375,1
0.44869521260261536,0.4467741935483871,1
0.5594022870063782,0.5373134328358212,1
0.6010997295379639,0.5822532402791626,0
0.40432506799697876,0.4467741935483871,0
0.8877140283584595,0.872,1
0.8396499752998352,0.8680555555555556,1
0.48723408579826355,0.4946107784431136,0
0.5912076234817505,0.5822532402791626,0
0.44893109798431396,0.4467741935483871,0
0.8661572337150574,0.872,1
0.7549471855163574,0.7515151515151515,1
0.47825324535369873,0.4946107784431136,1
0.5641362071037292,0.5794392523364486,1
0.5016895532608032,0.4946107784431136,0
0.5930339694023132,0.5822532402791626,1
0.7698886394500732,0.8159722222222222,1
0.4375643730163574,0.4467741935483871,0
0.6062803864479065,0.5822532402791626,1
0.46992790699005127,0.47019867549668876,0
0.6319223642349243,0.5822532402791626,0
0.4942797124385834,0.4946107784431136,0
0.5811865329742432,0.5822532402791626,1
0.5701020956039429,0.5822532402791626,0
0.7415521144866943,0.7515151515151515,1
0.5510490536689758,0.5373134328358212,1
0.5091608762741089,0.4946107784431136,0
0.9132314324378967,0.9757575757575757,1
0.7326645255088806,0.7515151515151515,1
0.3704878091812134,0.42160278745644597,1
0.44495031237602234,0.4467741935483871,1
0.7171005010604858,0.7052238805970149,1
0.7414342761039734,0.7515151515151515,0
0.33619341254234314,0.36295681063122925,1
0.38018032908439636,0.42160278745644597,0
0.4512360990047455,0.4467741935483871,0
0.43569281697273254,0.4467741935483871,0
0.49747389554977417,0.4946107784431136,1
0.3338228762149811,0.36295681063122925,0
0.29811912775039673,0.36295681063122925,1
0.2568889856338501,0.36295681063122925,0
0.39054855704307556,0.4467741935483871,1
0.6292978525161743,0.5822532402791626,0
0.25128912925720215,0.36295681063122925,1
0.6918825507164001,0.6804123711340206,1
0.3529547452926636,0.4024390243902439,1
0.9241172671318054,0.9757575757575757,1
0.6295074820518494,0.5822532402791626,0
0.3880741000175476,0.4467741935483871,0
0.36863693594932556,0.42160278745644597,0
0.5532962679862976,0.5373134328358212,0
0.2903088629245758,0.36295681063122925,1
0.5223950147628784,0.4946107784431136,0
0.5749821066856384,0.5822532402791626,0
0.47098222374916077,0.47019867549668876,0
0.06767092645168304,0.36295681063122925,0
0.19407732784748077,0.36295681063122925,0
0.7315003275871277,0.7515151515151515,1
0.8570718765258789,0.8680555555555556,0
0.38211265206336975,0.4467741935483871,1
0.6832779049873352,0.6492307692307693,1
0.8106368780136108,0.8159722222222222,0
0.4677685797214508,0.4467741935483871,1
0.59276282787323,0.5822532402791626,1
0.8280081152915955,0.8680555555555556,1
0.4446461498737335,0.4467741935483871,1
0.5769323706626892,0.5822532402791626,1
0.3797866106033325,0.42160278745644597,0
0.572840690612793,0.5822532402791626,1
0.3064861595630646,0.36295681063122925,0
0.8358018398284912,0.8680555555555556,1
0.6226909160614014,0.5822532402791626,0
0.14078009128570557,0.36295681063122925,0
0.32818809151649475,0.36295681063122925,1
0.3033577799797058,0.36295681063122925,0
0.7895538806915283,0.8159722222222222,1
0.3669827878475189,0.42160278745644597,1
0.42034900188446045,0.4467741935483871,0
0.8245413899421692,0.8571428571428571,0
0.5966762900352478,0.5822532402791626,1
0.302045613527298,0.36295681063122925,0
0.6896916031837463,0.65,1
0.46067044138908386,0.4467741935483871,0
0.46747973561286926,0.4467741935483871,1
0.5292735695838928,0.4946107784431136,1
0.36251944303512573,0.42160278745644597,0
0.8881122469902039,0.872,0
0.5890690684318542,0.5822532402791626,0
0.3286041021347046,0.36295681063122925,0
0.19921422004699707,0.36295681063122925,0
0.7455123662948608,0.7515151515151515,1
0.3111947774887085,0.36295681063122925,0
0.20366564393043518,0.36295681063122925,0
0.19218391180038452,0.36295681063122925,1
0.13952961564064026,0.36295681063122925,0
0.18063245713710785,0.36295681063122925,0
0.4857295751571655,0.4946107784431136,0
0.9954447746276855,1.0,1
0.7875004410743713,0.8159722222222222,1
0.7211147546768188,0.7052238805970149,0
0.89069664478302,0.872,0
0.7563108205795288,0.7515151515151515,0
0.13936413824558258,0.36295681063122925,0
0.33806222677230835,0.36295681063122925,0
0.4252741038799286,0.4467741935483871,0
0.7060418725013733,0.7052238805970149,1
0.5008326172828674,0.4946107784431136,0
0.7263166904449463,0.7052238805970149,1
0.6278213262557983,0.5822532402791626,1
0.5631114840507507,0.5794392523364486,1
0.6787023544311523,0.6492307692307693,1
0.6385837197303772,0.6,1
0.6756373047828674,0.6492307692307693,1
0.4655531346797943,0.4467741935483871,1
0.5667048692703247,0.5822532402791626,1
0.39425522089004517,0.4467741935483871,1
0.5142678022384644,0.4946107784431136,1
0.48549848794937134,0.4946107784431136,1
0.6063201427459717,0.5822532402791626,0
0.4156794250011444,0.4467741935483871,0
0.6512410044670105,0.6484375,0
0.635518491268158,0.5822532402791626,1
0.48663395643234253,0.4946107784431136,0
0.2937650978565216,0.36295681063122925,1
0.6175497770309448,0.5822532402791626,1
0.3216627240180969,0.36295681063122925,0
0.2504095733165741,0.36295681063122925,0
0.055987320840358734,0.36295681063122925,0
0.09166093915700912,0.36295681063122925,0
0.2136138677597046,0.36295681063122925,0
0.3529893159866333,0.4024390243902439,1
0.12527932226657867,0.36295681063122925,0
0.16575120389461517,0.36295681063122925,0
0.13326136767864227,0.36295681063122925,0
0.9460912346839905,0.9757575757575757,1
0.7373446822166443,0.7515151515151515,1
0.4173325002193451,0.4467741935483871,1
0.7262007594108582,0.7052238805970149,1
0.7917263507843018,0.8159722222222222,1
0.4997923672199249,0.4946107784431136,0
0.49730828404426575,0.4946107784431136,1
0.4401020407676697,0.4467741935483871,1
0.5252270698547363,0.4946107784431136,0
0.37188300490379333,0.42160278745644597,1
0.3207414448261261,0.36295681063122925,0
0.464903324842453,0.4467741935483871,1
0.20639044046401978,0.36295681063122925,0
0.46301794052124023,0.4467741935483871,0
0.39770203828811646,0.4467741935483871,0
0.5264853239059448,0.4946107784431136,0
0.13728643953800201,0.36295681063122925,0
0.2045903503894806,0.36295681063122925,0
0.16773079335689545,0.36295681063122925,0
0.15370486676692963,0.36295681063122925,0
0.9840182662010193,1.0,1
0.8884600400924683,0.872,1
0.5828496813774109,0.5822532402791626,0
0.7012550234794617,0.7052238805970149,0
0.43882128596305847,0.4467741935483871,1
0.674447238445282,0.6492307692307693,1
0.8603253364562988,0.872,1
0.8324129581451416,0.8680555555555556,0
0.46962830424308777,0.47019867549668876,0
0.5716460347175598,0.5822532402791626,0
0.8777998089790344,0.872,1
0.4806192219257355,0.4946107784431136,0
0.8755218982696533,0.872,1
0.5294718146324158,0.4946107784431136,0
0.7891668081283569,0.8159722222222222,1
0.5427910089492798,0.5373134328358212,0
0.5075235962867737,0.4946107784431136,1
0.39641299843788147,0.4467741935483871,0
0.4962525963783264,0.4946107784431136,0
0.31242769956588745,0.36295681063122925,0
0.29772937297821045,0.36295681063122925,1
0.8045409321784973,0.8159722222222222,1
0.7498213052749634,0.7515151515151515,0
0.5999418497085571,0.5822532402791626,1
0.4845268726348877,0.4946107784431136,1
0.31391844153404236,0.36295681063122925,0
0.39729630947113037,0.4467741935483871,1
0.4309031069278717,0.4467741935483871,1
0.35114791989326477,0.4024390243902439,1
0.4874783754348755,0.4946107784431136,1
0.5771276354789734,0.5822532402791626,1
0.5259340405464172,0.4946107784431136,1
0.24413944780826569,0.36295681063122925,0
0.35472720861434937,0.4024390243902439,0
0.4369642436504364,0.4467741935483871,0
0.9672154188156128,1.0,1
0.609754741191864,0.5822532402791626,0
0.6005676984786987,0.5822532402791626,1
0.5886770486831665,0.5822532402791626,1
0.6108776330947876,0.5822532402791626,1
0.922992467880249,0.9757575757575757,1
0.6807004809379578,0.6492307692307693,0
0.5395457744598389,0.5373134328358212,1
0.7879000306129456,0.8159722222222222,1
0.5536657571792603,0.5373134328358212,0
0.6982733011245728,0.6804123711340206,0
0.5407156348228455,0.5373134328358212,0
0.6459420919418335,0.6484375,1
0.794597864151001,0.8159722222222222,0
0.09462196379899979,0.36295681063122925,0
0.12472327053546906,0.36295681063122925,0
0.18232017755508423,0.36295681063122925,1
0.5758412480354309,0.5822532402791626,1
0.641811192035675,0.6484375,1
0.5687831044197083,0.5822532402791626,1
0.7029827833175659,0.7052238805970149,0
0.7462220191955566,0.7515151515151515,1
0.4933840334415436,0.4946107784431136,0
0.4490217864513397,0.4467741935483871,0
0.066999152302742,0.36295681063122925,0
0.24684861302375793,0.36295681063122925,0
0.575448751449585,0.5822532402791626,0
0.5881662368774414,0.5822532402791626,1
0.4480088949203491,0.4467741935483871,1
0.7432988882064819,0.7515151515151515,1
0.44975021481513977,0.4467741935483871,0
0.6460062265396118,0.6484375,1
0.3962235748767853,0.4467741935483871,1
0.3538547456264496,0.4024390243902439,0
0.3372398912906647,0.36295681063122925,0
0.3623941242694855,0.42160278745644597,0
0.3852444291114807,0.4467741935483871,1
0.516738772392273,0.4946107784431136,0
0.638858437538147,0.6,1
0.4171156585216522,0.4467741935483871,1
0.6517804861068726,0.6484375,1
0.5098553895950317,0.4946107784431136,1
0.49425792694091797,0.4946107784431136,0
0.4806877076625824,0.4946107784431136,1
0.34564507007598877,0.36295681063122925,0
0.5592411756515503,0.5373134328358212,1
0.5575330853462219,0.5373134328358212,1
0.47550681233406067,0.47019867549668876,1
0.2817015051841736,0.36295681063122925,0
0.3876081705093384,0.4467741935483871,1
0.4888407588005066,0.4946107784431136,1
0.38453608751296997,0.4467741935483871,0
0.459301233291626,0.4467741935483871,1
0.3740249574184418,0.42160278745644597,0
0.3223459720611572,0.36295681063122925,0
0.7028943300247192,0.7052238805970149,1
0.23154078423976898,0.36295681063122925,1
0.17827486991882324,0.36295681063122925,0
0.20292706787586212,0.36295681063122925,0
0.49342986941337585,0.4946107784431136,1
0.32218337059020996,0.36295681063122925,0
0.21461257338523865,0.36295681063122925,0
0.7216825485229492,0.7052238805970149,1
0.405997097492218,0.4467741935483871,0
0.5392239093780518,0.5373134328358212,1
0.6179700493812561,0.5822532402791626,1
0.2816615104675293,0.36295681063122925,0
0.7323106527328491,0.7515151515151515,1
0.4534505307674408,0.4467741935483871,1
0.6062759757041931,0.5822532402791626,1
0.6417120695114136,0.6484375,1
0.6279573440551758,0.5822532402791626,1
0.5634593367576599,0.5794392523364486,1
0.5013429522514343,0.4946107784431136,1
0.8314650058746338,0.8680555555555556,1
0.6225889325141907,0.5822532402791626,1
0.23692868649959564,0.36295681063122925,0
0.5192115306854248,0.4946107784431136,0
0.8148177862167358,0.8159722222222222,0
0.3659347593784332,0.42160278745644597,0
0.37700363993644714,0.42160278745644597,1
0.6518115997314453,0.6484375,0
0.16474023461341858,0.36295681063122925,0
0.09368421882390976,0.36295681063122925,0
0.09432321041822433,0.36295681063122925,0
0.592654287815094,0.5822532402791626,0
0.866753339767456,0.872,1
0.46344414353370667,0.4467741935483871,0
0.9086073040962219,0.9757575757575757,1
0.5589448809623718,0.5373134328358212,0
0.6614370942115784,0.6492307692307693,1
0.6830617785453796,0.6492307692307693,0
0.44557440280914307,0.4467741935483871,0
0.7480407953262329,0.7515151515151515,0
0.5067672729492188,0.4946107784431136,0
0.5087555050849915,0.4946107784431136,0
0.5552549958229065,0.5373134328358212,1
0.47344285249710083,0.47019867549668876,0
0.9037595987319946,0.9757575757575757,1
0.8101571798324585,0.8159722222222222,1
0.8497041463851929,0.8680555555555556,1
0.5146764516830444,0.4946107784431136,1
0.5526729822158813,0.5373134328358212,0
0.6406930088996887,0.6484375,1
0.6017870903015137,0.5822532402791626,1
0.4622066020965576,0.4467741935483871,1
0.535344660282135,0.5373134328358212,1
0.8990827798843384,0.9757575757575757,1
0.5613714456558228,0.5794392523364486,1
0.5160576701164246,0.4946107784431136,0
0.6184471249580383,0.5822532402791626,1
0.3406837284564972,0.36295681063122925,1
0.027801118791103363,0.36295681063122925,0
0.502100944519043,0.4946107784431136,0
0.2195066511631012,0.36295681063122925,0
0.33902284502983093,0.36295681063122925,0
0.8310200572013855,0.8680555555555556,1
0.5022522211074829,0.4946107784431136,0
0.29665055871009827,0.36295681063122925,0
0.22433216869831085,0.36295681063122925,0
0.762237548828125,0.7515151515151515,1
0.3776159882545471,0.42160278745644597,0
0.30361324548721313,0.36295681063122925,0
0.6367135643959045,0.5822532402791626,0
0.6700905561447144,0.6492307692307693,1
0.47658461332321167,0.47019867549668876,1
0.4812236428260803,0.4946107784431136,1
0.4007306694984436,0.4467741935483871,1
0.18516482412815094,0.36295681063122925,0
0.4156653881072998,0.4467741935483871,1
0.46184322237968445,0.4467741935483871,1
0.08910080045461655,0.36295681063122925,0
0.22608624398708344,0.36295681063122925,0
0.5590644478797913,0.5373134328358212,1
0.35453468561172485,0.4024390243902439,0
0.2894189953804016,0.36295681063122925,0
0.25786280632019043,0.36295681063122925,0
0.3305588364601135,0.36295681063122925,0
0.2985721528530121,0.36295681063122925,0
0.47889575362205505,0.4946107784431136,0
0.4281967878341675,0.4467741935483871,1
0.16580809652805328,0.36295681063122925,0
0.524345338344574,0.4946107784431136,0
0.6089991927146912,0.5822532402791626,0
0.6402353644371033,0.6484375,1
0.5147293210029602,0.4946107784431136,1
0.48812931776046753,0.4946107784431136,0
0.9746106266975403,1.0,1
0.4532475173473358,0.4467741935483871,0
0.8190426826477051,0.8571428571428571,1
0.362554669380188,0.42160278745644597,1
0.3665960729122162,0.42160278745644597,0
0.2607329189777374,0.36295681063122925,1
0.08389844745397568,0.36295681063122925,0
0.2859744131565094,0.36295681063122925,1
0.25104984641075134,0.36295681063122925,1
0.04692020267248154,0.36295681063122925,0
0.21187569200992584,0.36295681063122925,1
0.28076159954071045,0.36295681063122925,1
0.4110567569732666,0.4467741935483871,1
0.129695326089859,0.36295681063122925,0
0.4127027690410614,0.4467741935483871,1
0.28865453600883484,0.36295681063122925,0
0.25900325179100037,0.36295681063122925,0
0.2644674479961395,0.36295681063122925,1
0.20290842652320862,0.36295681063122925,0
0.34026864171028137,0.36295681063122925,0
0.2938031554222107,0.36295681063122925,1
0.34569770097732544,0.36295681063122925,1
0.7449182868003845,0.7515151515151515,1
0.3263193964958191,0.36295681063122925,0
0.14387138187885284,0.36295681063122925,0
0.4941379129886627,0.4946107784431136,0
0.5755541920661926,0.5822532402791626,1
0.3898293972015381,0.4467741935483871,1
0.5204580426216125,0.4946107784431136,0
0.47535625100135803,0.47019867549668876,1
0.1718246191740036,0.36295681063122925,1
0.24691158533096313,0.36295681063122925,1
0.1325911283493042,0.36295681063122925,0
0.14067476987838745,0.36295681063122925,0
0.7248882055282593,0.7052238805970149,1
0.5776238441467285,0.5822532402791626,1
0.2043149471282959,0.36295681063122925,0
0.9620726704597473,1.0,1
0.7053187489509583,0.7052238805970149,1
0.3310267925262451,0.36295681063122925,0
0.24813002347946167,0.36295681063122925,0
0.6023655533790588,0.5822532402791626,1
0.48016729950904846,0.4946107784431136,1
0.6676731705665588,0.6492307692307693,1
0.43483901023864746,0.4467741935483871,0
0.7437042593955994,0.7515151515151515,0
0.4320424199104309,0.4467741935483871,0
0.6480616927146912,0.6484375,1
0.3681359589099884,0.42160278745644597,1
0.6476947069168091,0.6484375,0
0.043574340641498566,0.36295681063122925,0
0.09418186545372009,0.36295681063122925,0
0.24984532594680786,0.36295681063122925,0
0.06007255241274834,0.36295681063122925,0
0.8654206395149231,0.872,1
0.24870893359184265,0.36295681063122925,0
0.14330588281154633,0.36295681063122925,0
0.28394925594329834,0.36295681063122925,0
0.3336854577064514,0.36295681063122925,0
0.6040258407592773,0.5822532402791626,0
0.8096954226493835,0.8159722222222222,1
0.5893979072570801,0.5822532402791626,0
0.5783498287200928,0.5822532402791626,1
0.6343082189559937,0.5822532402791626,1
0.5251770615577698,0.4946107784431136,0
0.7670181393623352,0.7515151515151515,0
0.8649047017097473,0.872,1
0.4099671244621277,0.4467741935483871,1
0.5703687071800232,0.5822532402791626,1
0.436714231967926,0.4467741935483871,0
0.26315072178840637,0.36295681063122925,0
0.6025790572166443,0.5822532402791626,0
0.3961279094219208,0.4467741935483871,1
0.30487674474716187,0.36295681063122925,0
0.3191508948802948,0.36295681063122925,0
0.26051539182662964,0.36295681063122925,1
0.28849655389785767,0.36295681063122925,0
0.39647164940834045,0.4467741935483871,1
0.3794606029987335,0.42160278745644597,0
0.4555361866950989,0.4467741935483871,1
0.715713381767273,0.7052238805970149,1
0.32064327597618103,0.36295681063122925,1
0.4491581916809082,0.4467741935483871,1
0.38471531867980957,0.4467741935483871,1
0.41949373483657837,0.4467741935483871,0
0.2865636646747589,0.36295681063122925,0
0.6954463124275208,0.6804123711340206,1
0.7817078828811646,0.8159722222222222,1
0.33357495069503784,0.36295681063122925,0
0.6225205659866333,0.5822532402791626,1
0.2705093026161194,0.36295681063122925,0
0.6461449861526489,0.6484375,0
0.9770700931549072,1.0,1
0.8951069712638855,0.9545454545454546,1
0.42904672026634216,0.4467741935483871,0
0.5021451115608215,0.4946107784431136,0
0.5094989538192749,0.4946107784431136,1
0.6171343922615051,0.5822532402791626,0
0.18677064776420593,0.36295681063122925,0
0.3327547311782837,0.36295681063122925,0
0.6091282367706299,0.5822532402791626,0
0.6572325229644775,0.6484375,0
0.7137115001678467,0.7052238805970149,0
0.3459908366203308,0.36295681063122925,0
0.22340691089630127,0.36295681063122925,0
0.16276507079601288,0.36295681063122925,0
0.5687882304191589,0.5822532402791626,1
0.5616102814674377,0.5794392523364486,0
0.9309937357902527,0.9757575757575757,1
0.49037638306617737,0.4946107784431136,0
0.793085515499115,0.8159722222222222,0
0.3141702115535736,0.36295681063122925,0
0.2519051134586334,0.36295681063122925,0
0.22367049753665924,0.36295681063122925,0
0.9390764832496643,0.9757575757575757,1
0.6375923156738281,0.6,1
0.513080358505249,0.4946107784431136,1
0.5193818807601929,0.4946107784431136,1
0.7575994729995728,0.7515151515151515,0
0.8019126653671265,0.8159722222222222,1
0.3358966112136841,0.36295681063122925,0
0.37880799174308777,0.42160278745644597,0
0.4369516372680664,0.4467741935483871,1
0.476938933134079,0.47019867549668876,0
0.5080559253692627,0.4946107784431136,1
0.35123056173324585,0.4024390243902439,1
0.4237751066684723,0.4467741935483871,0
0.34578657150268555,0.36295681063122925,1
0.30822834372520447,0.36295681063122925,1
0.4751856029033661,0.47019867549668876,1
0.14353275299072266,0.36295681063122925,0
0.28650009632110596,0.36295681063122925,0
0.4234757721424103,0.4467741935483871,0
0.30795931816101074,0.36295681063122925,1
0.1893816590309143,0.36295681063122925,0
0.47826361656188965,0.4946107784431136,0
0.576363742351532,0.5822532402791626,1
0.4637596011161804,0.4467741935483871,0
0.5248501300811768,0.4946107784431136,0
0.22829066216945648,0.36295681063122925,0
0.26773354411125183,0.36295681063122925,0
0.1549054980278015,0.36295681063122925,0
0.10248534381389618,0.36295681063122925,0
0.8020969033241272,0.8159722222222222,1
0.7297484874725342,0.7515151515151515,1
0.5814427137374878,0.5822532402791626,1
0.6427087187767029,0.6484375,1
0.5827189087867737,0.5822532402791626,1
0.6086925268173218,0.5822532402791626,1
0.5815889239311218,0.5822532402791626,0
0.6615535616874695,0.6492307692307693,1
0.6322723031044006,0.5822532402791626,1
0.822436511516571,0.8571428571428571,1
0.5153324604034424,0.4946107784431136,0
0.8711034059524536,0.872,1
0.3022994101047516,0.36295681063122925,0
0.5207623243331909,0.4946107784431136,0
0.5369629859924316,0.5373134328358212,1
0.767859935760498,0.8,1
0.6244745850563049,0.5822532402791626,1
0.5408206582069397,0.5373134328358212,1
0.6193206906318665,0.5822532402791626,1
0.5469954013824463,0.5373134328358212,1
0.3308737277984619,0.36295681063122925,0
0.6975734829902649,0.6804123711340206,1
0.6687148809432983,0.6492307692307693,1
0.406786173582077,0.4467741935483871,0
0.6104528903961182,0.5822532402791626,1
0.43028467893600464,0.4467741935483871,0
0.6043816208839417,0.5822532402791626,0
0.4825645089149475,0.4946107784431136,1
0.2796945571899414,0.36295681063122925,0
0.6039227247238159,0.5822532402791626,1
0.5070862174034119,0.4946107784431136,0
0.638939380645752,0.6,1
0.5761470794677734,0.5822532402791626,1
0.37027040123939514,0.42160278745644597,1
0.269062876701355,0.36295681063122925,0
0.19987347722053528,0.36295681063122925,0
0.3078046143054962,0.36295681063122925,0
0.5493002533912659,0.5373134328358212,0
0.18800438940525055,0.36295681063122925,1
0.6034674644470215,0.5822532402791626,0
0.5771364569664001,0.5822532402791626,0
0.12775537371635437,0.36295681063122925,0
0.4309253394603729,0.4467741935483871,1
0.17054182291030884,0.36295681063122925,0
0.32417067885398865,0.36295681063122925,1
0.21119500696659088,0.36295681063122925,0
0.11306654661893845,0.36295681063122925,0
0.14862123131752014,0.36295681063122925,0
0.10919249802827835,0.36295681063122925,0
0.7681493759155273,0.8,1
0.29520100355148315,0.36295681063122925,1
0.2391543835401535,0.36295681063122925,1
0.4003399908542633,0.4467741935483871,1
0.36500152945518494,0.42160278745644597,1
0.397126168012619,0.4467741935483871,1
0.3519551157951355,0.4024390243902439,1
0.286773145198822,0.36295681063122925,1
0.3688362240791321,0.42160278745644597,0
0.25817883014678955,0.36295681063122925,1
0.3421119451522827,0.36295681063122925,0
0.42542168498039246,0.4467741935483871,0
0.22065472602844238,0.36295681063122925,0
0.21495039761066437,0.36295681063122925,0
0.563247799873352,0.5794392523364486,0
0.47197940945625305,0.47019867549668876,1
0.22475509345531464,0.36295681063122925,0
0.3454444110393524,0.36295681063122925,0
0.310992956161499,0.36295681063122925,0
0.3874451816082001,0.4467741935483871,1
0.13021539151668549,0.36295681063122925,0
0.6797407269477844,0.6492307692307693,0
0.4189424216747284,0.4467741935483871,1
0.5123410224914551,0.4946107784431136,0
0.2429182380437851,0.36295681063122925,0
0.6169593930244446,0.5822532402791626,0
0.6594886183738708,0.6484375,0
0.19670411944389343,0.36295681063122925,1
0.6020127534866333,0.5822532402791626,0
0.4633235037326813,0.4467741935483871,1
0.09792402386665344,0.36295681063122925,0
0.9318949580192566,0.9757575757575757,1
0.056248217821121216,0.36295681063122925,0
0.3490648567676544,0.36295681063122925,0
0.7636184692382812,0.7515151515151515,1
0.7322928309440613,0.7515151515151515,1
0.7634581327438354,0.7515151515151515,1
0.5939952731132507,0.5822532402791626,0
0.6375293135643005,0.6,1
0.6137867569923401,0.5822532402791626,0
0.6928786039352417,0.6804123711340206,0
0.30243322253227234,0.36295681063122925,0
0.6495294570922852,0.6484375,0
0.5459949374198914,0.5373134328358212,1
0.782565712928772,0.8159722222222222,1
0.5968061685562134,0.5822532402791626,1
0.5308310985565186,0.4946107784431136,1
0.5019239783287048,0.4946107784431136,0
0.818740963935852,0.8571428571428571,1
0.7888069152832031,0.8159722222222222,1
0.8369277715682983,0.8680555555555556,1
0.5932362079620361,0.5822532402791626,0
0.9557409286499023,0.9757575757575757,1
0.5584191083908081,0.5373134328358212,1
0.50608229637146,0.4946107784431136,1
0.3226300776004791,0.36295681063122925,0
0.5499075651168823,0.5373134328358212,0
0.7901272773742676,0.8159722222222222,1
0.5607954859733582,0.5794392523364486,1
0.678403913974762,0.6492307692307693,1
0.5820571184158325,0.5822532402791626,0
0.4835793375968933,0.4946107784431136,0
0.3814203441143036,0.4467741935483871,1
0.5093635320663452,0.4946107784431136,0
0.3623717427253723,0.42160278745644597,0
0.08638639748096466,0.36295681063122925,0
0.676533579826355,0.6492307692307693,1
0.7174431681632996,0.7052238805970149,0
0.33480575680732727,0.36295681063122925,0
0.8163774609565735,0.8571428571428571,1
0.49210160970687866,0.4946107784431136,0
0.2848530113697052,0.36295681063122925,1
0.5899006724357605,0.5822532402791626,0
0.8607915043830872,0.872,1
0.387585312128067,0.4467741935483871,0
0.5613636374473572,0.5794392523364486,0
0.6454472541809082,0.6484375,0
0.7901477217674255,0.8159722222222222,1
0.6614716649055481,0.6492307692307693,1
0.4641300141811371,0.4467741935483871,0
0.7931784987449646,0.8159722222222222,1
0.2613174021244049,0.36295681063122925,1
0.6982170939445496,0.6804123711340206,0
0.41444382071495056,0.4467741935483871,0
0.25476783514022827,0.36295681063122925,0
0.8071736097335815,0.8159722222222222,0
0.6186519861221313,0.5822532402791626,0
0.4745663106441498,0.47019867549668876,1
0.7563836574554443,0.7515151515151515,1
0.7485479116439819,0.7515151515151515,1
0.7263789772987366,0.7052238805970149,0
0.5911259651184082,0.5822532402791626,1
0.5515478253364563,0.5373134328358212,0
0.5638299584388733,0.5794392523364486,1
0.379709392786026,0.42160278745644597,0
0.5524507164955139,0.5373134328358212,0
0.7098724842071533,0.7052238805970149,1
0.8601630926132202,0.872,1
0.9222151041030884,0.9757575757575757,1
0.5837072134017944,0.5822532402791626,1
0.7375496029853821,0.7515151515151515,1
0.770915687084198,0.8159722222222222,1
0.5114873647689819,0.4946107784431136,1
0.7511973977088928,0.7515151515151515,1
0.7202765941619873,0.7052238805970149,0
0.44899049401283264,0.4467741935483871,1
0.5764777660369873,0.5822532402791626,0
0.42072755098342896,0.4467741935483871,0
0.5422302484512329,0.5373134328358212,0
0.8984513282775879,0.9757575757575757,1
0.4715576171875,0.47019867549668876,1
0.3941285312175751,0.4467741935483871,0
0.3804226815700531,0.42160278745644597,1
0.48315513134002686,0.4946107784431136,1
0.39166635274887085,0.4467741935483871,0
0.45994675159454346,0.4467741935483871,1
0.6848064661026001,0.6492307692307693,1
0.2836972773075104,0.36295681063122925,0
0.496344655752182,0.4946107784431136,1
0.3311837315559387,0.36295681063122925,1
0.41079315543174744,0.4467741935483871,0
0.39484846591949463,0.4467741935483871,1
0.4804110825061798,0.4946107784431136,1
0.5884105563163757,0.5822532402791626,0
0.7343936562538147,0.7515151515151515,1
0.5034845471382141,0.4946107784431136,0
0.5852277874946594,0.5822532402791626,1
0.4133197069168091,0.4467741935483871,0
0.7036845088005066,0.7052238805970149,1
0.503101646900177,0.4946107784431136,0
0.13037662208080292,0.36295681063122925,0
0.32084593176841736,0.36295681063122925,0
0.7102652192115784,0.7052238805970149,0
0.38150396943092346,0.4467741935483871,0
0.4468217194080353,0.4467741935483871,0
0.18643654882907867,0.36295681063122925,0
0.41782882809638977,0.4467741935483871,0
0.5866363644599915,0.5822532402791626,1
0.6548165082931519,0.6484375,1
0.7093369364738464,0.7052238805970149,0
0.4487724304199219,0.4467741935483871,0
0.8854153156280518,0.872,1
0.28015831112861633,0.36295681063122925,0
0.6599045991897583,0.6484375,0
0.3144863545894623,0.36295681063122925,0
0.7517593502998352,0.7515151515151515,1
0.8347036242485046,0.8680555555555556,1
0.5800955295562744,0.5822532402791626,1
0.7170975208282471,0.7052238805970149,1
0.6455112099647522,0.6484375,1
0.4842399060726166,0.4946107784431136,1
0.6854471564292908,0.6492307692307693,1
0.6908729672431946,0.6804123711340206,1
0.4805040955543518,0.4946107784431136,0
0.5906440615653992,0.5822532402791626,1
0.26923248171806335,0.36295681063122925,0
